Protein_name,aromaticity,instability_index,isoelectric_point,gravy,molecular_weight,mol_weight,num_h_donors,num_h_acceptors,tpsa,logp,num_rotatable_bonds,MaxEStateIndex,MinEStateIndex,SPS,MolWt,HeavyAtomMolWt,ExactMolWt,NumValenceElectrons,FpDensityMorgan1,FpDensityMorgan2,FpDensityMorgan3,AvgIpc,BalabanJ,BertzCT,Chi0,Chi0n,Chi0v,Chi1,Chi1n,Chi1v,Chi2n,Chi2v,Chi3n,Chi3v,Chi4n,Chi4v,HallKierAlpha,Ipc,Kappa1,Kappa2,Kappa3,LabuteASA,PEOE_VSA14,SMR_VSA1,SMR_VSA10,SMR_VSA3,SMR_VSA5,SMR_VSA6,SlogP_VSA1,SlogP_VSA2,SlogP_VSA3,SlogP_VSA5,TPSA,EState_VSA1,EState_VSA10,EState_VSA8,EState_VSA9,VSA_EState1,VSA_EState2,VSA_EState3,VSA_EState7,VSA_EState8,VSA_EState9,HeavyAtomCount,NHOHCount,NOCount,NumHAcceptors,NumHDonors,NumHeteroatoms,NumRotatableBonds,MolLogP,MolMR,fr_Al_OH,fr_Al_OH_noTert,fr_ether,Binding_affinity
pdb8v9q.ent,0.09,45.38782,8.174220467,-0.4172,57382.1683,412.225,8,14,230.69,-6.1268,6,11.41150846,-5.557601927,39.56,412.225,390.049,412.0658946,152,1.12,1.76,2.32,2.708668567,1.930886079,452.7920023,18.99119935,12.70437218,14.70437218,11.39446595,7.210788729,10.59367097,5.614326824,8.864184507,3.672337021,6.299250508,2.537019115,4.491726317,0.3,181258.6831,21.59839957,8.12284233,5.88870225,142.3080839,141.7135416,58.46440908,16.34043675,10.21669833,43.54035908,13.15163837,15.10361181,90.27742995,13.57124149,6.420821623,230.69,60.06685617,35.10634439,14.15116714,14.52368616,13.32945637,49.4838389,41.54735296,-7.787285584,-0.702921012,-10.98155274,25,8,14,14,8,16,6,-6.1268,77.4703,4,4,1,-7.06
pdb8v9q.ent,0.091314031,44.96371938,8.797500801,-0.442761693,52145.3884,412.225,8,14,230.69,-6.1268,6,11.41150846,-5.557601927,39.56,412.225,390.049,412.0658946,152,1.12,1.76,2.32,2.708668567,1.930886079,452.7920023,18.99119935,12.70437218,14.70437218,11.39446595,7.210788729,10.59367097,5.614326824,8.864184507,3.672337021,6.299250508,2.537019115,4.491726317,0.3,181258.6831,21.59839957,8.12284233,5.88870225,142.3080839,141.7135416,58.46440908,16.34043675,10.21669833,43.54035908,13.15163837,15.10361181,90.27742995,13.57124149,6.420821623,230.69,60.06685617,35.10634439,14.15116714,14.52368616,13.32945637,49.4838389,41.54735296,-7.787285584,-0.702921012,-10.98155274,25,8,14,14,8,16,6,-6.1268,77.4703,4,4,1,-6.61
pdb8sfy.ent,0.087677725,30.55971564,6.537359428,-0.098578199,47183.2095,574.366,11,19,309.84,-8.3026,9,12.21890479,-5.886253981,44.05555556,574.366,542.11,574.118718,216,0.861111111,1.5,2.111111111,3.055525205,1.546915006,723.5528683,26.99927104,18.45636767,20.45636767,16.65350342,10.73081892,14.07473585,8.4048342,11.84115329,5.78189322,8.907158822,3.867565033,6.463068116,0.1,41785932.71,30.63878108,12.09103866,7.186870793,204.1016972,203.819624,83.25771717,16.34043675,10.21669833,74.24625136,19.75852033,15.10361181,143.1229022,22.8318516,6.420821623,309.84,97.37963042,55.31933817,18.6749143,14.5802533,23.4629234,45.2772329,80.67692563,-17.94348998,-1.772023168,-11.64601323,36,11,19,19,11,21,9,-8.3026,110.1037,8,8,2,-8.21
pdb8p0q.ent,0.10177706,48.3077706,5.800782967,-0.188691438,70557.8419,412.225,8,14,230.69,-6.1268,6,11.41150846,-5.557601927,39.56,412.225,390.049,412.0658946,152,1.12,1.76,2.32,2.708668567,1.930886079,452.7920023,18.99119935,12.70437218,14.70437218,11.39446595,7.210788729,10.59367097,5.614326824,8.864184507,3.672337021,6.299250508,2.537019115,4.491726317,0.3,181258.6831,21.59839957,8.12284233,5.88870225,142.3080839,141.7135416,58.46440908,16.34043675,10.21669833,43.54035908,13.15163837,15.10361181,90.27742995,13.57124149,6.420821623,230.69,60.06685617,35.10634439,14.15116714,14.52368616,13.32945637,49.4838389,41.54735296,-7.787285584,-0.702921012,-10.98155274,25,8,14,14,8,16,6,-6.1268,77.4703,4,4,1,-7.47
pdb8p0q.ent,0.102106969,48.67554295,5.800782967,-0.182495948,70342.6354,412.225,8,14,230.69,-6.1268,6,11.41150846,-5.557601927,39.56,412.225,390.049,412.0658946,152,1.12,1.76,2.32,2.708668567,1.930886079,452.7920023,18.99119935,12.70437218,14.70437218,11.39446595,7.210788729,10.59367097,5.614326824,8.864184507,3.672337021,6.299250508,2.537019115,4.491726317,0.3,181258.6831,21.59839957,8.12284233,5.88870225,142.3080839,141.7135416,58.46440908,16.34043675,10.21669833,43.54035908,13.15163837,15.10361181,90.27742995,13.57124149,6.420821623,230.69,60.06685617,35.10634439,14.15116714,14.52368616,13.32945637,49.4838389,41.54735296,-7.787285584,-0.702921012,-10.98155274,25,8,14,14,8,16,6,-6.1268,77.4703,4,4,1,-7.18
pdb8p0o.ent,0.101286174,47.74487138,5.802999687,-0.181832797,70785.1021,412.225,8,14,230.69,-6.1268,6,11.41150846,-5.557601927,39.56,412.225,390.049,412.0658946,152,1.12,1.76,2.32,2.708668567,1.930886079,452.7920023,18.99119935,12.70437218,14.70437218,11.39446595,7.210788729,10.59367097,5.614326824,8.864184507,3.672337021,6.299250508,2.537019115,4.491726317,0.3,181258.6831,21.59839957,8.12284233,5.88870225,142.3080839,141.7135416,58.46440908,16.34043675,10.21669833,43.54035908,13.15163837,15.10361181,90.27742995,13.57124149,6.420821623,230.69,60.06685617,35.10634439,14.15116714,14.52368616,13.32945637,49.4838389,41.54735296,-7.787285584,-0.702921012,-10.98155274,25,8,14,14,8,16,6,-6.1268,77.4703,4,4,1,-8.4
pdb8p0o.ent,0.101449275,47.94236715,5.802999687,-0.189371981,70671.9445,412.225,8,14,230.69,-6.1268,6,11.41150846,-5.557601927,39.56,412.225,390.049,412.0658946,152,1.12,1.76,2.32,2.708668567,1.930886079,452.7920023,18.99119935,12.70437218,14.70437218,11.39446595,7.210788729,10.59367097,5.614326824,8.864184507,3.672337021,6.299250508,2.537019115,4.491726317,0.3,181258.6831,21.59839957,8.12284233,5.88870225,142.3080839,141.7135416,58.46440908,16.34043675,10.21669833,43.54035908,13.15163837,15.10361181,90.27742995,13.57124149,6.420821623,230.69,60.06685617,35.10634439,14.15116714,14.52368616,13.32945637,49.4838389,41.54735296,-7.787285584,-0.702921012,-10.98155274,25,8,14,14,8,16,6,-6.1268,77.4703,4,4,1,-8.56
pdb8og4.ent,0.117066291,44.04135402,6.45909214,-0.18899859,81277.427,412.225,8,14,230.69,-6.1268,6,11.41150846,-5.557601927,39.56,412.225,390.049,412.0658946,152,1.12,1.76,2.32,2.708668567,1.930886079,452.7920023,18.99119935,12.70437218,14.70437218,11.39446595,7.210788729,10.59367097,5.614326824,8.864184507,3.672337021,6.299250508,2.537019115,4.491726317,0.3,181258.6831,21.59839957,8.12284233,5.88870225,142.3080839,141.7135416,58.46440908,16.34043675,10.21669833,43.54035908,13.15163837,15.10361181,90.27742995,13.57124149,6.420821623,230.69,60.06685617,35.10634439,14.15116714,14.52368616,13.32945637,49.4838389,41.54735296,-7.787285584,-0.702921012,-10.98155274,25,8,14,14,8,16,6,-6.1268,77.4703,4,4,1,-6.44
pdb8og4.ent,0.118476728,43.76970381,6.564414787,-0.180112835,81295.4868,412.225,8,14,230.69,-6.1268,6,11.41150846,-5.557601927,39.56,412.225,390.049,412.0658946,152,1.12,1.76,2.32,2.708668567,1.930886079,452.7920023,18.99119935,12.70437218,14.70437218,11.39446595,7.210788729,10.59367097,5.614326824,8.864184507,3.672337021,6.299250508,2.537019115,4.491726317,0.3,181258.6831,21.59839957,8.12284233,5.88870225,142.3080839,141.7135416,58.46440908,16.34043675,10.21669833,43.54035908,13.15163837,15.10361181,90.27742995,13.57124149,6.420821623,230.69,60.06685617,35.10634439,14.15116714,14.52368616,13.32945637,49.4838389,41.54735296,-7.787285584,-0.702921012,-10.98155274,25,8,14,14,8,16,6,-6.1268,77.4703,4,4,1,-6.52
pdb8k3w.ent,0.145533141,44.13536023,8.758175087,0.183573487,80074.4608,617.435,12,20,321.87,-8.367,11,12.52019331,-5.898921529,42.43589744,617.435,580.139,617.1609171,234,1,1.641025641,2.230769231,3.096424879,1.593295509,788.7224049,29.28372809,20.53371794,22.53371794,18.04735027,11.88551946,15.22943639,9.282665272,12.71898436,6.247939896,9.373205498,4.341384782,6.944071184,0.06,154682644.9,33.56077002,13.5723819,8.554755203,222.3814436,222.2259254,83.25771717,16.34043675,15.53348694,87.33576417,19.75852033,20.42040041,149.2886778,22.8318516,13.34455882,321.87,103.545406,60.42586557,19.46795574,13.99747307,24.25350732,46.18209235,83.99078265,-16.74896323,-0.542919531,-11.6788535,39,12,20,20,12,22,11,-8.367,122.7014,8,8,2,-7.26
pdb8k3w.ent,0.145533141,44.13536023,8.758175087,0.183573487,80074.4608,617.435,12,20,321.87,-8.367,11,12.52019331,-5.898921529,42.43589744,617.435,580.139,617.1609171,234,1,1.641025641,2.230769231,3.096424879,1.593295509,788.7224049,29.28372809,20.53371794,22.53371794,18.04735027,11.88551946,15.22943639,9.282665272,12.71898436,6.247939896,9.373205498,4.341384782,6.944071184,0.06,154682644.9,33.56077002,13.5723819,8.554755203,222.3814436,222.2259254,83.25771717,16.34043675,15.53348694,87.33576417,19.75852033,20.42040041,149.2886778,22.8318516,13.34455882,321.87,103.545406,60.42586557,19.46795574,13.99747307,24.25350732,46.18209235,83.99078265,-16.74896323,-0.542919531,-11.6788535,39,12,20,20,12,22,11,-8.367,122.7014,8,8,2,-7.23
pdb8k3u.ent,0.150753769,45.55048576,9.049572182,0.318090452,69082.373,412.225,8,14,230.69,-6.1268,6,11.41150846,-5.557601927,39.56,412.225,390.049,412.0658946,152,1.12,1.76,2.32,2.708668567,1.930886079,452.7920023,18.99119935,12.70437218,14.70437218,11.39446595,7.210788729,10.59367097,5.614326824,8.864184507,3.672337021,6.299250508,2.537019115,4.491726317,0.3,181258.6831,21.59839957,8.12284233,5.88870225,142.3080839,141.7135416,58.46440908,16.34043675,10.21669833,43.54035908,13.15163837,15.10361181,90.27742995,13.57124149,6.420821623,230.69,60.06685617,35.10634439,14.15116714,14.52368616,13.32945637,49.4838389,41.54735296,-7.787285584,-0.702921012,-10.98155274,25,8,14,14,8,16,6,-6.1268,77.4703,4,4,1,-6.42
pdb8k3u.ent,0.150753769,45.55048576,9.049572182,0.318090452,69082.373,412.225,8,14,230.69,-6.1268,6,11.41150846,-5.557601927,39.56,412.225,390.049,412.0658946,152,1.12,1.76,2.32,2.708668567,1.930886079,452.7920023,18.99119935,12.70437218,14.70437218,11.39446595,7.210788729,10.59367097,5.614326824,8.864184507,3.672337021,6.299250508,2.537019115,4.491726317,0.3,181258.6831,21.59839957,8.12284233,5.88870225,142.3080839,141.7135416,58.46440908,16.34043675,10.21669833,43.54035908,13.15163837,15.10361181,90.27742995,13.57124149,6.420821623,230.69,60.06685617,35.10634439,14.15116714,14.52368616,13.32945637,49.4838389,41.54735296,-7.787285584,-0.702921012,-10.98155274,25,8,14,14,8,16,6,-6.1268,77.4703,4,4,1,-6.42
pdb8jjt.ent,0.04375,42.0753125,9.036356163,-0.0790625,34155.616,617.435,12,20,321.87,-8.367,11,12.52019331,-5.898921529,42.43589744,617.435,580.139,617.1609171,234,1,1.641025641,2.230769231,3.096424879,1.593295509,788.7224049,29.28372809,20.53371794,22.53371794,18.04735027,11.88551946,15.22943639,9.282665272,12.71898436,6.247939896,9.373205498,4.341384782,6.944071184,0.06,154682644.9,33.56077002,13.5723819,8.554755203,222.3814436,222.2259254,83.25771717,16.34043675,15.53348694,87.33576417,19.75852033,20.42040041,149.2886778,22.8318516,13.34455882,321.87,103.545406,60.42586557,19.46795574,13.99747307,24.25350732,46.18209235,83.99078265,-16.74896323,-0.542919531,-11.6788535,39,12,20,20,12,22,11,-8.367,122.7014,8,8,2,-9
pdb8jjt.ent,0.043613707,41.11090343,9.036356163,-0.069470405,34186.63,617.435,12,20,321.87,-8.367,11,12.52019331,-5.898921529,42.43589744,617.435,580.139,617.1609171,234,1,1.641025641,2.230769231,3.096424879,1.593295509,788.7224049,29.28372809,20.53371794,22.53371794,18.04735027,11.88551946,15.22943639,9.282665272,12.71898436,6.247939896,9.373205498,4.341384782,6.944071184,0.06,154682644.9,33.56077002,13.5723819,8.554755203,222.3814436,222.2259254,83.25771717,16.34043675,15.53348694,87.33576417,19.75852033,20.42040041,149.2886778,22.8318516,13.34455882,321.87,103.545406,60.42586557,19.46795574,13.99747307,24.25350732,46.18209235,83.99078265,-16.74896323,-0.542919531,-11.6788535,39,12,20,20,12,22,11,-8.367,122.7014,8,8,2,-9.13
pdb8jjt.ent,0.043478261,41.27795031,9.20958271,-0.08447205,34372.8417,617.435,12,20,321.87,-8.367,11,12.52019331,-5.898921529,42.43589744,617.435,580.139,617.1609171,234,1,1.641025641,2.230769231,3.096424879,1.593295509,788.7224049,29.28372809,20.53371794,22.53371794,18.04735027,11.88551946,15.22943639,9.282665272,12.71898436,6.247939896,9.373205498,4.341384782,6.944071184,0.06,154682644.9,33.56077002,13.5723819,8.554755203,222.3814436,222.2259254,83.25771717,16.34043675,15.53348694,87.33576417,19.75852033,20.42040041,149.2886778,22.8318516,13.34455882,321.87,103.545406,60.42586557,19.46795574,13.99747307,24.25350732,46.18209235,83.99078265,-16.74896323,-0.542919531,-11.6788535,39,12,20,20,12,22,11,-8.367,122.7014,8,8,2,-9.09
pdb8jjq.ent,0.04375,42.0753125,9.036356163,-0.0790625,34155.616,617.435,12,20,321.87,-8.367,11,12.52019331,-5.898921529,42.43589744,617.435,580.139,617.1609171,234,1,1.641025641,2.230769231,3.096424879,1.593295509,788.7224049,29.28372809,20.53371794,22.53371794,18.04735027,11.88551946,15.22943639,9.282665272,12.71898436,6.247939896,9.373205498,4.341384782,6.944071184,0.06,154682644.9,33.56077002,13.5723819,8.554755203,222.3814436,222.2259254,83.25771717,16.34043675,15.53348694,87.33576417,19.75852033,20.42040041,149.2886778,22.8318516,13.34455882,321.87,103.545406,60.42586557,19.46795574,13.99747307,24.25350732,46.18209235,83.99078265,-16.74896323,-0.542919531,-11.6788535,39,12,20,20,12,22,11,-8.367,122.7014,8,8,2,-8.86
pdb8jjq.ent,0.04375,41.208125,9.036356163,-0.0753125,34115.5521,617.435,12,20,321.87,-8.367,11,12.52019331,-5.898921529,42.43589744,617.435,580.139,617.1609171,234,1,1.641025641,2.230769231,3.096424879,1.593295509,788.7224049,29.28372809,20.53371794,22.53371794,18.04735027,11.88551946,15.22943639,9.282665272,12.71898436,6.247939896,9.373205498,4.341384782,6.944071184,0.06,154682644.9,33.56077002,13.5723819,8.554755203,222.3814436,222.2259254,83.25771717,16.34043675,15.53348694,87.33576417,19.75852033,20.42040041,149.2886778,22.8318516,13.34455882,321.87,103.545406,60.42586557,19.46795574,13.99747307,24.25350732,46.18209235,83.99078265,-16.74896323,-0.542919531,-11.6788535,39,12,20,20,12,22,11,-8.367,122.7014,8,8,2,-9.03
pdb8jjq.ent,0.043613707,41.11090343,9.032552528,-0.077570093,34202.6294,617.435,12,20,321.87,-8.367,11,12.52019331,-5.898921529,42.43589744,617.435,580.139,617.1609171,234,1,1.641025641,2.230769231,3.096424879,1.593295509,788.7224049,29.28372809,20.53371794,22.53371794,18.04735027,11.88551946,15.22943639,9.282665272,12.71898436,6.247939896,9.373205498,4.341384782,6.944071184,0.06,154682644.9,33.56077002,13.5723819,8.554755203,222.3814436,222.2259254,83.25771717,16.34043675,15.53348694,87.33576417,19.75852033,20.42040041,149.2886778,22.8318516,13.34455882,321.87,103.545406,60.42586557,19.46795574,13.99747307,24.25350732,46.18209235,83.99078265,-16.74896323,-0.542919531,-11.6788535,39,12,20,20,12,22,11,-8.367,122.7014,8,8,2,-9.15
pdb8jjn.ent,0.04375,41.208125,9.036356163,-0.0753125,34115.5521,574.366,11,19,309.84,-8.3026,9,12.21890479,-5.886253981,44.05555556,574.366,542.11,574.118718,216,0.861111111,1.5,2.111111111,3.055525205,1.546915006,723.5528683,26.99927104,18.45636767,20.45636767,16.65350342,10.73081892,14.07473585,8.4048342,11.84115329,5.78189322,8.907158822,3.867565033,6.463068116,0.1,41785932.71,30.63878108,12.09103866,7.186870793,204.1016972,203.819624,83.25771717,16.34043675,10.21669833,74.24625136,19.75852033,15.10361181,143.1229022,22.8318516,6.420821623,309.84,97.37963042,55.31933817,18.6749143,14.5802533,23.4629234,45.2772329,80.67692563,-17.94348998,-1.772023168,-11.64601323,36,11,19,19,11,21,9,-8.3026,110.1037,8,8,2,-9.25
pdb8jjn.ent,0.044585987,42.82388535,9.036356163,-0.069745223,33589.0088,574.366,11,19,309.84,-8.3026,9,12.21890479,-5.886253981,44.05555556,574.366,542.11,574.118718,216,0.861111111,1.5,2.111111111,3.055525205,1.546915006,723.5528683,26.99927104,18.45636767,20.45636767,16.65350342,10.73081892,14.07473585,8.4048342,11.84115329,5.78189322,8.907158822,3.867565033,6.463068116,0.1,41785932.71,30.63878108,12.09103866,7.186870793,204.1016972,203.819624,83.25771717,16.34043675,10.21669833,74.24625136,19.75852033,15.10361181,143.1229022,22.8318516,6.420821623,309.84,97.37963042,55.31933817,18.6749143,14.5802533,23.4629234,45.2772329,80.67692563,-17.94348998,-1.772023168,-11.64601323,36,11,19,19,11,21,9,-8.3026,110.1037,8,8,2,-8.77
pdb8jjn.ent,0.042944785,41.25368098,9.189210701,-0.112269939,34770.2679,574.366,11,19,309.84,-8.3026,9,12.21890479,-5.886253981,44.05555556,574.366,542.11,574.118718,216,0.861111111,1.5,2.111111111,3.055525205,1.546915006,723.5528683,26.99927104,18.45636767,20.45636767,16.65350342,10.73081892,14.07473585,8.4048342,11.84115329,5.78189322,8.907158822,3.867565033,6.463068116,0.1,41785932.71,30.63878108,12.09103866,7.186870793,204.1016972,203.819624,83.25771717,16.34043675,10.21669833,74.24625136,19.75852033,15.10361181,143.1229022,22.8318516,6.420821623,309.84,97.37963042,55.31933817,18.6749143,14.5802533,23.4629234,45.2772329,80.67692563,-17.94348998,-1.772023168,-11.64601323,36,11,19,19,11,21,9,-8.3026,110.1037,8,8,2,-9.2
pdb8inp.ent,0.091549296,48.47159624,5.655445671,0.002816901,47027.6362,412.225,8,14,230.69,-6.1268,6,11.41150846,-5.557601927,39.56,412.225,390.049,412.0658946,152,1.12,1.76,2.32,2.708668567,1.930886079,452.7920023,18.99119935,12.70437218,14.70437218,11.39446595,7.210788729,10.59367097,5.614326824,8.864184507,3.672337021,6.299250508,2.537019115,4.491726317,0.3,181258.6831,21.59839957,8.12284233,5.88870225,142.3080839,141.7135416,58.46440908,16.34043675,10.21669833,43.54035908,13.15163837,15.10361181,90.27742995,13.57124149,6.420821623,230.69,60.06685617,35.10634439,14.15116714,14.52368616,13.32945637,49.4838389,41.54735296,-7.787285584,-0.702921012,-10.98155274,25,8,14,14,8,16,6,-6.1268,77.4703,4,4,1,-7.13
pdb8inh.ent,0.105726872,47.20200441,5.417858696,-0.112334802,50935.9199,412.225,8,14,230.69,-6.1268,6,11.41150846,-5.557601927,39.56,412.225,390.049,412.0658946,152,1.12,1.76,2.32,2.708668567,1.930886079,452.7920023,18.99119935,12.70437218,14.70437218,11.39446595,7.210788729,10.59367097,5.614326824,8.864184507,3.672337021,6.299250508,2.537019115,4.491726317,0.3,181258.6831,21.59839957,8.12284233,5.88870225,142.3080839,141.7135416,58.46440908,16.34043675,10.21669833,43.54035908,13.15163837,15.10361181,90.27742995,13.57124149,6.420821623,230.69,60.06685617,35.10634439,14.15116714,14.52368616,13.32945637,49.4838389,41.54735296,-7.787285584,-0.702921012,-10.98155274,25,8,14,14,8,16,6,-6.1268,77.4703,4,4,1,-6.89
pdb8inh.ent,0.105726872,47.20200441,5.417858696,-0.112334802,50935.9199,412.225,8,14,230.69,-6.1268,6,11.41150846,-5.557601927,39.56,412.225,390.049,412.0658946,152,1.12,1.76,2.32,2.708668567,1.930886079,452.7920023,18.99119935,12.70437218,14.70437218,11.39446595,7.210788729,10.59367097,5.614326824,8.864184507,3.672337021,6.299250508,2.537019115,4.491726317,0.3,181258.6831,21.59839957,8.12284233,5.88870225,142.3080839,141.7135416,58.46440908,16.34043675,10.21669833,43.54035908,13.15163837,15.10361181,90.27742995,13.57124149,6.420821623,230.69,60.06685617,35.10634439,14.15116714,14.52368616,13.32945637,49.4838389,41.54735296,-7.787285584,-0.702921012,-10.98155274,25,8,14,14,8,16,6,-6.1268,77.4703,4,4,1,-6.99
pdb8i90.ent,0.090909091,46.76931818,5.772022438,-0.145227273,49758.8189,574.366,11,19,309.84,-8.3026,9,12.21890479,-5.886253981,44.05555556,574.366,542.11,574.118718,216,0.861111111,1.5,2.111111111,3.055525205,1.546915006,723.5528683,26.99927104,18.45636767,20.45636767,16.65350342,10.73081892,14.07473585,8.4048342,11.84115329,5.78189322,8.907158822,3.867565033,6.463068116,0.1,41785932.71,30.63878108,12.09103866,7.186870793,204.1016972,203.819624,83.25771717,16.34043675,10.21669833,74.24625136,19.75852033,15.10361181,143.1229022,22.8318516,6.420821623,309.84,97.37963042,55.31933817,18.6749143,14.5802533,23.4629234,45.2772329,80.67692563,-17.94348998,-1.772023168,-11.64601323,36,11,19,19,11,21,9,-8.3026,110.1037,8,8,2,-8.64
pdb8i90.ent,0.089041096,46.67762557,5.68193264,-0.156392694,49497.4995,574.366,11,19,309.84,-8.3026,9,12.21890479,-5.886253981,44.05555556,574.366,542.11,574.118718,216,0.861111111,1.5,2.111111111,3.055525205,1.546915006,723.5528683,26.99927104,18.45636767,20.45636767,16.65350342,10.73081892,14.07473585,8.4048342,11.84115329,5.78189322,8.907158822,3.867565033,6.463068116,0.1,41785932.71,30.63878108,12.09103866,7.186870793,204.1016972,203.819624,83.25771717,16.34043675,10.21669833,74.24625136,19.75852033,15.10361181,143.1229022,22.8318516,6.420821623,309.84,97.37963042,55.31933817,18.6749143,14.5802533,23.4629234,45.2772329,80.67692563,-17.94348998,-1.772023168,-11.64601323,36,11,19,19,11,21,9,-8.3026,110.1037,8,8,2,-8.7
pdb8i0e.ent,0.096330275,41.1733945,5.680568504,0.023623853,48275.9444,412.225,8,14,230.69,-6.1268,6,11.41150846,-5.557601927,39.56,412.225,390.049,412.0658946,152,1.12,1.76,2.32,2.708668567,1.930886079,452.7920023,18.99119935,12.70437218,14.70437218,11.39446595,7.210788729,10.59367097,5.614326824,8.864184507,3.672337021,6.299250508,2.537019115,4.491726317,0.3,181258.6831,21.59839957,8.12284233,5.88870225,142.3080839,141.7135416,58.46440908,16.34043675,10.21669833,43.54035908,13.15163837,15.10361181,90.27742995,13.57124149,6.420821623,230.69,60.06685617,35.10634439,14.15116714,14.52368616,13.32945637,49.4838389,41.54735296,-7.787285584,-0.702921012,-10.98155274,25,8,14,14,8,16,6,-6.1268,77.4703,4,4,1,-6.92
pdb8i0d.ent,0.094170404,42.8190583,5.655786705,0.030941704,49226.9759,574.366,11,19,309.84,-8.3026,9,12.21890479,-5.886253981,44.05555556,574.366,542.11,574.118718,216,0.861111111,1.5,2.111111111,3.055525205,1.546915006,723.5528683,26.99927104,18.45636767,20.45636767,16.65350342,10.73081892,14.07473585,8.4048342,11.84115329,5.78189322,8.907158822,3.867565033,6.463068116,0.1,41785932.71,30.63878108,12.09103866,7.186870793,204.1016972,203.819624,83.25771717,16.34043675,10.21669833,74.24625136,19.75852033,15.10361181,143.1229022,22.8318516,6.420821623,309.84,97.37963042,55.31933817,18.6749143,14.5802533,23.4629234,45.2772329,80.67692563,-17.94348998,-1.772023168,-11.64601323,36,11,19,19,11,21,9,-8.3026,110.1037,8,8,2,-8.42
pdb8hoj.ent,0.086474501,43.3483592,5.162481117,-0.041463415,50056.9133,412.225,8,14,230.69,-6.1268,6,11.41150846,-5.557601927,39.56,412.225,390.049,412.0658946,152,1.12,1.76,2.32,2.708668567,1.930886079,452.7920023,18.99119935,12.70437218,14.70437218,11.39446595,7.210788729,10.59367097,5.614326824,8.864184507,3.672337021,6.299250508,2.537019115,4.491726317,0.3,181258.6831,21.59839957,8.12284233,5.88870225,142.3080839,141.7135416,58.46440908,16.34043675,10.21669833,43.54035908,13.15163837,15.10361181,90.27742995,13.57124149,6.420821623,230.69,60.06685617,35.10634439,14.15116714,14.52368616,13.32945637,49.4838389,41.54735296,-7.787285584,-0.702921012,-10.98155274,25,8,14,14,8,16,6,-6.1268,77.4703,4,4,1,-7.33
pdb8hoj.ent,0.087759815,43.09240185,5.408309746,0.039491917,48067.8991,412.225,8,14,230.69,-6.1268,6,11.41150846,-5.557601927,39.56,412.225,390.049,412.0658946,152,1.12,1.76,2.32,2.708668567,1.930886079,452.7920023,18.99119935,12.70437218,14.70437218,11.39446595,7.210788729,10.59367097,5.614326824,8.864184507,3.672337021,6.299250508,2.537019115,4.491726317,0.3,181258.6831,21.59839957,8.12284233,5.88870225,142.3080839,141.7135416,58.46440908,16.34043675,10.21669833,43.54035908,13.15163837,15.10361181,90.27742995,13.57124149,6.420821623,230.69,60.06685617,35.10634439,14.15116714,14.52368616,13.32945637,49.4838389,41.54735296,-7.787285584,-0.702921012,-10.98155274,25,8,14,14,8,16,6,-6.1268,77.4703,4,4,1,-7.16
pdb8gkn.ent,0.086651054,32.2501171,6.538723564,-0.109133489,47769.848,412.225,8,14,230.69,-6.1268,6,11.41150846,-5.557601927,39.56,412.225,390.049,412.0658946,152,1.12,1.76,2.32,2.708668567,1.930886079,452.7920023,18.99119935,12.70437218,14.70437218,11.39446595,7.210788729,10.59367097,5.614326824,8.864184507,3.672337021,6.299250508,2.537019115,4.491726317,0.3,181258.6831,21.59839957,8.12284233,5.88870225,142.3080839,141.7135416,58.46440908,16.34043675,10.21669833,43.54035908,13.15163837,15.10361181,90.27742995,13.57124149,6.420821623,230.69,60.06685617,35.10634439,14.15116714,14.52368616,13.32945637,49.4838389,41.54735296,-7.787285584,-0.702921012,-10.98155274,25,8,14,14,8,16,6,-6.1268,77.4703,4,4,1,-6.91
pdb8gkn.ent,0.086651054,32.2501171,6.538723564,-0.109133489,47769.848,412.225,8,14,230.69,-6.1268,6,11.41150846,-5.557601927,39.56,412.225,390.049,412.0658946,152,1.12,1.76,2.32,2.708668567,1.930886079,452.7920023,18.99119935,12.70437218,14.70437218,11.39446595,7.210788729,10.59367097,5.614326824,8.864184507,3.672337021,6.299250508,2.537019115,4.491726317,0.3,181258.6831,21.59839957,8.12284233,5.88870225,142.3080839,141.7135416,58.46440908,16.34043675,10.21669833,43.54035908,13.15163837,15.10361181,90.27742995,13.57124149,6.420821623,230.69,60.06685617,35.10634439,14.15116714,14.52368616,13.32945637,49.4838389,41.54735296,-7.787285584,-0.702921012,-10.98155274,25,8,14,14,8,16,6,-6.1268,77.4703,4,4,1,-6.89
pdb8g2j.ent,0.132127955,37.06301808,8.756950188,0.105285118,81569.9176,574.366,11,19,309.84,-8.3026,9,12.21890479,-5.886253981,44.05555556,574.366,542.11,574.118718,216,0.861111111,1.5,2.111111111,3.055525205,1.546915006,723.5528683,26.99927104,18.45636767,20.45636767,16.65350342,10.73081892,14.07473585,8.4048342,11.84115329,5.78189322,8.907158822,3.867565033,6.463068116,0.1,41785932.71,30.63878108,12.09103866,7.186870793,204.1016972,203.819624,83.25771717,16.34043675,10.21669833,74.24625136,19.75852033,15.10361181,143.1229022,22.8318516,6.420821623,309.84,97.37963042,55.31933817,18.6749143,14.5802533,23.4629234,45.2772329,80.67692563,-17.94348998,-1.772023168,-11.64601323,36,11,19,19,11,21,9,-8.3026,110.1037,8,8,2,-7.9
pdb8g27.ent,0.132496513,37.51228731,8.684616661,0.106555091,81300.5743,412.225,8,14,230.69,-6.1268,6,11.41150846,-5.557601927,39.56,412.225,390.049,412.0658946,152,1.12,1.76,2.32,2.708668567,1.930886079,452.7920023,18.99119935,12.70437218,14.70437218,11.39446595,7.210788729,10.59367097,5.614326824,8.864184507,3.672337021,6.299250508,2.537019115,4.491726317,0.3,181258.6831,21.59839957,8.12284233,5.88870225,142.3080839,141.7135416,58.46440908,16.34043675,10.21669833,43.54035908,13.15163837,15.10361181,90.27742995,13.57124149,6.420821623,230.69,60.06685617,35.10634439,14.15116714,14.52368616,13.32945637,49.4838389,41.54735296,-7.787285584,-0.702921012,-10.98155274,25,8,14,14,8,16,6,-6.1268,77.4703,4,4,1,-6.26
pdb8g27.ent,0.132311978,37.21895543,8.756950188,0.099582173,81470.7866,412.225,8,14,230.69,-6.1268,6,11.41150846,-5.557601927,39.56,412.225,390.049,412.0658946,152,1.12,1.76,2.32,2.708668567,1.930886079,452.7920023,18.99119935,12.70437218,14.70437218,11.39446595,7.210788729,10.59367097,5.614326824,8.864184507,3.672337021,6.299250508,2.537019115,4.491726317,0.3,181258.6831,21.59839957,8.12284233,5.88870225,142.3080839,141.7135416,58.46440908,16.34043675,10.21669833,43.54035908,13.15163837,15.10361181,90.27742995,13.57124149,6.420821623,230.69,60.06685617,35.10634439,14.15116714,14.52368616,13.32945637,49.4838389,41.54735296,-7.787285584,-0.702921012,-10.98155274,25,8,14,14,8,16,6,-6.1268,77.4703,4,4,1,-6.11
pdb8g27.ent,0.131944444,36.98543056,8.81909771,0.099722222,81698.0899,412.225,8,14,230.69,-6.1268,6,11.41150846,-5.557601927,39.56,412.225,390.049,412.0658946,152,1.12,1.76,2.32,2.708668567,1.930886079,452.7920023,18.99119935,12.70437218,14.70437218,11.39446595,7.210788729,10.59367097,5.614326824,8.864184507,3.672337021,6.299250508,2.537019115,4.491726317,0.3,181258.6831,21.59839957,8.12284233,5.88870225,142.3080839,141.7135416,58.46440908,16.34043675,10.21669833,43.54035908,13.15163837,15.10361181,90.27742995,13.57124149,6.420821623,230.69,60.06685617,35.10634439,14.15116714,14.52368616,13.32945637,49.4838389,41.54735296,-7.787285584,-0.702921012,-10.98155274,25,8,14,14,8,16,6,-6.1268,77.4703,4,4,1,-6.35
pdb8fhw.ent,0.113425926,46.66388889,5.67124691,-0.02962963,49241.8975,412.225,8,14,230.69,-6.1268,6,11.41150846,-5.557601927,39.56,412.225,390.049,412.0658946,152,1.12,1.76,2.32,2.708668567,1.930886079,452.7920023,18.99119935,12.70437218,14.70437218,11.39446595,7.210788729,10.59367097,5.614326824,8.864184507,3.672337021,6.299250508,2.537019115,4.491726317,0.3,181258.6831,21.59839957,8.12284233,5.88870225,142.3080839,141.7135416,58.46440908,16.34043675,10.21669833,43.54035908,13.15163837,15.10361181,90.27742995,13.57124149,6.420821623,230.69,60.06685617,35.10634439,14.15116714,14.52368616,13.32945637,49.4838389,41.54735296,-7.787285584,-0.702921012,-10.98155274,25,8,14,14,8,16,6,-6.1268,77.4703,4,4,1,-6.41
pdb8fhw.ent,0.113425926,46.66388889,5.67124691,-0.02962963,49241.8975,412.225,8,14,230.69,-6.1268,6,11.41150846,-5.557601927,39.56,412.225,390.049,412.0658946,152,1.12,1.76,2.32,2.708668567,1.930886079,452.7920023,18.99119935,12.70437218,14.70437218,11.39446595,7.210788729,10.59367097,5.614326824,8.864184507,3.672337021,6.299250508,2.537019115,4.491726317,0.3,181258.6831,21.59839957,8.12284233,5.88870225,142.3080839,141.7135416,58.46440908,16.34043675,10.21669833,43.54035908,13.15163837,15.10361181,90.27742995,13.57124149,6.420821623,230.69,60.06685617,35.10634439,14.15116714,14.52368616,13.32945637,49.4838389,41.54735296,-7.787285584,-0.702921012,-10.98155274,25,8,14,14,8,16,6,-6.1268,77.4703,4,4,1,-6.41
pdb8fhw.ent,0.113425926,46.66388889,5.67124691,-0.02962963,49241.8975,412.225,8,14,230.69,-6.1268,6,11.41150846,-5.557601927,39.56,412.225,390.049,412.0658946,152,1.12,1.76,2.32,2.708668567,1.930886079,452.7920023,18.99119935,12.70437218,14.70437218,11.39446595,7.210788729,10.59367097,5.614326824,8.864184507,3.672337021,6.299250508,2.537019115,4.491726317,0.3,181258.6831,21.59839957,8.12284233,5.88870225,142.3080839,141.7135416,58.46440908,16.34043675,10.21669833,43.54035908,13.15163837,15.10361181,90.27742995,13.57124149,6.420821623,230.69,60.06685617,35.10634439,14.15116714,14.52368616,13.32945637,49.4838389,41.54735296,-7.787285584,-0.702921012,-10.98155274,25,8,14,14,8,16,6,-6.1268,77.4703,4,4,1,-6.41
pdb8fhw.ent,0.113425926,46.66388889,5.67124691,-0.02962963,49241.8975,412.225,8,14,230.69,-6.1268,6,11.41150846,-5.557601927,39.56,412.225,390.049,412.0658946,152,1.12,1.76,2.32,2.708668567,1.930886079,452.7920023,18.99119935,12.70437218,14.70437218,11.39446595,7.210788729,10.59367097,5.614326824,8.864184507,3.672337021,6.299250508,2.537019115,4.491726317,0.3,181258.6831,21.59839957,8.12284233,5.88870225,142.3080839,141.7135416,58.46440908,16.34043675,10.21669833,43.54035908,13.15163837,15.10361181,90.27742995,13.57124149,6.420821623,230.69,60.06685617,35.10634439,14.15116714,14.52368616,13.32945637,49.4838389,41.54735296,-7.787285584,-0.702921012,-10.98155274,25,8,14,14,8,16,6,-6.1268,77.4703,4,4,1,-6.41
pdb8dqd.ent,0.1,20.69545946,8.564060783,-0.054324324,41025.9184,617.435,12,20,321.87,-8.367,11,12.52019331,-5.898921529,42.43589744,617.435,580.139,617.1609171,234,1,1.641025641,2.230769231,3.096424879,1.593295509,788.7224049,29.28372809,20.53371794,22.53371794,18.04735027,11.88551946,15.22943639,9.282665272,12.71898436,6.247939896,9.373205498,4.341384782,6.944071184,0.06,154682644.9,33.56077002,13.5723819,8.554755203,222.3814436,222.2259254,83.25771717,16.34043675,15.53348694,87.33576417,19.75852033,20.42040041,149.2886778,22.8318516,13.34455882,321.87,103.545406,60.42586557,19.46795574,13.99747307,24.25350732,46.18209235,83.99078265,-16.74896323,-0.542919531,-11.6788535,39,12,20,20,12,22,11,-8.367,122.7014,8,8,2,-8.97
pdb8d0u.ent,0.151515152,48.50104377,6.523661232,-0.464309764,35008.1311,453.282,10,16,260.54,-7.7055,6,11.54709042,-5.561978886,43.89285714,453.282,428.082,453.103677,168,1.142857143,1.821428571,2.464285714,3.060680238,1.61221445,558.3448456,20.85300667,14.28210261,16.28210261,12.8776292,8.263920344,11.64680258,6.634611811,9.884469494,4.603825105,7.230738592,3.404590485,5.359297687,0.22,1122914.608,22.89519417,8.392696728,5.09362707,159.3125762,158.8228629,53.35788168,16.34043675,20.85027554,49.26502834,13.27557315,31.47085649,97.44032822,13.57124149,0,260.54,72.21234706,29.99981699,24.78474434,20.25735364,13.69359817,50.34145757,39.07953278,-7.674005072,-0.628557901,-10.98929169,28,11,16,16,10,18,6,-7.7055,88.6693,3,3,1,-6.31
pdb8cse.ent,0.116751269,42.16989848,4.889369774,-0.070304569,44329.492,330.254,7,11,183.96,-4.9395,4,10.67352235,-4.975130222,43.19047619,330.254,309.086,330.1071748,126,1.333333333,2,2.571428571,2.63559112,1.957558821,358.3746902,15.78409257,11.07079867,12.07079867,9.687359167,6.44994394,8.160867711,5.079098769,6.464737313,3.475287206,4.018003893,2.378988625,2.760367631,-0.01,36879.82654,17.34552975,6.62366093,4.255676924,120.7204667,120.0108832,39.26042711,8.170218376,10.21669833,43.47823352,13.15163837,15.94386768,80.21536539,9.260610116,6.420821623,183.96,51.83451224,20.21299379,9.840535766,20.25735364,9.640965477,29.34896615,32.29611011,-5.973149334,-0.258009141,-4.975130222,21,8,11,11,7,12,4,-4.9395,67.8201,3,3,1,-6.27
pdb8cse.ent,0.116455696,41.67858228,4.889369774,-0.072151899,44370.4778,330.254,7,11,183.96,-4.9395,4,10.67352235,-4.975130222,43.19047619,330.254,309.086,330.1071748,126,1.333333333,2,2.571428571,2.63559112,1.957558821,358.3746902,15.78409257,11.07079867,12.07079867,9.687359167,6.44994394,8.160867711,5.079098769,6.464737313,3.475287206,4.018003893,2.378988625,2.760367631,-0.01,36879.82654,17.34552975,6.62366093,4.255676924,120.7204667,120.0108832,39.26042711,8.170218376,10.21669833,43.47823352,13.15163837,15.94386768,80.21536539,9.260610116,6.420821623,183.96,51.83451224,20.21299379,9.840535766,20.25735364,9.640965477,29.34896615,32.29611011,-5.973149334,-0.258009141,-4.975130222,21,8,11,11,7,12,4,-4.9395,67.8201,3,3,1,-6.3
pdb8chd.ent,0.075921909,39.37375271,5.822779655,-0.084815618,50817.9105,412.225,8,14,230.69,-6.1268,6,11.41150846,-5.557601927,39.56,412.225,390.049,412.0658946,152,1.12,1.76,2.32,2.708668567,1.930886079,452.7920023,18.99119935,12.70437218,14.70437218,11.39446595,7.210788729,10.59367097,5.614326824,8.864184507,3.672337021,6.299250508,2.537019115,4.491726317,0.3,181258.6831,21.59839957,8.12284233,5.88870225,142.3080839,141.7135416,58.46440908,16.34043675,10.21669833,43.54035908,13.15163837,15.10361181,90.27742995,13.57124149,6.420821623,230.69,60.06685617,35.10634439,14.15116714,14.52368616,13.32945637,49.4838389,41.54735296,-7.787285584,-0.702921012,-10.98155274,25,8,14,14,8,16,6,-6.1268,77.4703,4,4,1,-6.81
pdb8chd.ent,0.076086957,39.4376087,5.925317192,-0.077391304,50688.7965,412.225,8,14,230.69,-6.1268,6,11.41150846,-5.557601927,39.56,412.225,390.049,412.0658946,152,1.12,1.76,2.32,2.708668567,1.930886079,452.7920023,18.99119935,12.70437218,14.70437218,11.39446595,7.210788729,10.59367097,5.614326824,8.864184507,3.672337021,6.299250508,2.537019115,4.491726317,0.3,181258.6831,21.59839957,8.12284233,5.88870225,142.3080839,141.7135416,58.46440908,16.34043675,10.21669833,43.54035908,13.15163837,15.10361181,90.27742995,13.57124149,6.420821623,230.69,60.06685617,35.10634439,14.15116714,14.52368616,13.32945637,49.4838389,41.54735296,-7.787285584,-0.702921012,-10.98155274,25,8,14,14,8,16,6,-6.1268,77.4703,4,4,1,-7.22
pdb8bz6.ent,0.105610561,31.55018152,5.261096764,-0.516006601,69489.7471,574.366,11,19,309.84,-8.3026,9,12.21890479,-5.886253981,44.05555556,574.366,542.11,574.118718,216,0.861111111,1.5,2.111111111,3.055525205,1.546915006,723.5528683,26.99927104,18.45636767,20.45636767,16.65350342,10.73081892,14.07473585,8.4048342,11.84115329,5.78189322,8.907158822,3.867565033,6.463068116,0.1,41785932.71,30.63878108,12.09103866,7.186870793,204.1016972,203.819624,83.25771717,16.34043675,10.21669833,74.24625136,19.75852033,15.10361181,143.1229022,22.8318516,6.420821623,309.84,97.37963042,55.31933817,18.6749143,14.5802533,23.4629234,45.2772329,80.67692563,-17.94348998,-1.772023168,-11.64601323,36,11,19,19,11,21,9,-8.3026,110.1037,8,8,2,-7.92
pdb8bz6.ent,0.105785124,31.58580165,5.261096764,-0.523140496,69376.5895,574.366,11,19,309.84,-8.3026,9,12.21890479,-5.886253981,44.05555556,574.366,542.11,574.118718,216,0.861111111,1.5,2.111111111,3.055525205,1.546915006,723.5528683,26.99927104,18.45636767,20.45636767,16.65350342,10.73081892,14.07473585,8.4048342,11.84115329,5.78189322,8.907158822,3.867565033,6.463068116,0.1,41785932.71,30.63878108,12.09103866,7.186870793,204.1016972,203.819624,83.25771717,16.34043675,10.21669833,74.24625136,19.75852033,15.10361181,143.1229022,22.8318516,6.420821623,309.84,97.37963042,55.31933817,18.6749143,14.5802533,23.4629234,45.2772329,80.67692563,-17.94348998,-1.772023168,-11.64601323,36,11,19,19,11,21,9,-8.3026,110.1037,8,8,2,-7.99
pdb8bz6.ent,0.105610561,31.55018152,5.261096764,-0.516006601,69489.7471,574.366,11,19,309.84,-8.3026,9,12.21890479,-5.886253981,44.05555556,574.366,542.11,574.118718,216,0.861111111,1.5,2.111111111,3.055525205,1.546915006,723.5528683,26.99927104,18.45636767,20.45636767,16.65350342,10.73081892,14.07473585,8.4048342,11.84115329,5.78189322,8.907158822,3.867565033,6.463068116,0.1,41785932.71,30.63878108,12.09103866,7.186870793,204.1016972,203.819624,83.25771717,16.34043675,10.21669833,74.24625136,19.75852033,15.10361181,143.1229022,22.8318516,6.420821623,309.84,97.37963042,55.31933817,18.6749143,14.5802533,23.4629234,45.2772329,80.67692563,-17.94348998,-1.772023168,-11.64601323,36,11,19,19,11,21,9,-8.3026,110.1037,8,8,2,-7.86
pdb8bz6.ent,0.105610561,31.55018152,5.261096764,-0.516006601,69489.7471,574.366,11,19,309.84,-8.3026,9,12.21890479,-5.886253981,44.05555556,574.366,542.11,574.118718,216,0.861111111,1.5,2.111111111,3.055525205,1.546915006,723.5528683,26.99927104,18.45636767,20.45636767,16.65350342,10.73081892,14.07473585,8.4048342,11.84115329,5.78189322,8.907158822,3.867565033,6.463068116,0.1,41785932.71,30.63878108,12.09103866,7.186870793,204.1016972,203.819624,83.25771717,16.34043675,10.21669833,74.24625136,19.75852033,15.10361181,143.1229022,22.8318516,6.420821623,309.84,97.37963042,55.31933817,18.6749143,14.5802533,23.4629234,45.2772329,80.67692563,-17.94348998,-1.772023168,-11.64601323,36,11,19,19,11,21,9,-8.3026,110.1037,8,8,2,-7.9
pdb8bz6.ent,0.105610561,31.55018152,5.261096764,-0.516006601,69489.7471,574.366,11,19,309.84,-8.3026,9,12.21890479,-5.886253981,44.05555556,574.366,542.11,574.118718,216,0.861111111,1.5,2.111111111,3.055525205,1.546915006,723.5528683,26.99927104,18.45636767,20.45636767,16.65350342,10.73081892,14.07473585,8.4048342,11.84115329,5.78189322,8.907158822,3.867565033,6.463068116,0.1,41785932.71,30.63878108,12.09103866,7.186870793,204.1016972,203.819624,83.25771717,16.34043675,10.21669833,74.24625136,19.75852033,15.10361181,143.1229022,22.8318516,6.420821623,309.84,97.37963042,55.31933817,18.6749143,14.5802533,23.4629234,45.2772329,80.67692563,-17.94348998,-1.772023168,-11.64601323,36,11,19,19,11,21,9,-8.3026,110.1037,8,8,2,-8.07
pdb8b62.ent,0.099173554,53.7030303,6.726405907,-0.161432507,40898.4232,412.225,8,14,230.69,-6.1268,6,11.41150846,-5.557601927,39.56,412.225,390.049,412.0658946,152,1.12,1.76,2.32,2.708668567,1.930886079,452.7920023,18.99119935,12.70437218,14.70437218,11.39446595,7.210788729,10.59367097,5.614326824,8.864184507,3.672337021,6.299250508,2.537019115,4.491726317,0.3,181258.6831,21.59839957,8.12284233,5.88870225,142.3080839,141.7135416,58.46440908,16.34043675,10.21669833,43.54035908,13.15163837,15.10361181,90.27742995,13.57124149,6.420821623,230.69,60.06685617,35.10634439,14.15116714,14.52368616,13.32945637,49.4838389,41.54735296,-7.787285584,-0.702921012,-10.98155274,25,8,14,14,8,16,6,-6.1268,77.4703,4,4,1,-8.54
pdb8b62.ent,0.099447514,53.48287293,6.804730034,-0.167127072,40767.2272,412.225,8,14,230.69,-6.1268,6,11.41150846,-5.557601927,39.56,412.225,390.049,412.0658946,152,1.12,1.76,2.32,2.708668567,1.930886079,452.7920023,18.99119935,12.70437218,14.70437218,11.39446595,7.210788729,10.59367097,5.614326824,8.864184507,3.672337021,6.299250508,2.537019115,4.491726317,0.3,181258.6831,21.59839957,8.12284233,5.88870225,142.3080839,141.7135416,58.46440908,16.34043675,10.21669833,43.54035908,13.15163837,15.10361181,90.27742995,13.57124149,6.420821623,230.69,60.06685617,35.10634439,14.15116714,14.52368616,13.32945637,49.4838389,41.54735296,-7.787285584,-0.702921012,-10.98155274,25,8,14,14,8,16,6,-6.1268,77.4703,4,4,1,-8.54
pdb8avq.ent,0.126811594,29.32753623,5.478164864,-0.473188406,32639.6413,544.34,10,18,289.61,-7.6635,8,12.13839939,-5.76226746,43.73529412,544.34,514.1,544.1081533,204,0.941176471,1.617647059,2.264705882,3.003017926,1.524164088,679.6203362,25.42192077,17.4318038,19.4318038,15.70481502,10.13423069,13.47814763,7.957814051,11.39413314,5.387682151,8.512947753,3.585774011,6.19376292,0.14,16666464.2,28.70729211,11.25928275,6.913857355,192.9425213,192.6091302,78.15118978,16.34043675,10.21669833,68.14228497,19.75852033,15.10361181,131.9124084,22.8318516,6.420821623,289.61,91.27566403,55.31933817,18.6749143,9.473725908,23.32515991,44.92384245,70.84667276,-15.50557347,-1.42053885,-11.44734057,34,10,18,18,10,20,8,-7.6635,104.0969,7,7,2,-7.97
pdb8avq.ent,0.126353791,29.25776173,5.478164864,-0.474368231,32726.7186,544.34,10,18,289.61,-7.6635,8,12.13839939,-5.76226746,43.73529412,544.34,514.1,544.1081533,204,0.941176471,1.617647059,2.264705882,3.003017926,1.524164088,679.6203362,25.42192077,17.4318038,19.4318038,15.70481502,10.13423069,13.47814763,7.957814051,11.39413314,5.387682151,8.512947753,3.585774011,6.19376292,0.14,16666464.2,28.70729211,11.25928275,6.913857355,192.9425213,192.6091302,78.15118978,16.34043675,10.21669833,68.14228497,19.75852033,15.10361181,131.9124084,22.8318516,6.420821623,289.61,91.27566403,55.31933817,18.6749143,9.473725908,23.32515991,44.92384245,70.84667276,-15.50557347,-1.42053885,-11.44734057,34,10,18,18,10,20,8,-7.6635,104.0969,7,7,2,-8.01
pdb8avq.ent,0.127272727,29.39781818,5.475379753,-0.490181818,32556.5097,544.34,10,18,289.61,-7.6635,8,12.13839939,-5.76226746,43.73529412,544.34,514.1,544.1081533,204,0.941176471,1.617647059,2.264705882,3.003017926,1.524164088,679.6203362,25.42192077,17.4318038,19.4318038,15.70481502,10.13423069,13.47814763,7.957814051,11.39413314,5.387682151,8.512947753,3.585774011,6.19376292,0.14,16666464.2,28.70729211,11.25928275,6.913857355,192.9425213,192.6091302,78.15118978,16.34043675,10.21669833,68.14228497,19.75852033,15.10361181,131.9124084,22.8318516,6.420821623,289.61,91.27566403,55.31933817,18.6749143,9.473725908,23.32515991,44.92384245,70.84667276,-15.50557347,-1.42053885,-11.44734057,34,10,18,18,10,20,8,-7.6635,104.0969,7,7,2,-8.04
pdb8avq.ent,0.127737226,29.9189781,5.475379753,-0.508394161,32443.3521,544.34,10,18,289.61,-7.6635,8,12.13839939,-5.76226746,43.73529412,544.34,514.1,544.1081533,204,0.941176471,1.617647059,2.264705882,3.003017926,1.524164088,679.6203362,25.42192077,17.4318038,19.4318038,15.70481502,10.13423069,13.47814763,7.957814051,11.39413314,5.387682151,8.512947753,3.585774011,6.19376292,0.14,16666464.2,28.70729211,11.25928275,6.913857355,192.9425213,192.6091302,78.15118978,16.34043675,10.21669833,68.14228497,19.75852033,15.10361181,131.9124084,22.8318516,6.420821623,289.61,91.27566403,55.31933817,18.6749143,9.473725908,23.32515991,44.92384245,70.84667276,-15.50557347,-1.42053885,-11.44734057,34,10,18,18,10,20,8,-7.6635,104.0969,7,7,2,-8.12
pdb7zle.ent,0.126811594,29.32753623,5.478164864,-0.473188406,32639.6413,412.225,8,14,230.69,-6.1268,6,11.41150846,-5.557601927,39.56,412.225,390.049,412.0658946,152,1.12,1.76,2.32,2.708668567,1.930886079,452.7920023,18.99119935,12.70437218,14.70437218,11.39446595,7.210788729,10.59367097,5.614326824,8.864184507,3.672337021,6.299250508,2.537019115,4.491726317,0.3,181258.6831,21.59839957,8.12284233,5.88870225,142.3080839,141.7135416,58.46440908,16.34043675,10.21669833,43.54035908,13.15163837,15.10361181,90.27742995,13.57124149,6.420821623,230.69,60.06685617,35.10634439,14.15116714,14.52368616,13.32945637,49.4838389,41.54735296,-7.787285584,-0.702921012,-10.98155274,25,8,14,14,8,16,6,-6.1268,77.4703,4,4,1,-7.05
pdb7zer.ent,0.133802817,34.12183099,5.888826561,-0.462676056,33666.0979,412.225,8,14,230.69,-6.1268,6,11.41150846,-5.557601927,39.56,412.225,390.049,412.0658946,152,1.12,1.76,2.32,2.708668567,1.930886079,452.7920023,18.99119935,12.70437218,14.70437218,11.39446595,7.210788729,10.59367097,5.614326824,8.864184507,3.672337021,6.299250508,2.537019115,4.491726317,0.3,181258.6831,21.59839957,8.12284233,5.88870225,142.3080839,141.7135416,58.46440908,16.34043675,10.21669833,43.54035908,13.15163837,15.10361181,90.27742995,13.57124149,6.420821623,230.69,60.06685617,35.10634439,14.15116714,14.52368616,13.32945637,49.4838389,41.54735296,-7.787285584,-0.702921012,-10.98155274,25,8,14,14,8,16,6,-6.1268,77.4703,4,4,1,-7.38
pdb7zay.ent,0.071729958,32.66772152,5.504026604,0.091772152,51234.3761,412.225,8,14,230.69,-6.1268,6,11.41150846,-5.557601927,39.56,412.225,390.049,412.0658946,152,1.12,1.76,2.32,2.708668567,1.930886079,452.7920023,18.99119935,12.70437218,14.70437218,11.39446595,7.210788729,10.59367097,5.614326824,8.864184507,3.672337021,6.299250508,2.537019115,4.491726317,0.3,181258.6831,21.59839957,8.12284233,5.88870225,142.3080839,141.7135416,58.46440908,16.34043675,10.21669833,43.54035908,13.15163837,15.10361181,90.27742995,13.57124149,6.420821623,230.69,60.06685617,35.10634439,14.15116714,14.52368616,13.32945637,49.4838389,41.54735296,-7.787285584,-0.702921012,-10.98155274,25,8,14,14,8,16,6,-6.1268,77.4703,4,4,1,-6.37
pdb7yua.ent,0.075268817,37.13844086,5.185841942,-0.202956989,41171.8511,453.282,10,16,260.54,-7.7055,6,11.54709042,-5.561978886,43.89285714,453.282,428.082,453.103677,168,1.142857143,1.821428571,2.464285714,3.060680238,1.61221445,558.3448456,20.85300667,14.28210261,16.28210261,12.8776292,8.263920344,11.64680258,6.634611811,9.884469494,4.603825105,7.230738592,3.404590485,5.359297687,0.22,1122914.608,22.89519417,8.392696728,5.09362707,159.3125762,158.8228629,53.35788168,16.34043675,20.85027554,49.26502834,13.27557315,31.47085649,97.44032822,13.57124149,0,260.54,72.21234706,29.99981699,24.78474434,20.25735364,13.69359817,50.34145757,39.07953278,-7.674005072,-0.628557901,-10.98929169,28,11,16,16,10,18,6,-7.7055,88.6693,3,3,1,-5.6
pdb7yua.ent,0.075268817,37.13844086,5.185841942,-0.202956989,41171.8511,453.282,10,16,260.54,-7.7055,6,11.54709042,-5.561978886,43.89285714,453.282,428.082,453.103677,168,1.142857143,1.821428571,2.464285714,3.060680238,1.61221445,558.3448456,20.85300667,14.28210261,16.28210261,12.8776292,8.263920344,11.64680258,6.634611811,9.884469494,4.603825105,7.230738592,3.404590485,5.359297687,0.22,1122914.608,22.89519417,8.392696728,5.09362707,159.3125762,158.8228629,53.35788168,16.34043675,20.85027554,49.26502834,13.27557315,31.47085649,97.44032822,13.57124149,0,260.54,72.21234706,29.99981699,24.78474434,20.25735364,13.69359817,50.34145757,39.07953278,-7.674005072,-0.628557901,-10.98929169,28,11,16,16,10,18,6,-7.7055,88.6693,3,3,1,-5.55
pdb7yua.ent,0.075268817,37.13844086,5.185841942,-0.202956989,41171.8511,453.282,10,16,260.54,-7.7055,6,11.54709042,-5.561978886,43.89285714,453.282,428.082,453.103677,168,1.142857143,1.821428571,2.464285714,3.060680238,1.61221445,558.3448456,20.85300667,14.28210261,16.28210261,12.8776292,8.263920344,11.64680258,6.634611811,9.884469494,4.603825105,7.230738592,3.404590485,5.359297687,0.22,1122914.608,22.89519417,8.392696728,5.09362707,159.3125762,158.8228629,53.35788168,16.34043675,20.85027554,49.26502834,13.27557315,31.47085649,97.44032822,13.57124149,0,260.54,72.21234706,29.99981699,24.78474434,20.25735364,13.69359817,50.34145757,39.07953278,-7.674005072,-0.628557901,-10.98929169,28,11,16,16,10,18,6,-7.7055,88.6693,3,3,1,-5.47
pdb7yua.ent,0.075268817,37.13844086,5.185841942,-0.202956989,41171.8511,453.282,10,16,260.54,-7.7055,6,11.54709042,-5.561978886,43.89285714,453.282,428.082,453.103677,168,1.142857143,1.821428571,2.464285714,3.060680238,1.61221445,558.3448456,20.85300667,14.28210261,16.28210261,12.8776292,8.263920344,11.64680258,6.634611811,9.884469494,4.603825105,7.230738592,3.404590485,5.359297687,0.22,1122914.608,22.89519417,8.392696728,5.09362707,159.3125762,158.8228629,53.35788168,16.34043675,20.85027554,49.26502834,13.27557315,31.47085649,97.44032822,13.57124149,0,260.54,72.21234706,29.99981699,24.78474434,20.25735364,13.69359817,50.34145757,39.07953278,-7.674005072,-0.628557901,-10.98929169,28,11,16,16,10,18,6,-7.7055,88.6693,3,3,1,-5.61
pdb7yp6.ent,0.074879227,38.95241546,5.354426384,-0.088647343,45930.7734,412.225,8,14,230.69,-6.1268,6,11.41150846,-5.557601927,39.56,412.225,390.049,412.0658946,152,1.12,1.76,2.32,2.708668567,1.930886079,452.7920023,18.99119935,12.70437218,14.70437218,11.39446595,7.210788729,10.59367097,5.614326824,8.864184507,3.672337021,6.299250508,2.537019115,4.491726317,0.3,181258.6831,21.59839957,8.12284233,5.88870225,142.3080839,141.7135416,58.46440908,16.34043675,10.21669833,43.54035908,13.15163837,15.10361181,90.27742995,13.57124149,6.420821623,230.69,60.06685617,35.10634439,14.15116714,14.52368616,13.32945637,49.4838389,41.54735296,-7.787285584,-0.702921012,-10.98155274,25,8,14,14,8,16,6,-6.1268,77.4703,4,4,1,-6.87
pdb7yp6.ent,0.074519231,38.81322115,5.358234596,-0.087259615,46186.0868,412.225,8,14,230.69,-6.1268,6,11.41150846,-5.557601927,39.56,412.225,390.049,412.0658946,152,1.12,1.76,2.32,2.708668567,1.930886079,452.7920023,18.99119935,12.70437218,14.70437218,11.39446595,7.210788729,10.59367097,5.614326824,8.864184507,3.672337021,6.299250508,2.537019115,4.491726317,0.3,181258.6831,21.59839957,8.12284233,5.88870225,142.3080839,141.7135416,58.46440908,16.34043675,10.21669833,43.54035908,13.15163837,15.10361181,90.27742995,13.57124149,6.420821623,230.69,60.06685617,35.10634439,14.15116714,14.52368616,13.32945637,49.4838389,41.54735296,-7.787285584,-0.702921012,-10.98155274,25,8,14,14,8,16,6,-6.1268,77.4703,4,4,1,-6.89
pdb7yp5.ent,0.07398568,39.06658711,5.361019707,-0.107637232,46544.4372,410.253,7,13,210.46,-4.8516,6,11.43547108,-5.502394355,39.56,410.253,386.061,410.08663,152,1.24,1.88,2.48,2.790403366,1.885578281,453.0678486,18.99119935,13.25715858,15.25715858,11.3776292,7.513103356,10.8959856,6.076894318,9.326752001,3.937765595,6.564679082,2.675244887,4.629952089,0.34,184442.8721,21.63795519,8.147990042,6.178677591,143.8787923,143.3446911,53.35788168,16.34043675,10.21669833,44.36012989,13.15163837,15.10361181,79.06693616,13.57124149,13.34455882,210.46,53.96288979,29.99981699,14.15116714,14.52368616,13.64914615,49.85334714,32.08888152,-5.002938101,1.35986321,-10.8336961,25,7,13,13,7,15,6,-4.8516,80.6275,3,3,1,-7.05
pdb7yp5.ent,0.07398568,39.06658711,5.361019707,-0.107637232,46544.4372,410.253,7,13,210.46,-4.8516,6,11.43547108,-5.502394355,39.56,410.253,386.061,410.08663,152,1.24,1.88,2.48,2.790403366,1.885578281,453.0678486,18.99119935,13.25715858,15.25715858,11.3776292,7.513103356,10.8959856,6.076894318,9.326752001,3.937765595,6.564679082,2.675244887,4.629952089,0.34,184442.8721,21.63795519,8.147990042,6.178677591,143.8787923,143.3446911,53.35788168,16.34043675,10.21669833,44.36012989,13.15163837,15.10361181,79.06693616,13.57124149,13.34455882,210.46,53.96288979,29.99981699,14.15116714,14.52368616,13.64914615,49.85334714,32.08888152,-5.002938101,1.35986321,-10.8336961,25,7,13,13,7,15,6,-4.8516,80.6275,3,3,1,-7.01
pdb7y4i.ent,0.099386503,35.43584049,6.068210411,-0.154723926,90723.9929,453.282,10,16,260.54,-7.7055,6,11.54709042,-5.561978886,43.89285714,453.282,428.082,453.103677,168,1.142857143,1.821428571,2.464285714,3.060680238,1.61221445,558.3448456,20.85300667,14.28210261,16.28210261,12.8776292,8.263920344,11.64680258,6.634611811,9.884469494,4.603825105,7.230738592,3.404590485,5.359297687,0.22,1122914.608,22.89519417,8.392696728,5.09362707,159.3125762,158.8228629,53.35788168,16.34043675,20.85027554,49.26502834,13.27557315,31.47085649,97.44032822,13.57124149,0,260.54,72.21234706,29.99981699,24.78474434,20.25735364,13.69359817,50.34145757,39.07953278,-7.674005072,-0.628557901,-10.98929169,28,11,16,16,10,18,6,-7.7055,88.6693,3,3,1,-6.53
pdb7xx4.ent,0.070886076,47.72407595,5.295768547,-0.201518987,43289.6395,574.366,11,19,309.84,-8.3026,9,12.21890479,-5.886253981,44.05555556,574.366,542.11,574.118718,216,0.861111111,1.5,2.111111111,3.055525205,1.546915006,723.5528683,26.99927104,18.45636767,20.45636767,16.65350342,10.73081892,14.07473585,8.4048342,11.84115329,5.78189322,8.907158822,3.867565033,6.463068116,0.1,41785932.71,30.63878108,12.09103866,7.186870793,204.1016972,203.819624,83.25771717,16.34043675,10.21669833,74.24625136,19.75852033,15.10361181,143.1229022,22.8318516,6.420821623,309.84,97.37963042,55.31933817,18.6749143,14.5802533,23.4629234,45.2772329,80.67692563,-17.94348998,-1.772023168,-11.64601323,36,11,19,19,11,21,9,-8.3026,110.1037,8,8,2,-8.69
pdb7xx4.ent,0.071246819,47.42597964,5.297416878,-0.196692112,43091.4204,574.366,11,19,309.84,-8.3026,9,12.21890479,-5.886253981,44.05555556,574.366,542.11,574.118718,216,0.861111111,1.5,2.111111111,3.055525205,1.546915006,723.5528683,26.99927104,18.45636767,20.45636767,16.65350342,10.73081892,14.07473585,8.4048342,11.84115329,5.78189322,8.907158822,3.867565033,6.463068116,0.1,41785932.71,30.63878108,12.09103866,7.186870793,204.1016972,203.819624,83.25771717,16.34043675,10.21669833,74.24625136,19.75852033,15.10361181,143.1229022,22.8318516,6.420821623,309.84,97.37963042,55.31933817,18.6749143,14.5802533,23.4629234,45.2772329,80.67692563,-17.94348998,-1.772023168,-11.64601323,36,11,19,19,11,21,9,-8.3026,110.1037,8,8,2,-8.74
pdb7xpu.ent,0.075471698,36.9212938,5.254105568,-0.205660377,41153.8822,599.424,12,20,319.46,-8.8537,8,12.33831391,-5.796243185,47.73684211,599.424,564.144,599.1615858,226,0.947368421,1.631578947,2.315789474,3.345600874,1.316312131,823.2082461,28.15397158,19.87977772,21.87977772,17.59866187,11.63682474,14.98074168,9.409211667,12.84553076,6.673323438,9.79858904,4.681140377,7.27664346,0.06,149044923.1,31.00571308,11.74310627,6.582434112,216.3119557,216.1392731,73.04466238,16.34043675,20.85027554,86.89465782,13.27557315,31.47085649,138.5723911,22.8318516,6.9237372,319.46,102.9182393,50.21281078,24.78474434,19.73114055,24.10733508,46.01056189,69.00007991,-16.6286995,0.502013343,-11.50167623,38,13,20,20,12,22,8,-8.8537,119.8909,6,6,2,-7.92
pdb7xpu.ent,0.075471698,36.9212938,5.254105568,-0.205660377,41153.8822,599.424,12,20,319.46,-8.8537,8,12.33831391,-5.796243185,47.73684211,599.424,564.144,599.1615858,226,0.947368421,1.631578947,2.315789474,3.345600874,1.316312131,823.2082461,28.15397158,19.87977772,21.87977772,17.59866187,11.63682474,14.98074168,9.409211667,12.84553076,6.673323438,9.79858904,4.681140377,7.27664346,0.06,149044923.1,31.00571308,11.74310627,6.582434112,216.3119557,216.1392731,73.04466238,16.34043675,20.85027554,86.89465782,13.27557315,31.47085649,138.5723911,22.8318516,6.9237372,319.46,102.9182393,50.21281078,24.78474434,19.73114055,24.10733508,46.01056189,69.00007991,-16.6286995,0.502013343,-11.50167623,38,13,20,20,12,22,8,-8.8537,119.8909,6,6,2,-7.82
pdb7xpt.ent,0.074666667,38.31946667,5.312706566,-0.217066667,41582.3455,613.407,11,21,345.35,-11.1453,9,12.20337564,-6.20313094,46.82051282,613.407,580.143,613.1419476,232,0.871794872,1.538461538,2.205128205,3.379396058,1.319489365,837.4288618,28.86107836,19.95616749,21.95616749,18.13666667,11.74498523,15.01097155,9.377396629,12.7182706,6.695211282,9.736414282,4.717467036,7.218253664,0.02,253378350.3,31.94474267,12.32511588,6.987698773,221.1061895,220.9289453,78.15118978,16.34043675,20.85027554,79.97092062,19.88245512,41.2576797,140.4989772,22.8318516,0,345.35,109.5251213,50.21281078,29.30849151,20.31392078,23.26993455,50.21190672,77.97371347,-18.30280102,-1.83720467,-12.27875217,39,12,21,21,11,23,9,-11.1453,116.8651,7,7,2,-7.89
pdb7xpt.ent,0.074666667,38.31946667,5.312706566,-0.217066667,41582.3455,613.407,11,21,345.35,-11.1453,9,12.20337564,-6.20313094,46.82051282,613.407,580.143,613.1419476,232,0.871794872,1.538461538,2.205128205,3.379396058,1.319489365,837.4288618,28.86107836,19.95616749,21.95616749,18.13666667,11.74498523,15.01097155,9.377396629,12.7182706,6.695211282,9.736414282,4.717467036,7.218253664,0.02,253378350.3,31.94474267,12.32511588,6.987698773,221.1061895,220.9289453,78.15118978,16.34043675,20.85027554,79.97092062,19.88245512,41.2576797,140.4989772,22.8318516,0,345.35,109.5251213,50.21281078,29.30849151,20.31392078,23.26993455,50.21190672,77.97371347,-18.30280102,-1.83720467,-12.27875217,39,12,21,21,11,23,9,-11.1453,116.8651,7,7,2,-7.87
pdb7xps.ent,0.075471698,37.44043127,5.254105568,-0.212668464,41169.8816,453.282,10,16,260.54,-7.7055,6,11.54709042,-5.561978886,43.89285714,453.282,428.082,453.103677,168,1.142857143,1.821428571,2.464285714,3.060680238,1.61221445,558.3448456,20.85300667,14.28210261,16.28210261,12.8776292,8.263920344,11.64680258,6.634611811,9.884469494,4.603825105,7.230738592,3.404590485,5.359297687,0.22,1122914.608,22.89519417,8.392696728,5.09362707,159.3125762,158.8228629,53.35788168,16.34043675,20.85027554,49.26502834,13.27557315,31.47085649,97.44032822,13.57124149,0,260.54,72.21234706,29.99981699,24.78474434,20.25735364,13.69359817,50.34145757,39.07953278,-7.674005072,-0.628557901,-10.98929169,28,11,16,16,10,18,6,-7.7055,88.6693,3,3,1,-5.77
pdb7xps.ent,0.075675676,37.51459459,5.185841942,-0.201081081,41013.6959,453.282,10,16,260.54,-7.7055,6,11.54709042,-5.561978886,43.89285714,453.282,428.082,453.103677,168,1.142857143,1.821428571,2.464285714,3.060680238,1.61221445,558.3448456,20.85300667,14.28210261,16.28210261,12.8776292,8.263920344,11.64680258,6.634611811,9.884469494,4.603825105,7.230738592,3.404590485,5.359297687,0.22,1122914.608,22.89519417,8.392696728,5.09362707,159.3125762,158.8228629,53.35788168,16.34043675,20.85027554,49.26502834,13.27557315,31.47085649,97.44032822,13.57124149,0,260.54,72.21234706,29.99981699,24.78474434,20.25735364,13.69359817,50.34145757,39.07953278,-7.674005072,-0.628557901,-10.98929169,28,11,16,16,10,18,6,-7.7055,88.6693,3,3,1,-5.74
pdb7xpr.ent,0.076712329,38.0890411,5.254105568,-0.24739726,40382.7056,453.282,10,16,260.54,-7.7055,6,11.54709042,-5.561978886,43.89285714,453.282,428.082,453.103677,168,1.142857143,1.821428571,2.464285714,3.060680238,1.61221445,558.3448456,20.85300667,14.28210261,16.28210261,12.8776292,8.263920344,11.64680258,6.634611811,9.884469494,4.603825105,7.230738592,3.404590485,5.359297687,0.22,1122914.608,22.89519417,8.392696728,5.09362707,159.3125762,158.8228629,53.35788168,16.34043675,20.85027554,49.26502834,13.27557315,31.47085649,97.44032822,13.57124149,0,260.54,72.21234706,29.99981699,24.78474434,20.25735364,13.69359817,50.34145757,39.07953278,-7.674005072,-0.628557901,-10.98929169,28,11,16,16,10,18,6,-7.7055,88.6693,3,3,1,-5.66
pdb7xpr.ent,0.076712329,38.0890411,5.254105568,-0.24739726,40382.7056,453.282,10,16,260.54,-7.7055,6,11.54709042,-5.561978886,43.89285714,453.282,428.082,453.103677,168,1.142857143,1.821428571,2.464285714,3.060680238,1.61221445,558.3448456,20.85300667,14.28210261,16.28210261,12.8776292,8.263920344,11.64680258,6.634611811,9.884469494,4.603825105,7.230738592,3.404590485,5.359297687,0.22,1122914.608,22.89519417,8.392696728,5.09362707,159.3125762,158.8228629,53.35788168,16.34043675,20.85027554,49.26502834,13.27557315,31.47085649,97.44032822,13.57124149,0,260.54,72.21234706,29.99981699,24.78474434,20.25735364,13.69359817,50.34145757,39.07953278,-7.674005072,-0.628557901,-10.98929169,28,11,16,16,10,18,6,-7.7055,88.6693,3,3,1,-5.65
pdb7xjv.ent,0.136094675,36.02550296,5.466342354,-0.28974359,59350.8861,615.423,13,21,339.69,-9.8813,9,12.35448675,-5.89063094,46.82051282,615.423,580.143,615.1565005,232,0.897435897,1.564102564,2.230769231,3.379396058,1.319489365,837.4288618,28.86107836,20.0340981,22.0340981,18.13666667,11.78395053,15.12786747,9.425119187,12.86143828,6.713381304,9.838646906,4.735136403,7.330639486,0.02,253378350.3,31.94474267,12.32511588,6.987698773,221.1061895,220.9289453,78.15118978,16.34043675,20.85027554,79.97092062,19.88245512,31.47085649,150.2858004,22.8318516,0,339.69,109.5251213,55.31933817,29.30849151,15.20739338,23.89818993,46.05371397,78.21748079,-17.81426366,-1.693562908,-11.65375217,39,14,21,21,13,23,9,-9.8813,121.3027,7,7,2,-7.19
pdb7xjv.ent,0.134241245,35.88274319,5.457475471,-0.295136187,60018.5542,615.423,13,21,339.69,-9.8813,9,12.35448675,-5.89063094,46.82051282,615.423,580.143,615.1565005,232,0.897435897,1.564102564,2.230769231,3.379396058,1.319489365,837.4288618,28.86107836,20.0340981,22.0340981,18.13666667,11.78395053,15.12786747,9.425119187,12.86143828,6.713381304,9.838646906,4.735136403,7.330639486,0.02,253378350.3,31.94474267,12.32511588,6.987698773,221.1061895,220.9289453,78.15118978,16.34043675,20.85027554,79.97092062,19.88245512,31.47085649,150.2858004,22.8318516,0,339.69,109.5251213,55.31933817,29.30849151,15.20739338,23.89818993,46.05371397,78.21748079,-17.81426366,-1.693562908,-11.65375217,39,14,21,21,13,23,9,-9.8813,121.3027,7,7,2,-7.33
pdb7xjv.ent,0.135029354,35.27403131,5.410810661,-0.294716243,59721.2207,615.423,13,21,339.69,-9.8813,9,12.35448675,-5.89063094,46.82051282,615.423,580.143,615.1565005,232,0.897435897,1.564102564,2.230769231,3.379396058,1.319489365,837.4288618,28.86107836,20.0340981,22.0340981,18.13666667,11.78395053,15.12786747,9.425119187,12.86143828,6.713381304,9.838646906,4.735136403,7.330639486,0.02,253378350.3,31.94474267,12.32511588,6.987698773,221.1061895,220.9289453,78.15118978,16.34043675,20.85027554,79.97092062,19.88245512,31.47085649,150.2858004,22.8318516,0,339.69,109.5251213,55.31933817,29.30849151,15.20739338,23.89818993,46.05371397,78.21748079,-17.81426366,-1.693562908,-11.65375217,39,14,21,21,13,23,9,-9.8813,121.3027,7,7,2,-7.25
pdb7xjv.ent,0.135559921,34.9678389,5.410810661,-0.28546169,59468.9742,615.423,13,21,339.69,-9.8813,9,12.35448675,-5.89063094,46.82051282,615.423,580.143,615.1565005,232,0.897435897,1.564102564,2.230769231,3.379396058,1.319489365,837.4288618,28.86107836,20.0340981,22.0340981,18.13666667,11.78395053,15.12786747,9.425119187,12.86143828,6.713381304,9.838646906,4.735136403,7.330639486,0.02,253378350.3,31.94474267,12.32511588,6.987698773,221.1061895,220.9289453,78.15118978,16.34043675,20.85027554,79.97092062,19.88245512,31.47085649,150.2858004,22.8318516,0,339.69,109.5251213,55.31933817,29.30849151,15.20739338,23.89818993,46.05371397,78.21748079,-17.81426366,-1.693562908,-11.65375217,39,14,21,21,13,23,9,-9.8813,121.3027,7,7,2,-7.28
pdb7xgx.ent,0.074135091,39.98616145,7.644696617,-0.334596376,68367.7846,574.366,11,19,309.84,-8.3026,9,12.21890479,-5.886253981,44.05555556,574.366,542.11,574.118718,216,0.861111111,1.5,2.111111111,3.055525205,1.546915006,723.5528683,26.99927104,18.45636767,20.45636767,16.65350342,10.73081892,14.07473585,8.4048342,11.84115329,5.78189322,8.907158822,3.867565033,6.463068116,0.1,41785932.71,30.63878108,12.09103866,7.186870793,204.1016972,203.819624,83.25771717,16.34043675,10.21669833,74.24625136,19.75852033,15.10361181,143.1229022,22.8318516,6.420821623,309.84,97.37963042,55.31933817,18.6749143,14.5802533,23.4629234,45.2772329,80.67692563,-17.94348998,-1.772023168,-11.64601323,36,11,19,19,11,21,9,-8.3026,110.1037,8,8,2,-9.55
pdb7xgx.ent,0.076142132,40.27377327,6.829170799,-0.30998308,66555.7483,574.366,11,19,309.84,-8.3026,9,12.21890479,-5.886253981,44.05555556,574.366,542.11,574.118718,216,0.861111111,1.5,2.111111111,3.055525205,1.546915006,723.5528683,26.99927104,18.45636767,20.45636767,16.65350342,10.73081892,14.07473585,8.4048342,11.84115329,5.78189322,8.907158822,3.867565033,6.463068116,0.1,41785932.71,30.63878108,12.09103866,7.186870793,204.1016972,203.819624,83.25771717,16.34043675,10.21669833,74.24625136,19.75852033,15.10361181,143.1229022,22.8318516,6.420821623,309.84,97.37963042,55.31933817,18.6749143,14.5802533,23.4629234,45.2772329,80.67692563,-17.94348998,-1.772023168,-11.64601323,36,11,19,19,11,21,9,-8.3026,110.1037,8,8,2,-9.42
pdb7x06.ent,0.134328358,34.5513806,6.683606148,0.06641791,91454.3276,412.225,8,14,230.69,-6.1268,6,11.41150846,-5.557601927,39.56,412.225,390.049,412.0658946,152,1.12,1.76,2.32,2.708668567,1.930886079,452.7920023,18.99119935,12.70437218,14.70437218,11.39446595,7.210788729,10.59367097,5.614326824,8.864184507,3.672337021,6.299250508,2.537019115,4.491726317,0.3,181258.6831,21.59839957,8.12284233,5.88870225,142.3080839,141.7135416,58.46440908,16.34043675,10.21669833,43.54035908,13.15163837,15.10361181,90.27742995,13.57124149,6.420821623,230.69,60.06685617,35.10634439,14.15116714,14.52368616,13.32945637,49.4838389,41.54735296,-7.787285584,-0.702921012,-10.98155274,25,8,14,14,8,16,6,-6.1268,77.4703,4,4,1,-6.39
pdb7x06.ent,0.134328358,34.5513806,6.683606148,0.06641791,91454.3276,412.225,8,14,230.69,-6.1268,6,11.41150846,-5.557601927,39.56,412.225,390.049,412.0658946,152,1.12,1.76,2.32,2.708668567,1.930886079,452.7920023,18.99119935,12.70437218,14.70437218,11.39446595,7.210788729,10.59367097,5.614326824,8.864184507,3.672337021,6.299250508,2.537019115,4.491726317,0.3,181258.6831,21.59839957,8.12284233,5.88870225,142.3080839,141.7135416,58.46440908,16.34043675,10.21669833,43.54035908,13.15163837,15.10361181,90.27742995,13.57124149,6.420821623,230.69,60.06685617,35.10634439,14.15116714,14.52368616,13.32945637,49.4838389,41.54735296,-7.787285584,-0.702921012,-10.98155274,25,8,14,14,8,16,6,-6.1268,77.4703,4,4,1,-6.39
pdb7x05.ent,0.134831461,34.16243446,6.978486824,0.07627965,91094.9957,412.225,8,14,230.69,-6.1268,6,11.41150846,-5.557601927,39.56,412.225,390.049,412.0658946,152,1.12,1.76,2.32,2.708668567,1.930886079,452.7920023,18.99119935,12.70437218,14.70437218,11.39446595,7.210788729,10.59367097,5.614326824,8.864184507,3.672337021,6.299250508,2.537019115,4.491726317,0.3,181258.6831,21.59839957,8.12284233,5.88870225,142.3080839,141.7135416,58.46440908,16.34043675,10.21669833,43.54035908,13.15163837,15.10361181,90.27742995,13.57124149,6.420821623,230.69,60.06685617,35.10634439,14.15116714,14.52368616,13.32945637,49.4838389,41.54735296,-7.787285584,-0.702921012,-10.98155274,25,8,14,14,8,16,6,-6.1268,77.4703,4,4,1,-6.38
pdb7x05.ent,0.134831461,34.16243446,6.978486824,0.07627965,91094.9957,412.225,8,14,230.69,-6.1268,6,11.41150846,-5.557601927,39.56,412.225,390.049,412.0658946,152,1.12,1.76,2.32,2.708668567,1.930886079,452.7920023,18.99119935,12.70437218,14.70437218,11.39446595,7.210788729,10.59367097,5.614326824,8.864184507,3.672337021,6.299250508,2.537019115,4.491726317,0.3,181258.6831,21.59839957,8.12284233,5.88870225,142.3080839,141.7135416,58.46440908,16.34043675,10.21669833,43.54035908,13.15163837,15.10361181,90.27742995,13.57124149,6.420821623,230.69,60.06685617,35.10634439,14.15116714,14.52368616,13.32945637,49.4838389,41.54735296,-7.787285584,-0.702921012,-10.98155274,25,8,14,14,8,16,6,-6.1268,77.4703,4,4,1,-6.39
pdb7wjn.ent,0.13490099,33.53503713,6.812858009,0.07710396,91900.8936,617.435,12,20,321.87,-8.367,11,12.52019331,-5.898921529,42.43589744,617.435,580.139,617.1609171,234,1,1.641025641,2.230769231,3.096424879,1.593295509,788.7224049,29.28372809,20.53371794,22.53371794,18.04735027,11.88551946,15.22943639,9.282665272,12.71898436,6.247939896,9.373205498,4.341384782,6.944071184,0.06,154682644.9,33.56077002,13.5723819,8.554755203,222.3814436,222.2259254,83.25771717,16.34043675,15.53348694,87.33576417,19.75852033,20.42040041,149.2886778,22.8318516,13.34455882,321.87,103.545406,60.42586557,19.46795574,13.99747307,24.25350732,46.18209235,83.99078265,-16.74896323,-0.542919531,-11.6788535,39,12,20,20,12,22,11,-8.367,122.7014,8,8,2,-7.35
pdb7wjn.ent,0.13490099,33.53503713,6.812858009,0.07710396,91900.8936,617.435,12,20,321.87,-8.367,11,12.52019331,-5.898921529,42.43589744,617.435,580.139,617.1609171,234,1,1.641025641,2.230769231,3.096424879,1.593295509,788.7224049,29.28372809,20.53371794,22.53371794,18.04735027,11.88551946,15.22943639,9.282665272,12.71898436,6.247939896,9.373205498,4.341384782,6.944071184,0.06,154682644.9,33.56077002,13.5723819,8.554755203,222.3814436,222.2259254,83.25771717,16.34043675,15.53348694,87.33576417,19.75852033,20.42040041,149.2886778,22.8318516,13.34455882,321.87,103.545406,60.42586557,19.46795574,13.99747307,24.25350732,46.18209235,83.99078265,-16.74896323,-0.542919531,-11.6788535,39,12,20,20,12,22,11,-8.367,122.7014,8,8,2,-7.35
pdb7w1h.ent,0.101351351,45.27545045,5.263086128,-0.125,50152.9511,574.366,11,19,309.84,-8.3026,9,12.21890479,-5.886253981,44.05555556,574.366,542.11,574.118718,216,0.861111111,1.5,2.111111111,3.055525205,1.546915006,723.5528683,26.99927104,18.45636767,20.45636767,16.65350342,10.73081892,14.07473585,8.4048342,11.84115329,5.78189322,8.907158822,3.867565033,6.463068116,0.1,41785932.71,30.63878108,12.09103866,7.186870793,204.1016972,203.819624,83.25771717,16.34043675,10.21669833,74.24625136,19.75852033,15.10361181,143.1229022,22.8318516,6.420821623,309.84,97.37963042,55.31933817,18.6749143,14.5802533,23.4629234,45.2772329,80.67692563,-17.94348998,-1.772023168,-11.64601323,36,11,19,19,11,21,9,-8.3026,110.1037,8,8,2,-8.82
pdb7w0k.ent,0.100656455,45.03525164,5.338056755,-0.201094092,51641.4689,412.225,8,14,230.69,-6.1268,6,11.41150846,-5.557601927,39.56,412.225,390.049,412.0658946,152,1.12,1.76,2.32,2.708668567,1.930886079,452.7920023,18.99119935,12.70437218,14.70437218,11.39446595,7.210788729,10.59367097,5.614326824,8.864184507,3.672337021,6.299250508,2.537019115,4.491726317,0.3,181258.6831,21.59839957,8.12284233,5.88870225,142.3080839,141.7135416,58.46440908,16.34043675,10.21669833,43.54035908,13.15163837,15.10361181,90.27742995,13.57124149,6.420821623,230.69,60.06685617,35.10634439,14.15116714,14.52368616,13.32945637,49.4838389,41.54735296,-7.787285584,-0.702921012,-10.98155274,25,8,14,14,8,16,6,-6.1268,77.4703,4,4,1,-7.26
pdb7vm0.ent,0.106217617,37.71398964,5.08137188,-0.288860104,43510.9104,412.225,8,14,230.69,-6.1268,6,11.41150846,-5.557601927,39.56,412.225,390.049,412.0658946,152,1.12,1.76,2.32,2.708668567,1.930886079,452.7920023,18.99119935,12.70437218,14.70437218,11.39446595,7.210788729,10.59367097,5.614326824,8.864184507,3.672337021,6.299250508,2.537019115,4.491726317,0.3,181258.6831,21.59839957,8.12284233,5.88870225,142.3080839,141.7135416,58.46440908,16.34043675,10.21669833,43.54035908,13.15163837,15.10361181,90.27742995,13.57124149,6.420821623,230.69,60.06685617,35.10634439,14.15116714,14.52368616,13.32945637,49.4838389,41.54735296,-7.787285584,-0.702921012,-10.98155274,25,8,14,14,8,16,6,-6.1268,77.4703,4,4,1,-7.19
pdb7vm0.ent,0.103448276,36.96527094,5.19323101,-0.305172414,45725.4568,412.225,8,14,230.69,-6.1268,6,11.41150846,-5.557601927,39.56,412.225,390.049,412.0658946,152,1.12,1.76,2.32,2.708668567,1.930886079,452.7920023,18.99119935,12.70437218,14.70437218,11.39446595,7.210788729,10.59367097,5.614326824,8.864184507,3.672337021,6.299250508,2.537019115,4.491726317,0.3,181258.6831,21.59839957,8.12284233,5.88870225,142.3080839,141.7135416,58.46440908,16.34043675,10.21669833,43.54035908,13.15163837,15.10361181,90.27742995,13.57124149,6.420821623,230.69,60.06685617,35.10634439,14.15116714,14.52368616,13.32945637,49.4838389,41.54735296,-7.787285584,-0.702921012,-10.98155274,25,8,14,14,8,16,6,-6.1268,77.4703,4,4,1,-7.22
pdb7vlb.ent,0.075324675,44.17535065,4.808374214,-0.18025974,42999.7651,412.225,8,14,230.69,-6.1268,6,11.41150846,-5.557601927,39.56,412.225,390.049,412.0658946,152,1.12,1.76,2.32,2.708668567,1.930886079,452.7920023,18.99119935,12.70437218,14.70437218,11.39446595,7.210788729,10.59367097,5.614326824,8.864184507,3.672337021,6.299250508,2.537019115,4.491726317,0.3,181258.6831,21.59839957,8.12284233,5.88870225,142.3080839,141.7135416,58.46440908,16.34043675,10.21669833,43.54035908,13.15163837,15.10361181,90.27742995,13.57124149,6.420821623,230.69,60.06685617,35.10634439,14.15116714,14.52368616,13.32945637,49.4838389,41.54735296,-7.787285584,-0.702921012,-10.98155274,25,8,14,14,8,16,6,-6.1268,77.4703,4,4,1,-6.88
pdb7vlb.ent,0.079320113,42.71249292,4.875955772,-0.132577904,39325.6474,412.225,8,14,230.69,-6.1268,6,11.41150846,-5.557601927,39.56,412.225,390.049,412.0658946,152,1.12,1.76,2.32,2.708668567,1.930886079,452.7920023,18.99119935,12.70437218,14.70437218,11.39446595,7.210788729,10.59367097,5.614326824,8.864184507,3.672337021,6.299250508,2.537019115,4.491726317,0.3,181258.6831,21.59839957,8.12284233,5.88870225,142.3080839,141.7135416,58.46440908,16.34043675,10.21669833,43.54035908,13.15163837,15.10361181,90.27742995,13.57124149,6.420821623,230.69,60.06685617,35.10634439,14.15116714,14.52368616,13.32945637,49.4838389,41.54735296,-7.787285584,-0.702921012,-10.98155274,25,8,14,14,8,16,6,-6.1268,77.4703,4,4,1,-7.19
pdb7vfm.ent,0.143145161,38.32725806,6.50240345,-0.419959677,58429.6016,412.225,8,14,230.69,-6.1268,6,11.41150846,-5.557601927,39.56,412.225,390.049,412.0658946,152,1.12,1.76,2.32,2.708668567,1.930886079,452.7920023,18.99119935,12.70437218,14.70437218,11.39446595,7.210788729,10.59367097,5.614326824,8.864184507,3.672337021,6.299250508,2.537019115,4.491726317,0.3,181258.6831,21.59839957,8.12284233,5.88870225,142.3080839,141.7135416,58.46440908,16.34043675,10.21669833,43.54035908,13.15163837,15.10361181,90.27742995,13.57124149,6.420821623,230.69,60.06685617,35.10634439,14.15116714,14.52368616,13.32945637,49.4838389,41.54735296,-7.787285584,-0.702921012,-10.98155274,25,8,14,14,8,16,6,-6.1268,77.4703,4,4,1,-6.6
pdb7vfm.ent,0.142268041,38.79921649,6.286415291,-0.383505155,57054.0278,412.225,8,14,230.69,-6.1268,6,11.41150846,-5.557601927,39.56,412.225,390.049,412.0658946,152,1.12,1.76,2.32,2.708668567,1.930886079,452.7920023,18.99119935,12.70437218,14.70437218,11.39446595,7.210788729,10.59367097,5.614326824,8.864184507,3.672337021,6.299250508,2.537019115,4.491726317,0.3,181258.6831,21.59839957,8.12284233,5.88870225,142.3080839,141.7135416,58.46440908,16.34043675,10.21669833,43.54035908,13.15163837,15.10361181,90.27742995,13.57124149,6.420821623,230.69,60.06685617,35.10634439,14.15116714,14.52368616,13.32945637,49.4838389,41.54735296,-7.787285584,-0.702921012,-10.98155274,25,8,14,14,8,16,6,-6.1268,77.4703,4,4,1,-6.53
pdb7vch.ent,0.114361702,49.66651596,5.715922356,-0.308776596,43274.6212,556.395,9,17,269.38,-5.9998,8,12.22669457,-5.736658654,44.97142857,556.395,522.123,556.1445388,210,0.971428571,1.628571429,2.285714286,3.106631141,1.514511795,709.8710083,26.29216426,18.8548337,20.8548337,16.09866187,10.88600776,14.22992469,8.851494175,12.28781327,6.007263928,9.13252953,3.951794779,6.547297861,0.18,24934343.45,29.73179851,11.50897164,7.39576363,200.8781718,200.6611013,73.04466238,16.34043675,10.21669833,81.98975937,13.15163837,15.10361181,120.198999,22.8318516,20.26829602,269.38,84.66878207,50.21281078,14.15116714,13.99747307,24.04823456,45.58082062,61.8511222,-13.78319922,2.481787978,-11.34608064,35,9,17,17,9,19,8,-5.9998,111.8491,6,6,2,-8.84
pdb7uby.ent,0.10701107,38.93267528,5.684319878,-0.451660517,62760.4069,574.366,11,19,309.84,-8.3026,9,12.21890479,-5.886253981,44.05555556,574.366,542.11,574.118718,216,0.861111111,1.5,2.111111111,3.055525205,1.546915006,723.5528683,26.99927104,18.45636767,20.45636767,16.65350342,10.73081892,14.07473585,8.4048342,11.84115329,5.78189322,8.907158822,3.867565033,6.463068116,0.1,41785932.71,30.63878108,12.09103866,7.186870793,204.1016972,203.819624,83.25771717,16.34043675,10.21669833,74.24625136,19.75852033,15.10361181,143.1229022,22.8318516,6.420821623,309.84,97.37963042,55.31933817,18.6749143,14.5802533,23.4629234,45.2772329,80.67692563,-17.94348998,-1.772023168,-11.64601323,36,11,19,19,11,21,9,-8.3026,110.1037,8,8,2,-8.69
pdb7uby.ent,0.107750473,37.86334594,5.672270012,-0.426654064,61208.7271,574.366,11,19,309.84,-8.3026,9,12.21890479,-5.886253981,44.05555556,574.366,542.11,574.118718,216,0.861111111,1.5,2.111111111,3.055525205,1.546915006,723.5528683,26.99927104,18.45636767,20.45636767,16.65350342,10.73081892,14.07473585,8.4048342,11.84115329,5.78189322,8.907158822,3.867565033,6.463068116,0.1,41785932.71,30.63878108,12.09103866,7.186870793,204.1016972,203.819624,83.25771717,16.34043675,10.21669833,74.24625136,19.75852033,15.10361181,143.1229022,22.8318516,6.420821623,309.84,97.37963042,55.31933817,18.6749143,14.5802533,23.4629234,45.2772329,80.67692563,-17.94348998,-1.772023168,-11.64601323,36,11,19,19,11,21,9,-8.3026,110.1037,8,8,2,-8.65
pdb7stm.ent,0.139825218,33.76659176,6.764658546,0.049563046,91622.6056,617.435,12,20,321.87,-8.367,11,12.52019331,-5.898921529,42.43589744,617.435,580.139,617.1609171,234,1,1.641025641,2.230769231,3.096424879,1.593295509,788.7224049,29.28372809,20.53371794,22.53371794,18.04735027,11.88551946,15.22943639,9.282665272,12.71898436,6.247939896,9.373205498,4.341384782,6.944071184,0.06,154682644.9,33.56077002,13.5723819,8.554755203,222.3814436,222.2259254,83.25771717,16.34043675,15.53348694,87.33576417,19.75852033,20.42040041,149.2886778,22.8318516,13.34455882,321.87,103.545406,60.42586557,19.46795574,13.99747307,24.25350732,46.18209235,83.99078265,-16.74896323,-0.542919531,-11.6788535,39,12,20,20,12,22,11,-8.367,122.7014,8,8,2,-7.64
pdb7stm.ent,0.139825218,33.76659176,6.764658546,0.049563046,91622.6056,617.435,12,20,321.87,-8.367,11,12.52019331,-5.898921529,42.43589744,617.435,580.139,617.1609171,234,1,1.641025641,2.230769231,3.096424879,1.593295509,788.7224049,29.28372809,20.53371794,22.53371794,18.04735027,11.88551946,15.22943639,9.282665272,12.71898436,6.247939896,9.373205498,4.341384782,6.944071184,0.06,154682644.9,33.56077002,13.5723819,8.554755203,222.3814436,222.2259254,83.25771717,16.34043675,15.53348694,87.33576417,19.75852033,20.42040041,149.2886778,22.8318516,13.34455882,321.87,103.545406,60.42586557,19.46795574,13.99747307,24.25350732,46.18209235,83.99078265,-16.74896323,-0.542919531,-11.6788535,39,12,20,20,12,22,11,-8.367,122.7014,8,8,2,-7.63
pdb7qib.ent,0.044982699,38.99311419,5.600425529,0.114186851,31158.5178,412.225,8,14,230.69,-6.1268,6,11.41150846,-5.557601927,39.56,412.225,390.049,412.0658946,152,1.12,1.76,2.32,2.708668567,1.930886079,452.7920023,18.99119935,12.70437218,14.70437218,11.39446595,7.210788729,10.59367097,5.614326824,8.864184507,3.672337021,6.299250508,2.537019115,4.491726317,0.3,181258.6831,21.59839957,8.12284233,5.88870225,142.3080839,141.7135416,58.46440908,16.34043675,10.21669833,43.54035908,13.15163837,15.10361181,90.27742995,13.57124149,6.420821623,230.69,60.06685617,35.10634439,14.15116714,14.52368616,13.32945637,49.4838389,41.54735296,-7.787285584,-0.702921012,-10.98155274,25,8,14,14,8,16,6,-6.1268,77.4703,4,4,1,-6.69
pdb7qib.ent,0.045138889,39.46774306,5.1398592,0.15625,30916.3159,412.225,8,14,230.69,-6.1268,6,11.41150846,-5.557601927,39.56,412.225,390.049,412.0658946,152,1.12,1.76,2.32,2.708668567,1.930886079,452.7920023,18.99119935,12.70437218,14.70437218,11.39446595,7.210788729,10.59367097,5.614326824,8.864184507,3.672337021,6.299250508,2.537019115,4.491726317,0.3,181258.6831,21.59839957,8.12284233,5.88870225,142.3080839,141.7135416,58.46440908,16.34043675,10.21669833,43.54035908,13.15163837,15.10361181,90.27742995,13.57124149,6.420821623,230.69,60.06685617,35.10634439,14.15116714,14.52368616,13.32945637,49.4838389,41.54735296,-7.787285584,-0.702921012,-10.98155274,25,8,14,14,8,16,6,-6.1268,77.4703,4,4,1,-6.65
pdb7qi9.ent,0.048951049,40.43534965,5.037890053,0.162237762,30700.0351,412.225,8,14,230.69,-6.1268,6,11.41150846,-5.557601927,39.56,412.225,390.049,412.0658946,152,1.12,1.76,2.32,2.708668567,1.930886079,452.7920023,18.99119935,12.70437218,14.70437218,11.39446595,7.210788729,10.59367097,5.614326824,8.864184507,3.672337021,6.299250508,2.537019115,4.491726317,0.3,181258.6831,21.59839957,8.12284233,5.88870225,142.3080839,141.7135416,58.46440908,16.34043675,10.21669833,43.54035908,13.15163837,15.10361181,90.27742995,13.57124149,6.420821623,230.69,60.06685617,35.10634439,14.15116714,14.52368616,13.32945637,49.4838389,41.54735296,-7.787285584,-0.702921012,-10.98155274,25,8,14,14,8,16,6,-6.1268,77.4703,4,4,1,-6.8
pdb7qi9.ent,0.044827586,39.69003448,5.1398592,0.166896552,31086.5248,412.225,8,14,230.69,-6.1268,6,11.41150846,-5.557601927,39.56,412.225,390.049,412.0658946,152,1.12,1.76,2.32,2.708668567,1.930886079,452.7920023,18.99119935,12.70437218,14.70437218,11.39446595,7.210788729,10.59367097,5.614326824,8.864184507,3.672337021,6.299250508,2.537019115,4.491726317,0.3,181258.6831,21.59839957,8.12284233,5.88870225,142.3080839,141.7135416,58.46440908,16.34043675,10.21669833,43.54035908,13.15163837,15.10361181,90.27742995,13.57124149,6.420821623,230.69,60.06685617,35.10634439,14.15116714,14.52368616,13.32945637,49.4838389,41.54735296,-7.787285584,-0.702921012,-10.98155274,25,8,14,14,8,16,6,-6.1268,77.4703,4,4,1,-6.73
pdb7q4i.ent,0.132616487,40.14555556,6.840254402,-0.517562724,32285.3086,412.225,8,14,230.69,-6.1268,6,11.41150846,-5.557601927,39.56,412.225,390.049,412.0658946,152,1.12,1.76,2.32,2.708668567,1.930886079,452.7920023,18.99119935,12.70437218,14.70437218,11.39446595,7.210788729,10.59367097,5.614326824,8.864184507,3.672337021,6.299250508,2.537019115,4.491726317,0.3,181258.6831,21.59839957,8.12284233,5.88870225,142.3080839,141.7135416,58.46440908,16.34043675,10.21669833,43.54035908,13.15163837,15.10361181,90.27742995,13.57124149,6.420821623,230.69,60.06685617,35.10634439,14.15116714,14.52368616,13.32945637,49.4838389,41.54735296,-7.787285584,-0.702921012,-10.98155274,25,8,14,14,8,16,6,-6.1268,77.4703,4,4,1,-6.53
pdb7q4i.ent,0.131672598,40.61640569,6.85781765,-0.509252669,32535.6055,412.225,8,14,230.69,-6.1268,6,11.41150846,-5.557601927,39.56,412.225,390.049,412.0658946,152,1.12,1.76,2.32,2.708668567,1.930886079,452.7920023,18.99119935,12.70437218,14.70437218,11.39446595,7.210788729,10.59367097,5.614326824,8.864184507,3.672337021,6.299250508,2.537019115,4.491726317,0.3,181258.6831,21.59839957,8.12284233,5.88870225,142.3080839,141.7135416,58.46440908,16.34043675,10.21669833,43.54035908,13.15163837,15.10361181,90.27742995,13.57124149,6.420821623,230.69,60.06685617,35.10634439,14.15116714,14.52368616,13.32945637,49.4838389,41.54735296,-7.787285584,-0.702921012,-10.98155274,25,8,14,14,8,16,6,-6.1268,77.4703,4,4,1,-6.64
pdb7q3s.ent,0.079470199,46.63490066,6.145738792,0.058057395,49772.8885,412.225,8,14,230.69,-6.1268,6,11.41150846,-5.557601927,39.56,412.225,390.049,412.0658946,152,1.12,1.76,2.32,2.708668567,1.930886079,452.7920023,18.99119935,12.70437218,14.70437218,11.39446595,7.210788729,10.59367097,5.614326824,8.864184507,3.672337021,6.299250508,2.537019115,4.491726317,0.3,181258.6831,21.59839957,8.12284233,5.88870225,142.3080839,141.7135416,58.46440908,16.34043675,10.21669833,43.54035908,13.15163837,15.10361181,90.27742995,13.57124149,6.420821623,230.69,60.06685617,35.10634439,14.15116714,14.52368616,13.32945637,49.4838389,41.54735296,-7.787285584,-0.702921012,-10.98155274,25,8,14,14,8,16,6,-6.1268,77.4703,4,4,1,-7.57
pdb7q13.ent,0.127118644,41.05630508,7.654984474,-0.180338983,67450.4221,412.225,8,14,230.69,-6.1268,6,11.41150846,-5.557601927,39.56,412.225,390.049,412.0658946,152,1.12,1.76,2.32,2.708668567,1.930886079,452.7920023,18.99119935,12.70437218,14.70437218,11.39446595,7.210788729,10.59367097,5.614326824,8.864184507,3.672337021,6.299250508,2.537019115,4.491726317,0.3,181258.6831,21.59839957,8.12284233,5.88870225,142.3080839,141.7135416,58.46440908,16.34043675,10.21669833,43.54035908,13.15163837,15.10361181,90.27742995,13.57124149,6.420821623,230.69,60.06685617,35.10634439,14.15116714,14.52368616,13.32945637,49.4838389,41.54735296,-7.787285584,-0.702921012,-10.98155274,25,8,14,14,8,16,6,-6.1268,77.4703,4,4,1,-6.98
pdb7q13.ent,0.127118644,41.05630508,7.654984474,-0.180338983,67450.4221,412.225,8,14,230.69,-6.1268,6,11.41150846,-5.557601927,39.56,412.225,390.049,412.0658946,152,1.12,1.76,2.32,2.708668567,1.930886079,452.7920023,18.99119935,12.70437218,14.70437218,11.39446595,7.210788729,10.59367097,5.614326824,8.864184507,3.672337021,6.299250508,2.537019115,4.491726317,0.3,181258.6831,21.59839957,8.12284233,5.88870225,142.3080839,141.7135416,58.46440908,16.34043675,10.21669833,43.54035908,13.15163837,15.10361181,90.27742995,13.57124149,6.420821623,230.69,60.06685617,35.10634439,14.15116714,14.52368616,13.32945637,49.4838389,41.54735296,-7.787285584,-0.702921012,-10.98155274,25,8,14,14,8,16,6,-6.1268,77.4703,4,4,1,-6.98
pdb7q13.ent,0.127118644,41.05630508,7.654984474,-0.180338983,67450.4221,412.225,8,14,230.69,-6.1268,6,11.41150846,-5.557601927,39.56,412.225,390.049,412.0658946,152,1.12,1.76,2.32,2.708668567,1.930886079,452.7920023,18.99119935,12.70437218,14.70437218,11.39446595,7.210788729,10.59367097,5.614326824,8.864184507,3.672337021,6.299250508,2.537019115,4.491726317,0.3,181258.6831,21.59839957,8.12284233,5.88870225,142.3080839,141.7135416,58.46440908,16.34043675,10.21669833,43.54035908,13.15163837,15.10361181,90.27742995,13.57124149,6.420821623,230.69,60.06685617,35.10634439,14.15116714,14.52368616,13.32945637,49.4838389,41.54735296,-7.787285584,-0.702921012,-10.98155274,25,8,14,14,8,16,6,-6.1268,77.4703,4,4,1,-6.98
pdb7q13.ent,0.127118644,41.05630508,7.654984474,-0.180338983,67450.4221,412.225,8,14,230.69,-6.1268,6,11.41150846,-5.557601927,39.56,412.225,390.049,412.0658946,152,1.12,1.76,2.32,2.708668567,1.930886079,452.7920023,18.99119935,12.70437218,14.70437218,11.39446595,7.210788729,10.59367097,5.614326824,8.864184507,3.672337021,6.299250508,2.537019115,4.491726317,0.3,181258.6831,21.59839957,8.12284233,5.88870225,142.3080839,141.7135416,58.46440908,16.34043675,10.21669833,43.54035908,13.15163837,15.10361181,90.27742995,13.57124149,6.420821623,230.69,60.06685617,35.10634439,14.15116714,14.52368616,13.32945637,49.4838389,41.54735296,-7.787285584,-0.702921012,-10.98155274,25,8,14,14,8,16,6,-6.1268,77.4703,4,4,1,-6.98
pdb7pe4.ent,0.051612903,39.20777419,4.944048882,0.147741935,33130.7017,574.366,11,19,309.84,-8.3026,9,12.21890479,-5.886253981,44.05555556,574.366,542.11,574.118718,216,0.861111111,1.5,2.111111111,3.055525205,1.546915006,723.5528683,26.99927104,18.45636767,20.45636767,16.65350342,10.73081892,14.07473585,8.4048342,11.84115329,5.78189322,8.907158822,3.867565033,6.463068116,0.1,41785932.71,30.63878108,12.09103866,7.186870793,204.1016972,203.819624,83.25771717,16.34043675,10.21669833,74.24625136,19.75852033,15.10361181,143.1229022,22.8318516,6.420821623,309.84,97.37963042,55.31933817,18.6749143,14.5802533,23.4629234,45.2772329,80.67692563,-17.94348998,-1.772023168,-11.64601323,36,11,19,19,11,21,9,-8.3026,110.1037,8,8,2,-8.17
pdb7msp.ent,0.129129129,34.77087087,5.260301018,-0.39039039,39355.3906,574.366,11,19,309.84,-8.3026,9,12.21890479,-5.886253981,44.05555556,574.366,542.11,574.118718,216,0.861111111,1.5,2.111111111,3.055525205,1.546915006,723.5528683,26.99927104,18.45636767,20.45636767,16.65350342,10.73081892,14.07473585,8.4048342,11.84115329,5.78189322,8.907158822,3.867565033,6.463068116,0.1,41785932.71,30.63878108,12.09103866,7.186870793,204.1016972,203.819624,83.25771717,16.34043675,10.21669833,74.24625136,19.75852033,15.10361181,143.1229022,22.8318516,6.420821623,309.84,97.37963042,55.31933817,18.6749143,14.5802533,23.4629234,45.2772329,80.67692563,-17.94348998,-1.772023168,-11.64601323,36,11,19,19,11,21,9,-8.3026,110.1037,8,8,2,-8.45
pdb7msp.ent,0.129129129,33.93753754,5.343058586,-0.413513514,39370.4053,574.366,11,19,309.84,-8.3026,9,12.21890479,-5.886253981,44.05555556,574.366,542.11,574.118718,216,0.861111111,1.5,2.111111111,3.055525205,1.546915006,723.5528683,26.99927104,18.45636767,20.45636767,16.65350342,10.73081892,14.07473585,8.4048342,11.84115329,5.78189322,8.907158822,3.867565033,6.463068116,0.1,41785932.71,30.63878108,12.09103866,7.186870793,204.1016972,203.819624,83.25771717,16.34043675,10.21669833,74.24625136,19.75852033,15.10361181,143.1229022,22.8318516,6.420821623,309.84,97.37963042,55.31933817,18.6749143,14.5802533,23.4629234,45.2772329,80.67692563,-17.94348998,-1.772023168,-11.64601323,36,11,19,19,11,21,9,-8.3026,110.1037,8,8,2,-8.41
pdb7msn.ent,0.110311751,34.67889688,5.471969414,-0.423980815,49233.6951,574.366,11,19,309.84,-8.3026,9,12.21890479,-5.886253981,44.05555556,574.366,542.11,574.118718,216,0.861111111,1.5,2.111111111,3.055525205,1.546915006,723.5528683,26.99927104,18.45636767,20.45636767,16.65350342,10.73081892,14.07473585,8.4048342,11.84115329,5.78189322,8.907158822,3.867565033,6.463068116,0.1,41785932.71,30.63878108,12.09103866,7.186870793,204.1016972,203.819624,83.25771717,16.34043675,10.21669833,74.24625136,19.75852033,15.10361181,143.1229022,22.8318516,6.420821623,309.84,97.37963042,55.31933817,18.6749143,14.5802533,23.4629234,45.2772329,80.67692563,-17.94348998,-1.772023168,-11.64601323,36,11,19,19,11,21,9,-8.3026,110.1037,8,8,2,-8.11
pdb7msn.ent,0.110576923,34.27524038,5.471969414,-0.423076923,49146.6178,574.366,11,19,309.84,-8.3026,9,12.21890479,-5.886253981,44.05555556,574.366,542.11,574.118718,216,0.861111111,1.5,2.111111111,3.055525205,1.546915006,723.5528683,26.99927104,18.45636767,20.45636767,16.65350342,10.73081892,14.07473585,8.4048342,11.84115329,5.78189322,8.907158822,3.867565033,6.463068116,0.1,41785932.71,30.63878108,12.09103866,7.186870793,204.1016972,203.819624,83.25771717,16.34043675,10.21669833,74.24625136,19.75852033,15.10361181,143.1229022,22.8318516,6.420821623,309.84,97.37963042,55.31933817,18.6749143,14.5802533,23.4629234,45.2772329,80.67692563,-17.94348998,-1.772023168,-11.64601323,36,11,19,19,11,21,9,-8.3026,110.1037,8,8,2,-8.15
pdb7mpk.ent,0.076142132,28.55431472,7.12433567,-0.059390863,21857.232,617.435,12,20,321.87,-8.367,11,12.52019331,-5.898921529,42.43589744,617.435,580.139,617.1609171,234,1,1.641025641,2.230769231,3.096424879,1.593295509,788.7224049,29.28372809,20.53371794,22.53371794,18.04735027,11.88551946,15.22943639,9.282665272,12.71898436,6.247939896,9.373205498,4.341384782,6.944071184,0.06,154682644.9,33.56077002,13.5723819,8.554755203,222.3814436,222.2259254,83.25771717,16.34043675,15.53348694,87.33576417,19.75852033,20.42040041,149.2886778,22.8318516,13.34455882,321.87,103.545406,60.42586557,19.46795574,13.99747307,24.25350732,46.18209235,83.99078265,-16.74896323,-0.542919531,-11.6788535,39,12,20,20,12,22,11,-8.367,122.7014,8,8,2,-7.11
pdb7mpk.ent,0.075757576,30.10707071,8.090476036,-0.081818182,22013.4177,617.435,12,20,321.87,-8.367,11,12.52019331,-5.898921529,42.43589744,617.435,580.139,617.1609171,234,1,1.641025641,2.230769231,3.096424879,1.593295509,788.7224049,29.28372809,20.53371794,22.53371794,18.04735027,11.88551946,15.22943639,9.282665272,12.71898436,6.247939896,9.373205498,4.341384782,6.944071184,0.06,154682644.9,33.56077002,13.5723819,8.554755203,222.3814436,222.2259254,83.25771717,16.34043675,15.53348694,87.33576417,19.75852033,20.42040041,149.2886778,22.8318516,13.34455882,321.87,103.545406,60.42586557,19.46795574,13.99747307,24.25350732,46.18209235,83.99078265,-16.74896323,-0.542919531,-11.6788535,39,12,20,20,12,22,11,-8.367,122.7014,8,8,2,-7.24
pdb7mpk.ent,0.076142132,28.70050761,6.336035728,-0.029949239,21860.2557,617.435,12,20,321.87,-8.367,11,12.52019331,-5.898921529,42.43589744,617.435,580.139,617.1609171,234,1,1.641025641,2.230769231,3.096424879,1.593295509,788.7224049,29.28372809,20.53371794,22.53371794,18.04735027,11.88551946,15.22943639,9.282665272,12.71898436,6.247939896,9.373205498,4.341384782,6.944071184,0.06,154682644.9,33.56077002,13.5723819,8.554755203,222.3814436,222.2259254,83.25771717,16.34043675,15.53348694,87.33576417,19.75852033,20.42040041,149.2886778,22.8318516,13.34455882,321.87,103.545406,60.42586557,19.46795574,13.99747307,24.25350732,46.18209235,83.99078265,-16.74896323,-0.542919531,-11.6788535,39,12,20,20,12,22,11,-8.367,122.7014,8,8,2,-7.28
pdb7lvy.ent,0.102088167,37.83737819,5.812889671,-0.24199536,49232.1523,412.225,8,14,230.69,-6.1268,6,11.41150846,-5.557601927,39.56,412.225,390.049,412.0658946,152,1.12,1.76,2.32,2.708668567,1.930886079,452.7920023,18.99119935,12.70437218,14.70437218,11.39446595,7.210788729,10.59367097,5.614326824,8.864184507,3.672337021,6.299250508,2.537019115,4.491726317,0.3,181258.6831,21.59839957,8.12284233,5.88870225,142.3080839,141.7135416,58.46440908,16.34043675,10.21669833,43.54035908,13.15163837,15.10361181,90.27742995,13.57124149,6.420821623,230.69,60.06685617,35.10634439,14.15116714,14.52368616,13.32945637,49.4838389,41.54735296,-7.787285584,-0.702921012,-10.98155274,25,8,14,14,8,16,6,-6.1268,77.4703,4,4,1,-7.16
pdb7lou.ent,0.113761468,38.55524771,4.697992897,-0.535779817,63368.3666,412.225,8,14,230.69,-6.1268,6,11.41150846,-5.557601927,39.56,412.225,390.049,412.0658946,152,1.12,1.76,2.32,2.708668567,1.930886079,452.7920023,18.99119935,12.70437218,14.70437218,11.39446595,7.210788729,10.59367097,5.614326824,8.864184507,3.672337021,6.299250508,2.537019115,4.491726317,0.3,181258.6831,21.59839957,8.12284233,5.88870225,142.3080839,141.7135416,58.46440908,16.34043675,10.21669833,43.54035908,13.15163837,15.10361181,90.27742995,13.57124149,6.420821623,230.69,60.06685617,35.10634439,14.15116714,14.52368616,13.32945637,49.4838389,41.54735296,-7.787285584,-0.702921012,-10.98155274,25,8,14,14,8,16,6,-6.1268,77.4703,4,4,1,-7.26
pdb7lou.ent,0.114814815,38.95927778,4.690717506,-0.540925926,62788.7208,412.225,8,14,230.69,-6.1268,6,11.41150846,-5.557601927,39.56,412.225,390.049,412.0658946,152,1.12,1.76,2.32,2.708668567,1.930886079,452.7920023,18.99119935,12.70437218,14.70437218,11.39446595,7.210788729,10.59367097,5.614326824,8.864184507,3.672337021,6.299250508,2.537019115,4.491726317,0.3,181258.6831,21.59839957,8.12284233,5.88870225,142.3080839,141.7135416,58.46440908,16.34043675,10.21669833,43.54035908,13.15163837,15.10361181,90.27742995,13.57124149,6.420821623,230.69,60.06685617,35.10634439,14.15116714,14.52368616,13.32945637,49.4838389,41.54735296,-7.787285584,-0.702921012,-10.98155274,25,8,14,14,8,16,6,-6.1268,77.4703,4,4,1,-7.19
pdb7jhl.ent,0.117824773,41.57885196,7.485092735,-0.427492447,38593.7104,617.435,12,20,321.87,-8.367,11,12.52019331,-5.898921529,42.43589744,617.435,580.139,617.1609171,234,1,1.641025641,2.230769231,3.096424879,1.593295509,788.7224049,29.28372809,20.53371794,22.53371794,18.04735027,11.88551946,15.22943639,9.282665272,12.71898436,6.247939896,9.373205498,4.341384782,6.944071184,0.06,154682644.9,33.56077002,13.5723819,8.554755203,222.3814436,222.2259254,83.25771717,16.34043675,15.53348694,87.33576417,19.75852033,20.42040041,149.2886778,22.8318516,13.34455882,321.87,103.545406,60.42586557,19.46795574,13.99747307,24.25350732,46.18209235,83.99078265,-16.74896323,-0.542919531,-11.6788535,39,12,20,20,12,22,11,-8.367,122.7014,8,8,2,-7.71
pdb7jhl.ent,0.118181818,41.67454545,7.485092735,-0.434545455,38462.5144,617.435,12,20,321.87,-8.367,11,12.52019331,-5.898921529,42.43589744,617.435,580.139,617.1609171,234,1,1.641025641,2.230769231,3.096424879,1.593295509,788.7224049,29.28372809,20.53371794,22.53371794,18.04735027,11.88551946,15.22943639,9.282665272,12.71898436,6.247939896,9.373205498,4.341384782,6.944071184,0.06,154682644.9,33.56077002,13.5723819,8.554755203,222.3814436,222.2259254,83.25771717,16.34043675,15.53348694,87.33576417,19.75852033,20.42040041,149.2886778,22.8318516,13.34455882,321.87,103.545406,60.42586557,19.46795574,13.99747307,24.25350732,46.18209235,83.99078265,-16.74896323,-0.542919531,-11.6788535,39,12,20,20,12,22,11,-8.367,122.7014,8,8,2,-7.71
pdb7fg9.ent,0.096774194,35.6158651,5.7977705,-0.081818182,38209.1509,412.225,8,14,230.69,-6.1268,6,11.41150846,-5.557601927,39.56,412.225,390.049,412.0658946,152,1.12,1.76,2.32,2.708668567,1.930886079,452.7920023,18.99119935,12.70437218,14.70437218,11.39446595,7.210788729,10.59367097,5.614326824,8.864184507,3.672337021,6.299250508,2.537019115,4.491726317,0.3,181258.6831,21.59839957,8.12284233,5.88870225,142.3080839,141.7135416,58.46440908,16.34043675,10.21669833,43.54035908,13.15163837,15.10361181,90.27742995,13.57124149,6.420821623,230.69,60.06685617,35.10634439,14.15116714,14.52368616,13.32945637,49.4838389,41.54735296,-7.787285584,-0.702921012,-10.98155274,25,8,14,14,8,16,6,-6.1268,77.4703,4,4,1,-7.24
pdb7fg9.ent,0.096774194,35.6158651,5.7977705,-0.081818182,38209.1509,412.225,8,14,230.69,-6.1268,6,11.41150846,-5.557601927,39.56,412.225,390.049,412.0658946,152,1.12,1.76,2.32,2.708668567,1.930886079,452.7920023,18.99119935,12.70437218,14.70437218,11.39446595,7.210788729,10.59367097,5.614326824,8.864184507,3.672337021,6.299250508,2.537019115,4.491726317,0.3,181258.6831,21.59839957,8.12284233,5.88870225,142.3080839,141.7135416,58.46440908,16.34043675,10.21669833,43.54035908,13.15163837,15.10361181,90.27742995,13.57124149,6.420821623,230.69,60.06685617,35.10634439,14.15116714,14.52368616,13.32945637,49.4838389,41.54735296,-7.787285584,-0.702921012,-10.98155274,25,8,14,14,8,16,6,-6.1268,77.4703,4,4,1,-7.23
pdb7erx.ent,0.066666667,51.14839506,6.208261681,0.144444444,43916.3181,412.225,8,14,230.69,-6.1268,6,11.41150846,-5.557601927,39.56,412.225,390.049,412.0658946,152,1.12,1.76,2.32,2.708668567,1.930886079,452.7920023,18.99119935,12.70437218,14.70437218,11.39446595,7.210788729,10.59367097,5.614326824,8.864184507,3.672337021,6.299250508,2.537019115,4.491726317,0.3,181258.6831,21.59839957,8.12284233,5.88870225,142.3080839,141.7135416,58.46440908,16.34043675,10.21669833,43.54035908,13.15163837,15.10361181,90.27742995,13.57124149,6.420821623,230.69,60.06685617,35.10634439,14.15116714,14.52368616,13.32945637,49.4838389,41.54735296,-7.787285584,-0.702921012,-10.98155274,25,8,14,14,8,16,6,-6.1268,77.4703,4,4,1,-7.12
pdb7c2x.ent,0.1,36.52104082,5.868364525,-0.183673469,55112.5412,412.225,8,14,230.69,-6.1268,6,11.41150846,-5.557601927,39.56,412.225,390.049,412.0658946,152,1.12,1.76,2.32,2.708668567,1.930886079,452.7920023,18.99119935,12.70437218,14.70437218,11.39446595,7.210788729,10.59367097,5.614326824,8.864184507,3.672337021,6.299250508,2.537019115,4.491726317,0.3,181258.6831,21.59839957,8.12284233,5.88870225,142.3080839,141.7135416,58.46440908,16.34043675,10.21669833,43.54035908,13.15163837,15.10361181,90.27742995,13.57124149,6.420821623,230.69,60.06685617,35.10634439,14.15116714,14.52368616,13.32945637,49.4838389,41.54735296,-7.787285584,-0.702921012,-10.98155274,25,8,14,14,8,16,6,-6.1268,77.4703,4,4,1,-7.31
pdb7bv3.ent,0.089715536,49.48971554,5.57450695,-0.091028446,50256.6965,412.225,8,14,230.69,-6.1268,6,11.41150846,-5.557601927,39.56,412.225,390.049,412.0658946,152,1.12,1.76,2.32,2.708668567,1.930886079,452.7920023,18.99119935,12.70437218,14.70437218,11.39446595,7.210788729,10.59367097,5.614326824,8.864184507,3.672337021,6.299250508,2.537019115,4.491726317,0.3,181258.6831,21.59839957,8.12284233,5.88870225,142.3080839,141.7135416,58.46440908,16.34043675,10.21669833,43.54035908,13.15163837,15.10361181,90.27742995,13.57124149,6.420821623,230.69,60.06685617,35.10634439,14.15116714,14.52368616,13.32945637,49.4838389,41.54735296,-7.787285584,-0.702921012,-10.98155274,25,8,14,14,8,16,6,-6.1268,77.4703,4,4,1,-7.29
pdb7bv3.ent,0.08428246,50.62369021,5.492317772,-0.086332574,48151.3074,412.225,8,14,230.69,-6.1268,6,11.41150846,-5.557601927,39.56,412.225,390.049,412.0658946,152,1.12,1.76,2.32,2.708668567,1.930886079,452.7920023,18.99119935,12.70437218,14.70437218,11.39446595,7.210788729,10.59367097,5.614326824,8.864184507,3.672337021,6.299250508,2.537019115,4.491726317,0.3,181258.6831,21.59839957,8.12284233,5.88870225,142.3080839,141.7135416,58.46440908,16.34043675,10.21669833,43.54035908,13.15163837,15.10361181,90.27742995,13.57124149,6.420821623,230.69,60.06685617,35.10634439,14.15116714,14.52368616,13.32945637,49.4838389,41.54735296,-7.787285584,-0.702921012,-10.98155274,25,8,14,14,8,16,6,-6.1268,77.4703,4,4,1,-7.36
pdb7bop.ent,0.169863014,40.52008219,5.785663795,-0.730958904,42981.5716,453.282,10,16,260.54,-7.7055,6,11.54709042,-5.561978886,43.89285714,453.282,428.082,453.103677,168,1.142857143,1.821428571,2.464285714,3.060680238,1.61221445,558.3448456,20.85300667,14.28210261,16.28210261,12.8776292,8.263920344,11.64680258,6.634611811,9.884469494,4.603825105,7.230738592,3.404590485,5.359297687,0.22,1122914.608,22.89519417,8.392696728,5.09362707,159.3125762,158.8228629,53.35788168,16.34043675,20.85027554,49.26502834,13.27557315,31.47085649,97.44032822,13.57124149,0,260.54,72.21234706,29.99981699,24.78474434,20.25735364,13.69359817,50.34145757,39.07953278,-7.674005072,-0.628557901,-10.98929169,28,11,16,16,10,18,6,-7.7055,88.6693,3,3,1,-6.53
pdb7bop.ent,0.169863014,39.08364384,5.881153297,-0.739452055,43022.6666,453.282,10,16,260.54,-7.7055,6,11.54709042,-5.561978886,43.89285714,453.282,428.082,453.103677,168,1.142857143,1.821428571,2.464285714,3.060680238,1.61221445,558.3448456,20.85300667,14.28210261,16.28210261,12.8776292,8.263920344,11.64680258,6.634611811,9.884469494,4.603825105,7.230738592,3.404590485,5.359297687,0.22,1122914.608,22.89519417,8.392696728,5.09362707,159.3125762,158.8228629,53.35788168,16.34043675,20.85027554,49.26502834,13.27557315,31.47085649,97.44032822,13.57124149,0,260.54,72.21234706,29.99981699,24.78474434,20.25735364,13.69359817,50.34145757,39.07953278,-7.674005072,-0.628557901,-10.98929169,28,11,16,16,10,18,6,-7.7055,88.6693,3,3,1,-6.55
pdb7bop.ent,0.166666667,40.2352957,5.968685341,-0.755107527,43684.3286,453.282,10,16,260.54,-7.7055,6,11.54709042,-5.561978886,43.89285714,453.282,428.082,453.103677,168,1.142857143,1.821428571,2.464285714,3.060680238,1.61221445,558.3448456,20.85300667,14.28210261,16.28210261,12.8776292,8.263920344,11.64680258,6.634611811,9.884469494,4.603825105,7.230738592,3.404590485,5.359297687,0.22,1122914.608,22.89519417,8.392696728,5.09362707,159.3125762,158.8228629,53.35788168,16.34043675,20.85027554,49.26502834,13.27557315,31.47085649,97.44032822,13.57124149,0,260.54,72.21234706,29.99981699,24.78474434,20.25735364,13.69359817,50.34145757,39.07953278,-7.674005072,-0.628557901,-10.98929169,28,11,16,16,10,18,6,-7.7055,88.6693,3,3,1,-6.57
pdb7bop.ent,0.169863014,40.52008219,5.785663795,-0.730958904,42981.5716,453.282,10,16,260.54,-7.7055,6,11.54709042,-5.561978886,43.89285714,453.282,428.082,453.103677,168,1.142857143,1.821428571,2.464285714,3.060680238,1.61221445,558.3448456,20.85300667,14.28210261,16.28210261,12.8776292,8.263920344,11.64680258,6.634611811,9.884469494,4.603825105,7.230738592,3.404590485,5.359297687,0.22,1122914.608,22.89519417,8.392696728,5.09362707,159.3125762,158.8228629,53.35788168,16.34043675,20.85027554,49.26502834,13.27557315,31.47085649,97.44032822,13.57124149,0,260.54,72.21234706,29.99981699,24.78474434,20.25735364,13.69359817,50.34145757,39.07953278,-7.674005072,-0.628557901,-10.98929169,28,11,16,16,10,18,6,-7.7055,88.6693,3,3,1,-6.46
pdb7bop.ent,0.166666667,40.2352957,5.968685341,-0.755107527,43684.3286,453.282,10,16,260.54,-7.7055,6,11.54709042,-5.561978886,43.89285714,453.282,428.082,453.103677,168,1.142857143,1.821428571,2.464285714,3.060680238,1.61221445,558.3448456,20.85300667,14.28210261,16.28210261,12.8776292,8.263920344,11.64680258,6.634611811,9.884469494,4.603825105,7.230738592,3.404590485,5.359297687,0.22,1122914.608,22.89519417,8.392696728,5.09362707,159.3125762,158.8228629,53.35788168,16.34043675,20.85027554,49.26502834,13.27557315,31.47085649,97.44032822,13.57124149,0,260.54,72.21234706,29.99981699,24.78474434,20.25735364,13.69359817,50.34145757,39.07953278,-7.674005072,-0.628557901,-10.98929169,28,11,16,16,10,18,6,-7.7055,88.6693,3,3,1,-6.55
pdb7bop.ent,0.166666667,40.2352957,5.968685341,-0.755107527,43684.3286,453.282,10,16,260.54,-7.7055,6,11.54709042,-5.561978886,43.89285714,453.282,428.082,453.103677,168,1.142857143,1.821428571,2.464285714,3.060680238,1.61221445,558.3448456,20.85300667,14.28210261,16.28210261,12.8776292,8.263920344,11.64680258,6.634611811,9.884469494,4.603825105,7.230738592,3.404590485,5.359297687,0.22,1122914.608,22.89519417,8.392696728,5.09362707,159.3125762,158.8228629,53.35788168,16.34043675,20.85027554,49.26502834,13.27557315,31.47085649,97.44032822,13.57124149,0,260.54,72.21234706,29.99981699,24.78474434,20.25735364,13.69359817,50.34145757,39.07953278,-7.674005072,-0.628557901,-10.98929169,28,11,16,16,10,18,6,-7.7055,88.6693,3,3,1,-6.59
pdb6yv9.ent,0.089855072,29.72814493,8.878150749,-0.077681159,37979.2497,615.423,13,21,339.69,-9.8813,9,12.35448675,-5.89063094,46.82051282,615.423,580.143,615.1565005,232,0.897435897,1.564102564,2.230769231,3.379396058,1.319489365,837.4288618,28.86107836,20.0340981,22.0340981,18.13666667,11.78395053,15.12786747,9.425119187,12.86143828,6.713381304,9.838646906,4.735136403,7.330639486,0.02,253378350.3,31.94474267,12.32511588,6.987698773,221.1061895,220.9289453,78.15118978,16.34043675,20.85027554,79.97092062,19.88245512,31.47085649,150.2858004,22.8318516,0,339.69,109.5251213,55.31933817,29.30849151,15.20739338,23.89818993,46.05371397,78.21748079,-17.81426366,-1.693562908,-11.65375217,39,14,21,21,13,23,9,-9.8813,121.3027,7,7,2,-6.85
pdb6yv9.ent,0.089595376,29.67112717,8.873509026,-0.071965318,38110.4457,615.423,13,21,339.69,-9.8813,9,12.35448675,-5.89063094,46.82051282,615.423,580.143,615.1565005,232,0.897435897,1.564102564,2.230769231,3.379396058,1.319489365,837.4288618,28.86107836,20.0340981,22.0340981,18.13666667,11.78395053,15.12786747,9.425119187,12.86143828,6.713381304,9.838646906,4.735136403,7.330639486,0.02,253378350.3,31.94474267,12.32511588,6.987698773,221.1061895,220.9289453,78.15118978,16.34043675,20.85027554,79.97092062,19.88245512,31.47085649,150.2858004,22.8318516,0,339.69,109.5251213,55.31933817,29.30849151,15.20739338,23.89818993,46.05371397,78.21748079,-17.81426366,-1.693562908,-11.65375217,39,14,21,21,13,23,9,-9.8813,121.3027,7,7,2,-7.22
pdb6y6i.ent,0.122905028,32.54639665,8.628851509,-0.122625698,40704.5397,412.225,8,14,230.69,-6.1268,6,11.41150846,-5.557601927,39.56,412.225,390.049,412.0658946,152,1.12,1.76,2.32,2.708668567,1.930886079,452.7920023,18.99119935,12.70437218,14.70437218,11.39446595,7.210788729,10.59367097,5.614326824,8.864184507,3.672337021,6.299250508,2.537019115,4.491726317,0.3,181258.6831,21.59839957,8.12284233,5.88870225,142.3080839,141.7135416,58.46440908,16.34043675,10.21669833,43.54035908,13.15163837,15.10361181,90.27742995,13.57124149,6.420821623,230.69,60.06685617,35.10634439,14.15116714,14.52368616,13.32945637,49.4838389,41.54735296,-7.787285584,-0.702921012,-10.98155274,25,8,14,14,8,16,6,-6.1268,77.4703,4,4,1,-6.43
pdb6tkv.ent,0.102564103,39.62521368,6.517295265,-0.517094017,53886.4935,453.282,10,16,260.54,-7.7055,6,11.54709042,-5.561978886,43.89285714,453.282,428.082,453.103677,168,1.142857143,1.821428571,2.464285714,3.060680238,1.61221445,558.3448456,20.85300667,14.28210261,16.28210261,12.8776292,8.263920344,11.64680258,6.634611811,9.884469494,4.603825105,7.230738592,3.404590485,5.359297687,0.22,1122914.608,22.89519417,8.392696728,5.09362707,159.3125762,158.8228629,53.35788168,16.34043675,20.85027554,49.26502834,13.27557315,31.47085649,97.44032822,13.57124149,0,260.54,72.21234706,29.99981699,24.78474434,20.25735364,13.69359817,50.34145757,39.07953278,-7.674005072,-0.628557901,-10.98929169,28,11,16,16,10,18,6,-7.7055,88.6693,3,3,1,-6.53
pdb6tkv.ent,0.101545254,40.01214128,6.603349495,-0.511479029,52240.807,453.282,10,16,260.54,-7.7055,6,11.54709042,-5.561978886,43.89285714,453.282,428.082,453.103677,168,1.142857143,1.821428571,2.464285714,3.060680238,1.61221445,558.3448456,20.85300667,14.28210261,16.28210261,12.8776292,8.263920344,11.64680258,6.634611811,9.884469494,4.603825105,7.230738592,3.404590485,5.359297687,0.22,1122914.608,22.89519417,8.392696728,5.09362707,159.3125762,158.8228629,53.35788168,16.34043675,20.85027554,49.26502834,13.27557315,31.47085649,97.44032822,13.57124149,0,260.54,72.21234706,29.99981699,24.78474434,20.25735364,13.69359817,50.34145757,39.07953278,-7.674005072,-0.628557901,-10.98929169,28,11,16,16,10,18,6,-7.7055,88.6693,3,3,1,-6.56
pdb6su6.ent,0.072805139,42.99850107,5.556716347,-0.003640257,50854.8601,574.366,11,19,309.84,-8.3026,9,12.21890479,-5.886253981,44.05555556,574.366,542.11,574.118718,216,0.861111111,1.5,2.111111111,3.055525205,1.546915006,723.5528683,26.99927104,18.45636767,20.45636767,16.65350342,10.73081892,14.07473585,8.4048342,11.84115329,5.78189322,8.907158822,3.867565033,6.463068116,0.1,41785932.71,30.63878108,12.09103866,7.186870793,204.1016972,203.819624,83.25771717,16.34043675,10.21669833,74.24625136,19.75852033,15.10361181,143.1229022,22.8318516,6.420821623,309.84,97.37963042,55.31933817,18.6749143,14.5802533,23.4629234,45.2772329,80.67692563,-17.94348998,-1.772023168,-11.64601323,36,11,19,19,11,21,9,-8.3026,110.1037,8,8,2,-8.59
pdb6su6.ent,0.07032967,44.02153846,5.731666756,-0.003516484,49624.557,574.366,11,19,309.84,-8.3026,9,12.21890479,-5.886253981,44.05555556,574.366,542.11,574.118718,216,0.861111111,1.5,2.111111111,3.055525205,1.546915006,723.5528683,26.99927104,18.45636767,20.45636767,16.65350342,10.73081892,14.07473585,8.4048342,11.84115329,5.78189322,8.907158822,3.867565033,6.463068116,0.1,41785932.71,30.63878108,12.09103866,7.186870793,204.1016972,203.819624,83.25771717,16.34043675,10.21669833,74.24625136,19.75852033,15.10361181,143.1229022,22.8318516,6.420821623,309.84,97.37963042,55.31933817,18.6749143,14.5802533,23.4629234,45.2772329,80.67692563,-17.94348998,-1.772023168,-11.64601323,36,11,19,19,11,21,9,-8.3026,110.1037,8,8,2,-8.43
pdb6s22.ent,0.107750473,46.39058601,6.334216881,-0.492816635,60563.0151,412.225,8,14,230.69,-6.1268,6,11.41150846,-5.557601927,39.56,412.225,390.049,412.0658946,152,1.12,1.76,2.32,2.708668567,1.930886079,452.7920023,18.99119935,12.70437218,14.70437218,11.39446595,7.210788729,10.59367097,5.614326824,8.864184507,3.672337021,6.299250508,2.537019115,4.491726317,0.3,181258.6831,21.59839957,8.12284233,5.88870225,142.3080839,141.7135416,58.46440908,16.34043675,10.21669833,43.54035908,13.15163837,15.10361181,90.27742995,13.57124149,6.420821623,230.69,60.06685617,35.10634439,14.15116714,14.52368616,13.32945637,49.4838389,41.54735296,-7.787285584,-0.702921012,-10.98155274,25,8,14,14,8,16,6,-6.1268,77.4703,4,4,1,-7.02
pdb6rtg.ent,0.103379722,38.34996024,5.00429821,-0.358449304,57673.3245,412.225,8,14,230.69,-6.1268,6,11.41150846,-5.557601927,39.56,412.225,390.049,412.0658946,152,1.12,1.76,2.32,2.708668567,1.930886079,452.7920023,18.99119935,12.70437218,14.70437218,11.39446595,7.210788729,10.59367097,5.614326824,8.864184507,3.672337021,6.299250508,2.537019115,4.491726317,0.3,181258.6831,21.59839957,8.12284233,5.88870225,142.3080839,141.7135416,58.46440908,16.34043675,10.21669833,43.54035908,13.15163837,15.10361181,90.27742995,13.57124149,6.420821623,230.69,60.06685617,35.10634439,14.15116714,14.52368616,13.32945637,49.4838389,41.54735296,-7.787285584,-0.702921012,-10.98155274,25,8,14,14,8,16,6,-6.1268,77.4703,4,4,1,-6.83
pdb6pxu.ent,0.102661597,52.59146388,5.891213799,-0.511026616,61070.7756,412.225,8,14,230.69,-6.1268,6,11.41150846,-5.557601927,39.56,412.225,390.049,412.0658946,152,1.12,1.76,2.32,2.708668567,1.930886079,452.7920023,18.99119935,12.70437218,14.70437218,11.39446595,7.210788729,10.59367097,5.614326824,8.864184507,3.672337021,6.299250508,2.537019115,4.491726317,0.3,181258.6831,21.59839957,8.12284233,5.88870225,142.3080839,141.7135416,58.46440908,16.34043675,10.21669833,43.54035908,13.15163837,15.10361181,90.27742995,13.57124149,6.420821623,230.69,60.06685617,35.10634439,14.15116714,14.52368616,13.32945637,49.4838389,41.54735296,-7.787285584,-0.702921012,-10.98155274,25,8,14,14,8,16,6,-6.1268,77.4703,4,4,1,-7.35
pdb6pxu.ent,0.101503759,52.3712594,5.830680275,-0.531766917,61714.4191,412.225,8,14,230.69,-6.1268,6,11.41150846,-5.557601927,39.56,412.225,390.049,412.0658946,152,1.12,1.76,2.32,2.708668567,1.930886079,452.7920023,18.99119935,12.70437218,14.70437218,11.39446595,7.210788729,10.59367097,5.614326824,8.864184507,3.672337021,6.299250508,2.537019115,4.491726317,0.3,181258.6831,21.59839957,8.12284233,5.88870225,142.3080839,141.7135416,58.46440908,16.34043675,10.21669833,43.54035908,13.15163837,15.10361181,90.27742995,13.57124149,6.420821623,230.69,60.06685617,35.10634439,14.15116714,14.52368616,13.32945637,49.4838389,41.54735296,-7.787285584,-0.702921012,-10.98155274,25,8,14,14,8,16,6,-6.1268,77.4703,4,4,1,-7.35
pdb6mw8.ent,0.150627615,39.52594142,5.94060688,-0.023849372,27042.5832,412.225,8,14,230.69,-6.1268,6,11.41150846,-5.557601927,39.56,412.225,390.049,412.0658946,152,1.12,1.76,2.32,2.708668567,1.930886079,452.7920023,18.99119935,12.70437218,14.70437218,11.39446595,7.210788729,10.59367097,5.614326824,8.864184507,3.672337021,6.299250508,2.537019115,4.491726317,0.3,181258.6831,21.59839957,8.12284233,5.88870225,142.3080839,141.7135416,58.46440908,16.34043675,10.21669833,43.54035908,13.15163837,15.10361181,90.27742995,13.57124149,6.420821623,230.69,60.06685617,35.10634439,14.15116714,14.52368616,13.32945637,49.4838389,41.54735296,-7.787285584,-0.702921012,-10.98155274,25,8,14,14,8,16,6,-6.1268,77.4703,4,4,1,-6.75
pdb6mw5.ent,0.150627615,39.52594142,5.94060688,-0.023849372,27042.5832,412.225,8,14,230.69,-6.1268,6,11.41150846,-5.557601927,39.56,412.225,390.049,412.0658946,152,1.12,1.76,2.32,2.708668567,1.930886079,452.7920023,18.99119935,12.70437218,14.70437218,11.39446595,7.210788729,10.59367097,5.614326824,8.864184507,3.672337021,6.299250508,2.537019115,4.491726317,0.3,181258.6831,21.59839957,8.12284233,5.88870225,142.3080839,141.7135416,58.46440908,16.34043675,10.21669833,43.54035908,13.15163837,15.10361181,90.27742995,13.57124149,6.420821623,230.69,60.06685617,35.10634439,14.15116714,14.52368616,13.32945637,49.4838389,41.54735296,-7.787285584,-0.702921012,-10.98155274,25,8,14,14,8,16,6,-6.1268,77.4703,4,4,1,-6.7
pdb6mgc.ent,0.087774295,38.70877743,6.780061913,-0.072413793,35126.8147,330.254,7,11,183.96,-4.9395,4,10.67352235,-4.975130222,43.19047619,330.254,309.086,330.1071748,126,1.333333333,2,2.571428571,2.63559112,1.957558821,358.3746902,15.78409257,11.07079867,12.07079867,9.687359167,6.44994394,8.160867711,5.079098769,6.464737313,3.475287206,4.018003893,2.378988625,2.760367631,-0.01,36879.82654,17.34552975,6.62366093,4.255676924,120.7204667,120.0108832,39.26042711,8.170218376,10.21669833,43.47823352,13.15163837,15.94386768,80.21536539,9.260610116,6.420821623,183.96,51.83451224,20.21299379,9.840535766,20.25735364,9.640965477,29.34896615,32.29611011,-5.973149334,-0.258009141,-4.975130222,21,8,11,11,7,12,4,-4.9395,67.8201,3,3,1,-7.15
pdb6llz.ent,0.089449541,43.21972477,6.062810707,-0.083944954,48131.5065,574.366,11,19,309.84,-8.3026,9,12.21890479,-5.886253981,44.05555556,574.366,542.11,574.118718,216,0.861111111,1.5,2.111111111,3.055525205,1.546915006,723.5528683,26.99927104,18.45636767,20.45636767,16.65350342,10.73081892,14.07473585,8.4048342,11.84115329,5.78189322,8.907158822,3.867565033,6.463068116,0.1,41785932.71,30.63878108,12.09103866,7.186870793,204.1016972,203.819624,83.25771717,16.34043675,10.21669833,74.24625136,19.75852033,15.10361181,143.1229022,22.8318516,6.420821623,309.84,97.37963042,55.31933817,18.6749143,14.5802533,23.4629234,45.2772329,80.67692563,-17.94348998,-1.772023168,-11.64601323,36,11,19,19,11,21,9,-8.3026,110.1037,8,8,2,-8.97
pdb6llz.ent,0.089449541,43.21972477,6.062810707,-0.083944954,48131.5065,574.366,11,19,309.84,-8.3026,9,12.21890479,-5.886253981,44.05555556,574.366,542.11,574.118718,216,0.861111111,1.5,2.111111111,3.055525205,1.546915006,723.5528683,26.99927104,18.45636767,20.45636767,16.65350342,10.73081892,14.07473585,8.4048342,11.84115329,5.78189322,8.907158822,3.867565033,6.463068116,0.1,41785932.71,30.63878108,12.09103866,7.186870793,204.1016972,203.819624,83.25771717,16.34043675,10.21669833,74.24625136,19.75852033,15.10361181,143.1229022,22.8318516,6.420821623,309.84,97.37963042,55.31933817,18.6749143,14.5802533,23.4629234,45.2772329,80.67692563,-17.94348998,-1.772023168,-11.64601323,36,11,19,19,11,21,9,-8.3026,110.1037,8,8,2,-9.25
pdb6llw.ent,0.090069284,43.89468822,6.062810707,-0.097459584,47846.1671,412.225,8,14,230.69,-6.1268,6,11.41150846,-5.557601927,39.56,412.225,390.049,412.0658946,152,1.12,1.76,2.32,2.708668567,1.930886079,452.7920023,18.99119935,12.70437218,14.70437218,11.39446595,7.210788729,10.59367097,5.614326824,8.864184507,3.672337021,6.299250508,2.537019115,4.491726317,0.3,181258.6831,21.59839957,8.12284233,5.88870225,142.3080839,141.7135416,58.46440908,16.34043675,10.21669833,43.54035908,13.15163837,15.10361181,90.27742995,13.57124149,6.420821623,230.69,60.06685617,35.10634439,14.15116714,14.52368616,13.32945637,49.4838389,41.54735296,-7.787285584,-0.702921012,-10.98155274,25,8,14,14,8,16,6,-6.1268,77.4703,4,4,1,-7.52
pdb6llw.ent,0.091981132,44.78089623,6.016600609,-0.06509434,46766.9601,412.225,8,14,230.69,-6.1268,6,11.41150846,-5.557601927,39.56,412.225,390.049,412.0658946,152,1.12,1.76,2.32,2.708668567,1.930886079,452.7920023,18.99119935,12.70437218,14.70437218,11.39446595,7.210788729,10.59367097,5.614326824,8.864184507,3.672337021,6.299250508,2.537019115,4.491726317,0.3,181258.6831,21.59839957,8.12284233,5.88870225,142.3080839,141.7135416,58.46440908,16.34043675,10.21669833,43.54035908,13.15163837,15.10361181,90.27742995,13.57124149,6.420821623,230.69,60.06685617,35.10634439,14.15116714,14.52368616,13.32945637,49.4838389,41.54735296,-7.787285584,-0.702921012,-10.98155274,25,8,14,14,8,16,6,-6.1268,77.4703,4,4,1,-7.3
pdb6lg1.ent,0.072261072,46.92354312,5.573483849,0.318881119,45624.0031,412.225,8,14,230.69,-6.1268,6,11.41150846,-5.557601927,39.56,412.225,390.049,412.0658946,152,1.12,1.76,2.32,2.708668567,1.930886079,452.7920023,18.99119935,12.70437218,14.70437218,11.39446595,7.210788729,10.59367097,5.614326824,8.864184507,3.672337021,6.299250508,2.537019115,4.491726317,0.3,181258.6831,21.59839957,8.12284233,5.88870225,142.3080839,141.7135416,58.46440908,16.34043675,10.21669833,43.54035908,13.15163837,15.10361181,90.27742995,13.57124149,6.420821623,230.69,60.06685617,35.10634439,14.15116714,14.52368616,13.32945637,49.4838389,41.54735296,-7.787285584,-0.702921012,-10.98155274,25,8,14,14,8,16,6,-6.1268,77.4703,4,4,1,-7.19
pdb6lg1.ent,0.072941176,46.52752941,5.573483849,0.294588235,45195.4803,412.225,8,14,230.69,-6.1268,6,11.41150846,-5.557601927,39.56,412.225,390.049,412.0658946,152,1.12,1.76,2.32,2.708668567,1.930886079,452.7920023,18.99119935,12.70437218,14.70437218,11.39446595,7.210788729,10.59367097,5.614326824,8.864184507,3.672337021,6.299250508,2.537019115,4.491726317,0.3,181258.6831,21.59839957,8.12284233,5.88870225,142.3080839,141.7135416,58.46440908,16.34043675,10.21669833,43.54035908,13.15163837,15.10361181,90.27742995,13.57124149,6.420821623,230.69,60.06685617,35.10634439,14.15116714,14.52368616,13.32945637,49.4838389,41.54735296,-7.787285584,-0.702921012,-10.98155274,25,8,14,14,8,16,6,-6.1268,77.4703,4,4,1,-7.25
pdb6lg0.ent,0.074492099,41.36636569,5.700803185,0.036568849,48622.4671,412.225,8,14,230.69,-6.1268,6,11.41150846,-5.557601927,39.56,412.225,390.049,412.0658946,152,1.12,1.76,2.32,2.708668567,1.930886079,452.7920023,18.99119935,12.70437218,14.70437218,11.39446595,7.210788729,10.59367097,5.614326824,8.864184507,3.672337021,6.299250508,2.537019115,4.491726317,0.3,181258.6831,21.59839957,8.12284233,5.88870225,142.3080839,141.7135416,58.46440908,16.34043675,10.21669833,43.54035908,13.15163837,15.10361181,90.27742995,13.57124149,6.420821623,230.69,60.06685617,35.10634439,14.15116714,14.52368616,13.32945637,49.4838389,41.54735296,-7.787285584,-0.702921012,-10.98155274,25,8,14,14,8,16,6,-6.1268,77.4703,4,4,1,-7.47
pdb6lg0.ent,0.074157303,42.12629213,5.793507576,0.034831461,48891.8104,412.225,8,14,230.69,-6.1268,6,11.41150846,-5.557601927,39.56,412.225,390.049,412.0658946,152,1.12,1.76,2.32,2.708668567,1.930886079,452.7920023,18.99119935,12.70437218,14.70437218,11.39446595,7.210788729,10.59367097,5.614326824,8.864184507,3.672337021,6.299250508,2.537019115,4.491726317,0.3,181258.6831,21.59839957,8.12284233,5.88870225,142.3080839,141.7135416,58.46440908,16.34043675,10.21669833,43.54035908,13.15163837,15.10361181,90.27742995,13.57124149,6.420821623,230.69,60.06685617,35.10634439,14.15116714,14.52368616,13.32945637,49.4838389,41.54735296,-7.787285584,-0.702921012,-10.98155274,25,8,14,14,8,16,6,-6.1268,77.4703,4,4,1,-7.39
pdb6lg0.ent,0.075170843,42.95216401,5.550236702,0.042596811,48257.0397,412.225,8,14,230.69,-6.1268,6,11.41150846,-5.557601927,39.56,412.225,390.049,412.0658946,152,1.12,1.76,2.32,2.708668567,1.930886079,452.7920023,18.99119935,12.70437218,14.70437218,11.39446595,7.210788729,10.59367097,5.614326824,8.864184507,3.672337021,6.299250508,2.537019115,4.491726317,0.3,181258.6831,21.59839957,8.12284233,5.88870225,142.3080839,141.7135416,58.46440908,16.34043675,10.21669833,43.54035908,13.15163837,15.10361181,90.27742995,13.57124149,6.420821623,230.69,60.06685617,35.10634439,14.15116714,14.52368616,13.32945637,49.4838389,41.54735296,-7.787285584,-0.702921012,-10.98155274,25,8,14,14,8,16,6,-6.1268,77.4703,4,4,1,-7.26
pdb6lg0.ent,0.073226545,41.8187643,5.6121912,0.067734554,47944.7612,412.225,8,14,230.69,-6.1268,6,11.41150846,-5.557601927,39.56,412.225,390.049,412.0658946,152,1.12,1.76,2.32,2.708668567,1.930886079,452.7920023,18.99119935,12.70437218,14.70437218,11.39446595,7.210788729,10.59367097,5.614326824,8.864184507,3.672337021,6.299250508,2.537019115,4.491726317,0.3,181258.6831,21.59839957,8.12284233,5.88870225,142.3080839,141.7135416,58.46440908,16.34043675,10.21669833,43.54035908,13.15163837,15.10361181,90.27742995,13.57124149,6.420821623,230.69,60.06685617,35.10634439,14.15116714,14.52368616,13.32945637,49.4838389,41.54735296,-7.787285584,-0.702921012,-10.98155274,25,8,14,14,8,16,6,-6.1268,77.4703,4,4,1,-7.29
pdb6lg0.ent,0.074492099,42.65462754,5.794075966,0.026410835,48735.6281,412.225,8,14,230.69,-6.1268,6,11.41150846,-5.557601927,39.56,412.225,390.049,412.0658946,152,1.12,1.76,2.32,2.708668567,1.930886079,452.7920023,18.99119935,12.70437218,14.70437218,11.39446595,7.210788729,10.59367097,5.614326824,8.864184507,3.672337021,6.299250508,2.537019115,4.491726317,0.3,181258.6831,21.59839957,8.12284233,5.88870225,142.3080839,141.7135416,58.46440908,16.34043675,10.21669833,43.54035908,13.15163837,15.10361181,90.27742995,13.57124149,6.420821623,230.69,60.06685617,35.10634439,14.15116714,14.52368616,13.32945637,49.4838389,41.54735296,-7.787285584,-0.702921012,-10.98155274,25,8,14,14,8,16,6,-6.1268,77.4703,4,4,1,-7.33
pdb6lg0.ent,0.074324324,42.00743243,5.70103054,0.031756757,48806.6628,412.225,8,14,230.69,-6.1268,6,11.41150846,-5.557601927,39.56,412.225,390.049,412.0658946,152,1.12,1.76,2.32,2.708668567,1.930886079,452.7920023,18.99119935,12.70437218,14.70437218,11.39446595,7.210788729,10.59367097,5.614326824,8.864184507,3.672337021,6.299250508,2.537019115,4.491726317,0.3,181258.6831,21.59839957,8.12284233,5.88870225,142.3080839,141.7135416,58.46440908,16.34043675,10.21669833,43.54035908,13.15163837,15.10361181,90.27742995,13.57124149,6.420821623,230.69,60.06685617,35.10634439,14.15116714,14.52368616,13.32945637,49.4838389,41.54735296,-7.787285584,-0.702921012,-10.98155274,25,8,14,14,8,16,6,-6.1268,77.4703,4,4,1,-7.23
pdb6lfz.ent,0.07816092,40.01816092,5.920599556,-0.074482759,48700.3311,574.366,11,19,309.84,-8.3026,9,12.21890479,-5.886253981,44.05555556,574.366,542.11,574.118718,216,0.861111111,1.5,2.111111111,3.055525205,1.546915006,723.5528683,26.99927104,18.45636767,20.45636767,16.65350342,10.73081892,14.07473585,8.4048342,11.84115329,5.78189322,8.907158822,3.867565033,6.463068116,0.1,41785932.71,30.63878108,12.09103866,7.186870793,204.1016972,203.819624,83.25771717,16.34043675,10.21669833,74.24625136,19.75852033,15.10361181,143.1229022,22.8318516,6.420821623,309.84,97.37963042,55.31933817,18.6749143,14.5802533,23.4629234,45.2772329,80.67692563,-17.94348998,-1.772023168,-11.64601323,36,11,19,19,11,21,9,-8.3026,110.1037,8,8,2,-9.06
pdb6lfz.ent,0.077448747,39.35785877,5.921736336,-0.076082005,49187.9444,574.366,11,19,309.84,-8.3026,9,12.21890479,-5.886253981,44.05555556,574.366,542.11,574.118718,216,0.861111111,1.5,2.111111111,3.055525205,1.546915006,723.5528683,26.99927104,18.45636767,20.45636767,16.65350342,10.73081892,14.07473585,8.4048342,11.84115329,5.78189322,8.907158822,3.867565033,6.463068116,0.1,41785932.71,30.63878108,12.09103866,7.186870793,204.1016972,203.819624,83.25771717,16.34043675,10.21669833,74.24625136,19.75852033,15.10361181,143.1229022,22.8318516,6.420821623,309.84,97.37963042,55.31933817,18.6749143,14.5802533,23.4629234,45.2772329,80.67692563,-17.94348998,-1.772023168,-11.64601323,36,11,19,19,11,21,9,-8.3026,110.1037,8,8,2,-9.1
pdb6lf6.ent,0.089715536,39.71269147,5.500218391,0.172428884,48833.2483,412.225,8,14,230.69,-6.1268,6,11.41150846,-5.557601927,39.56,412.225,390.049,412.0658946,152,1.12,1.76,2.32,2.708668567,1.930886079,452.7920023,18.99119935,12.70437218,14.70437218,11.39446595,7.210788729,10.59367097,5.614326824,8.864184507,3.672337021,6.299250508,2.537019115,4.491726317,0.3,181258.6831,21.59839957,8.12284233,5.88870225,142.3080839,141.7135416,58.46440908,16.34043675,10.21669833,43.54035908,13.15163837,15.10361181,90.27742995,13.57124149,6.420821623,230.69,60.06685617,35.10634439,14.15116714,14.52368616,13.32945637,49.4838389,41.54735296,-7.787285584,-0.702921012,-10.98155274,25,8,14,14,8,16,6,-6.1268,77.4703,4,4,1,-7.29
pdb6l8z.ent,0.09009009,46.90993243,5.312706566,-0.27545045,50142.7271,574.366,11,19,309.84,-8.3026,9,12.21890479,-5.886253981,44.05555556,574.366,542.11,574.118718,216,0.861111111,1.5,2.111111111,3.055525205,1.546915006,723.5528683,26.99927104,18.45636767,20.45636767,16.65350342,10.73081892,14.07473585,8.4048342,11.84115329,5.78189322,8.907158822,3.867565033,6.463068116,0.1,41785932.71,30.63878108,12.09103866,7.186870793,204.1016972,203.819624,83.25771717,16.34043675,10.21669833,74.24625136,19.75852033,15.10361181,143.1229022,22.8318516,6.420821623,309.84,97.37963042,55.31933817,18.6749143,14.5802533,23.4629234,45.2772329,80.67692563,-17.94348998,-1.772023168,-11.64601323,36,11,19,19,11,21,9,-8.3026,110.1037,8,8,2,-8.29
pdb6l5q.ent,0.097222222,39.18263889,6.388043404,0.102083333,47622.7776,412.225,8,14,230.69,-6.1268,6,11.41150846,-5.557601927,39.56,412.225,390.049,412.0658946,152,1.12,1.76,2.32,2.708668567,1.930886079,452.7920023,18.99119935,12.70437218,14.70437218,11.39446595,7.210788729,10.59367097,5.614326824,8.864184507,3.672337021,6.299250508,2.537019115,4.491726317,0.3,181258.6831,21.59839957,8.12284233,5.88870225,142.3080839,141.7135416,58.46440908,16.34043675,10.21669833,43.54035908,13.15163837,15.10361181,90.27742995,13.57124149,6.420821623,230.69,60.06685617,35.10634439,14.15116714,14.52368616,13.32945637,49.4838389,41.54735296,-7.787285584,-0.702921012,-10.98155274,25,8,14,14,8,16,6,-6.1268,77.4703,4,4,1,-8.86
pdb6kvj.ent,0.100446429,44.3671875,5.281672478,-0.19375,50783.233,544.34,10,18,289.61,-7.6635,8,12.13839939,-5.76226746,43.73529412,544.34,514.1,544.1081533,204,0.941176471,1.617647059,2.264705882,3.003017926,1.524164088,679.6203362,25.42192077,17.4318038,19.4318038,15.70481502,10.13423069,13.47814763,7.957814051,11.39413314,5.387682151,8.512947753,3.585774011,6.19376292,0.14,16666464.2,28.70729211,11.25928275,6.913857355,192.9425213,192.6091302,78.15118978,16.34043675,10.21669833,68.14228497,19.75852033,15.10361181,131.9124084,22.8318516,6.420821623,289.61,91.27566403,55.31933817,18.6749143,9.473725908,23.32515991,44.92384245,70.84667276,-15.50557347,-1.42053885,-11.44734057,34,10,18,18,10,20,8,-7.6635,104.0969,7,7,2,-8.35
pdb6kqx.ent,0.080745342,44.85717391,4.592954445,-0.031987578,35755.5594,412.225,8,14,230.69,-6.1268,6,11.41150846,-5.557601927,39.56,412.225,390.049,412.0658946,152,1.12,1.76,2.32,2.708668567,1.930886079,452.7920023,18.99119935,12.70437218,14.70437218,11.39446595,7.210788729,10.59367097,5.614326824,8.864184507,3.672337021,6.299250508,2.537019115,4.491726317,0.3,181258.6831,21.59839957,8.12284233,5.88870225,142.3080839,141.7135416,58.46440908,16.34043675,10.21669833,43.54035908,13.15163837,15.10361181,90.27742995,13.57124149,6.420821623,230.69,60.06685617,35.10634439,14.15116714,14.52368616,13.32945637,49.4838389,41.54735296,-7.787285584,-0.702921012,-10.98155274,25,8,14,14,8,16,6,-6.1268,77.4703,4,4,1,-7.09
pdb6kih.ent,0.0975,41.808525,6.236169624,-0.1395,44597.3526,412.225,8,14,230.69,-6.1268,6,11.41150846,-5.557601927,39.56,412.225,390.049,412.0658946,152,1.12,1.76,2.32,2.708668567,1.930886079,452.7920023,18.99119935,12.70437218,14.70437218,11.39446595,7.210788729,10.59367097,5.614326824,8.864184507,3.672337021,6.299250508,2.537019115,4.491726317,0.3,181258.6831,21.59839957,8.12284233,5.88870225,142.3080839,141.7135416,58.46440908,16.34043675,10.21669833,43.54035908,13.15163837,15.10361181,90.27742995,13.57124149,6.420821623,230.69,60.06685617,35.10634439,14.15116714,14.52368616,13.32945637,49.4838389,41.54735296,-7.787285584,-0.702921012,-10.98155274,25,8,14,14,8,16,6,-6.1268,77.4703,4,4,1,-7.45
pdb6kih.ent,0.097744361,41.88824561,6.236169624,-0.149373434,44484.195,412.225,8,14,230.69,-6.1268,6,11.41150846,-5.557601927,39.56,412.225,390.049,412.0658946,152,1.12,1.76,2.32,2.708668567,1.930886079,452.7920023,18.99119935,12.70437218,14.70437218,11.39446595,7.210788729,10.59367097,5.614326824,8.864184507,3.672337021,6.299250508,2.537019115,4.491726317,0.3,181258.6831,21.59839957,8.12284233,5.88870225,142.3080839,141.7135416,58.46440908,16.34043675,10.21669833,43.54035908,13.15163837,15.10361181,90.27742995,13.57124149,6.420821623,230.69,60.06685617,35.10634439,14.15116714,14.52368616,13.32945637,49.4838389,41.54735296,-7.787285584,-0.702921012,-10.98155274,25,8,14,14,8,16,6,-6.1268,77.4703,4,4,1,-7.38
pdb6kih.ent,0.0975,41.808525,6.236169624,-0.1395,44597.3526,412.225,8,14,230.69,-6.1268,6,11.41150846,-5.557601927,39.56,412.225,390.049,412.0658946,152,1.12,1.76,2.32,2.708668567,1.930886079,452.7920023,18.99119935,12.70437218,14.70437218,11.39446595,7.210788729,10.59367097,5.614326824,8.864184507,3.672337021,6.299250508,2.537019115,4.491726317,0.3,181258.6831,21.59839957,8.12284233,5.88870225,142.3080839,141.7135416,58.46440908,16.34043675,10.21669833,43.54035908,13.15163837,15.10361181,90.27742995,13.57124149,6.420821623,230.69,60.06685617,35.10634439,14.15116714,14.52368616,13.32945637,49.4838389,41.54735296,-7.787285584,-0.702921012,-10.98155274,25,8,14,14,8,16,6,-6.1268,77.4703,4,4,1,-7.33
pdb6kih.ent,0.097744361,41.88824561,6.236169624,-0.149373434,44484.195,412.225,8,14,230.69,-6.1268,6,11.41150846,-5.557601927,39.56,412.225,390.049,412.0658946,152,1.12,1.76,2.32,2.708668567,1.930886079,452.7920023,18.99119935,12.70437218,14.70437218,11.39446595,7.210788729,10.59367097,5.614326824,8.864184507,3.672337021,6.299250508,2.537019115,4.491726317,0.3,181258.6831,21.59839957,8.12284233,5.88870225,142.3080839,141.7135416,58.46440908,16.34043675,10.21669833,43.54035908,13.15163837,15.10361181,90.27742995,13.57124149,6.420821623,230.69,60.06685617,35.10634439,14.15116714,14.52368616,13.32945637,49.4838389,41.54735296,-7.787285584,-0.702921012,-10.98155274,25,8,14,14,8,16,6,-6.1268,77.4703,4,4,1,-7.35
pdb6kih.ent,0.0975,41.808525,6.236169624,-0.1395,44597.3526,412.225,8,14,230.69,-6.1268,6,11.41150846,-5.557601927,39.56,412.225,390.049,412.0658946,152,1.12,1.76,2.32,2.708668567,1.930886079,452.7920023,18.99119935,12.70437218,14.70437218,11.39446595,7.210788729,10.59367097,5.614326824,8.864184507,3.672337021,6.299250508,2.537019115,4.491726317,0.3,181258.6831,21.59839957,8.12284233,5.88870225,142.3080839,141.7135416,58.46440908,16.34043675,10.21669833,43.54035908,13.15163837,15.10361181,90.27742995,13.57124149,6.420821623,230.69,60.06685617,35.10634439,14.15116714,14.52368616,13.32945637,49.4838389,41.54735296,-7.787285584,-0.702921012,-10.98155274,25,8,14,14,8,16,6,-6.1268,77.4703,4,4,1,-7.31
pdb6kih.ent,0.097744361,41.88824561,6.236169624,-0.149373434,44484.195,412.225,8,14,230.69,-6.1268,6,11.41150846,-5.557601927,39.56,412.225,390.049,412.0658946,152,1.12,1.76,2.32,2.708668567,1.930886079,452.7920023,18.99119935,12.70437218,14.70437218,11.39446595,7.210788729,10.59367097,5.614326824,8.864184507,3.672337021,6.299250508,2.537019115,4.491726317,0.3,181258.6831,21.59839957,8.12284233,5.88870225,142.3080839,141.7135416,58.46440908,16.34043675,10.21669833,43.54035908,13.15163837,15.10361181,90.27742995,13.57124149,6.420821623,230.69,60.06685617,35.10634439,14.15116714,14.52368616,13.32945637,49.4838389,41.54735296,-7.787285584,-0.702921012,-10.98155274,25,8,14,14,8,16,6,-6.1268,77.4703,4,4,1,-7.38
pdb6kih.ent,0.0975,41.808525,6.236169624,-0.1395,44597.3526,412.225,8,14,230.69,-6.1268,6,11.41150846,-5.557601927,39.56,412.225,390.049,412.0658946,152,1.12,1.76,2.32,2.708668567,1.930886079,452.7920023,18.99119935,12.70437218,14.70437218,11.39446595,7.210788729,10.59367097,5.614326824,8.864184507,3.672337021,6.299250508,2.537019115,4.491726317,0.3,181258.6831,21.59839957,8.12284233,5.88870225,142.3080839,141.7135416,58.46440908,16.34043675,10.21669833,43.54035908,13.15163837,15.10361181,90.27742995,13.57124149,6.420821623,230.69,60.06685617,35.10634439,14.15116714,14.52368616,13.32945637,49.4838389,41.54735296,-7.787285584,-0.702921012,-10.98155274,25,8,14,14,8,16,6,-6.1268,77.4703,4,4,1,-7.34
pdb6kih.ent,0.097744361,41.88824561,6.236169624,-0.149373434,44484.195,412.225,8,14,230.69,-6.1268,6,11.41150846,-5.557601927,39.56,412.225,390.049,412.0658946,152,1.12,1.76,2.32,2.708668567,1.930886079,452.7920023,18.99119935,12.70437218,14.70437218,11.39446595,7.210788729,10.59367097,5.614326824,8.864184507,3.672337021,6.299250508,2.537019115,4.491726317,0.3,181258.6831,21.59839957,8.12284233,5.88870225,142.3080839,141.7135416,58.46440908,16.34043675,10.21669833,43.54035908,13.15163837,15.10361181,90.27742995,13.57124149,6.420821623,230.69,60.06685617,35.10634439,14.15116714,14.52368616,13.32945637,49.4838389,41.54735296,-7.787285584,-0.702921012,-10.98155274,25,8,14,14,8,16,6,-6.1268,77.4703,4,4,1,-7.39
pdb6kih.ent,0.097744361,41.88824561,6.236169624,-0.149373434,44484.195,412.225,8,14,230.69,-6.1268,6,11.41150846,-5.557601927,39.56,412.225,390.049,412.0658946,152,1.12,1.76,2.32,2.708668567,1.930886079,452.7920023,18.99119935,12.70437218,14.70437218,11.39446595,7.210788729,10.59367097,5.614326824,8.864184507,3.672337021,6.299250508,2.537019115,4.491726317,0.3,181258.6831,21.59839957,8.12284233,5.88870225,142.3080839,141.7135416,58.46440908,16.34043675,10.21669833,43.54035908,13.15163837,15.10361181,90.27742995,13.57124149,6.420821623,230.69,60.06685617,35.10634439,14.15116714,14.52368616,13.32945637,49.4838389,41.54735296,-7.787285584,-0.702921012,-10.98155274,25,8,14,14,8,16,6,-6.1268,77.4703,4,4,1,-7.4
pdb6kih.ent,0.0975,41.808525,6.236169624,-0.1395,44597.3526,412.225,8,14,230.69,-6.1268,6,11.41150846,-5.557601927,39.56,412.225,390.049,412.0658946,152,1.12,1.76,2.32,2.708668567,1.930886079,452.7920023,18.99119935,12.70437218,14.70437218,11.39446595,7.210788729,10.59367097,5.614326824,8.864184507,3.672337021,6.299250508,2.537019115,4.491726317,0.3,181258.6831,21.59839957,8.12284233,5.88870225,142.3080839,141.7135416,58.46440908,16.34043675,10.21669833,43.54035908,13.15163837,15.10361181,90.27742995,13.57124149,6.420821623,230.69,60.06685617,35.10634439,14.15116714,14.52368616,13.32945637,49.4838389,41.54735296,-7.787285584,-0.702921012,-10.98155274,25,8,14,14,8,16,6,-6.1268,77.4703,4,4,1,-7.34
pdb6kih.ent,0.097744361,41.88824561,6.236169624,-0.149373434,44484.195,412.225,8,14,230.69,-6.1268,6,11.41150846,-5.557601927,39.56,412.225,390.049,412.0658946,152,1.12,1.76,2.32,2.708668567,1.930886079,452.7920023,18.99119935,12.70437218,14.70437218,11.39446595,7.210788729,10.59367097,5.614326824,8.864184507,3.672337021,6.299250508,2.537019115,4.491726317,0.3,181258.6831,21.59839957,8.12284233,5.88870225,142.3080839,141.7135416,58.46440908,16.34043675,10.21669833,43.54035908,13.15163837,15.10361181,90.27742995,13.57124149,6.420821623,230.69,60.06685617,35.10634439,14.15116714,14.52368616,13.32945637,49.4838389,41.54735296,-7.787285584,-0.702921012,-10.98155274,25,8,14,14,8,16,6,-6.1268,77.4703,4,4,1,-7.37
pdb6kih.ent,0.0975,41.808525,6.236169624,-0.1395,44597.3526,412.225,8,14,230.69,-6.1268,6,11.41150846,-5.557601927,39.56,412.225,390.049,412.0658946,152,1.12,1.76,2.32,2.708668567,1.930886079,452.7920023,18.99119935,12.70437218,14.70437218,11.39446595,7.210788729,10.59367097,5.614326824,8.864184507,3.672337021,6.299250508,2.537019115,4.491726317,0.3,181258.6831,21.59839957,8.12284233,5.88870225,142.3080839,141.7135416,58.46440908,16.34043675,10.21669833,43.54035908,13.15163837,15.10361181,90.27742995,13.57124149,6.420821623,230.69,60.06685617,35.10634439,14.15116714,14.52368616,13.32945637,49.4838389,41.54735296,-7.787285584,-0.702921012,-10.98155274,25,8,14,14,8,16,6,-6.1268,77.4703,4,4,1,-7.35
pdb6jtd.ent,0.077568134,48.60167715,5.820733452,-0.117190776,53204.7867,412.225,8,14,230.69,-6.1268,6,11.41150846,-5.557601927,39.56,412.225,390.049,412.0658946,152,1.12,1.76,2.32,2.708668567,1.930886079,452.7920023,18.99119935,12.70437218,14.70437218,11.39446595,7.210788729,10.59367097,5.614326824,8.864184507,3.672337021,6.299250508,2.537019115,4.491726317,0.3,181258.6831,21.59839957,8.12284233,5.88870225,142.3080839,141.7135416,58.46440908,16.34043675,10.21669833,43.54035908,13.15163837,15.10361181,90.27742995,13.57124149,6.420821623,230.69,60.06685617,35.10634439,14.15116714,14.52368616,13.32945637,49.4838389,41.54735296,-7.787285584,-0.702921012,-10.98155274,25,8,14,14,8,16,6,-6.1268,77.4703,4,4,1,-7.55
pdb6jtd.ent,0.078556263,48.65180467,5.6999506,-0.08895966,52563.1128,412.225,8,14,230.69,-6.1268,6,11.41150846,-5.557601927,39.56,412.225,390.049,412.0658946,152,1.12,1.76,2.32,2.708668567,1.930886079,452.7920023,18.99119935,12.70437218,14.70437218,11.39446595,7.210788729,10.59367097,5.614326824,8.864184507,3.672337021,6.299250508,2.537019115,4.491726317,0.3,181258.6831,21.59839957,8.12284233,5.88870225,142.3080839,141.7135416,58.46440908,16.34043675,10.21669833,43.54035908,13.15163837,15.10361181,90.27742995,13.57124149,6.420821623,230.69,60.06685617,35.10634439,14.15116714,14.52368616,13.32945637,49.4838389,41.54735296,-7.787285584,-0.702921012,-10.98155274,25,8,14,14,8,16,6,-6.1268,77.4703,4,4,1,-7.54
pdb6jbr.ent,0.111827957,35.44408602,5.988067436,-0.088602151,52452.2744,412.225,8,14,230.69,-6.1268,6,11.41150846,-5.557601927,39.56,412.225,390.049,412.0658946,152,1.12,1.76,2.32,2.708668567,1.930886079,452.7920023,18.99119935,12.70437218,14.70437218,11.39446595,7.210788729,10.59367097,5.614326824,8.864184507,3.672337021,6.299250508,2.537019115,4.491726317,0.3,181258.6831,21.59839957,8.12284233,5.88870225,142.3080839,141.7135416,58.46440908,16.34043675,10.21669833,43.54035908,13.15163837,15.10361181,90.27742995,13.57124149,6.420821623,230.69,60.06685617,35.10634439,14.15116714,14.52368616,13.32945637,49.4838389,41.54735296,-7.787285584,-0.702921012,-10.98155274,25,8,14,14,8,16,6,-6.1268,77.4703,4,4,1,-6.49
pdb6jbr.ent,0.111827957,35.44408602,5.988067436,-0.088602151,52452.2744,412.225,8,14,230.69,-6.1268,6,11.41150846,-5.557601927,39.56,412.225,390.049,412.0658946,152,1.12,1.76,2.32,2.708668567,1.930886079,452.7920023,18.99119935,12.70437218,14.70437218,11.39446595,7.210788729,10.59367097,5.614326824,8.864184507,3.672337021,6.299250508,2.537019115,4.491726317,0.3,181258.6831,21.59839957,8.12284233,5.88870225,142.3080839,141.7135416,58.46440908,16.34043675,10.21669833,43.54035908,13.15163837,15.10361181,90.27742995,13.57124149,6.420821623,230.69,60.06685617,35.10634439,14.15116714,14.52368616,13.32945637,49.4838389,41.54735296,-7.787285584,-0.702921012,-10.98155274,25,8,14,14,8,16,6,-6.1268,77.4703,4,4,1,-6.47
pdb6jbr.ent,0.111827957,35.44408602,5.988067436,-0.088602151,52452.2744,412.225,8,14,230.69,-6.1268,6,11.41150846,-5.557601927,39.56,412.225,390.049,412.0658946,152,1.12,1.76,2.32,2.708668567,1.930886079,452.7920023,18.99119935,12.70437218,14.70437218,11.39446595,7.210788729,10.59367097,5.614326824,8.864184507,3.672337021,6.299250508,2.537019115,4.491726317,0.3,181258.6831,21.59839957,8.12284233,5.88870225,142.3080839,141.7135416,58.46440908,16.34043675,10.21669833,43.54035908,13.15163837,15.10361181,90.27742995,13.57124149,6.420821623,230.69,60.06685617,35.10634439,14.15116714,14.52368616,13.32945637,49.4838389,41.54735296,-7.787285584,-0.702921012,-10.98155274,25,8,14,14,8,16,6,-6.1268,77.4703,4,4,1,-6.48
pdb6jbr.ent,0.111827957,35.44408602,5.988067436,-0.088602151,52452.2744,412.225,8,14,230.69,-6.1268,6,11.41150846,-5.557601927,39.56,412.225,390.049,412.0658946,152,1.12,1.76,2.32,2.708668567,1.930886079,452.7920023,18.99119935,12.70437218,14.70437218,11.39446595,7.210788729,10.59367097,5.614326824,8.864184507,3.672337021,6.299250508,2.537019115,4.491726317,0.3,181258.6831,21.59839957,8.12284233,5.88870225,142.3080839,141.7135416,58.46440908,16.34043675,10.21669833,43.54035908,13.15163837,15.10361181,90.27742995,13.57124149,6.420821623,230.69,60.06685617,35.10634439,14.15116714,14.52368616,13.32945637,49.4838389,41.54735296,-7.787285584,-0.702921012,-10.98155274,25,8,14,14,8,16,6,-6.1268,77.4703,4,4,1,-6.52
pdb6jbr.ent,0.111827957,35.44408602,5.988067436,-0.088602151,52452.2744,412.225,8,14,230.69,-6.1268,6,11.41150846,-5.557601927,39.56,412.225,390.049,412.0658946,152,1.12,1.76,2.32,2.708668567,1.930886079,452.7920023,18.99119935,12.70437218,14.70437218,11.39446595,7.210788729,10.59367097,5.614326824,8.864184507,3.672337021,6.299250508,2.537019115,4.491726317,0.3,181258.6831,21.59839957,8.12284233,5.88870225,142.3080839,141.7135416,58.46440908,16.34043675,10.21669833,43.54035908,13.15163837,15.10361181,90.27742995,13.57124149,6.420821623,230.69,60.06685617,35.10634439,14.15116714,14.52368616,13.32945637,49.4838389,41.54735296,-7.787285584,-0.702921012,-10.98155274,25,8,14,14,8,16,6,-6.1268,77.4703,4,4,1,-6.41
pdb6jbr.ent,0.111827957,35.44408602,5.988067436,-0.088602151,52452.2744,412.225,8,14,230.69,-6.1268,6,11.41150846,-5.557601927,39.56,412.225,390.049,412.0658946,152,1.12,1.76,2.32,2.708668567,1.930886079,452.7920023,18.99119935,12.70437218,14.70437218,11.39446595,7.210788729,10.59367097,5.614326824,8.864184507,3.672337021,6.299250508,2.537019115,4.491726317,0.3,181258.6831,21.59839957,8.12284233,5.88870225,142.3080839,141.7135416,58.46440908,16.34043675,10.21669833,43.54035908,13.15163837,15.10361181,90.27742995,13.57124149,6.420821623,230.69,60.06685617,35.10634439,14.15116714,14.52368616,13.32945637,49.4838389,41.54735296,-7.787285584,-0.702921012,-10.98155274,25,8,14,14,8,16,6,-6.1268,77.4703,4,4,1,-6.52
pdb6jbr.ent,0.111827957,35.44408602,5.988067436,-0.088602151,52452.2744,412.225,8,14,230.69,-6.1268,6,11.41150846,-5.557601927,39.56,412.225,390.049,412.0658946,152,1.12,1.76,2.32,2.708668567,1.930886079,452.7920023,18.99119935,12.70437218,14.70437218,11.39446595,7.210788729,10.59367097,5.614326824,8.864184507,3.672337021,6.299250508,2.537019115,4.491726317,0.3,181258.6831,21.59839957,8.12284233,5.88870225,142.3080839,141.7135416,58.46440908,16.34043675,10.21669833,43.54035908,13.15163837,15.10361181,90.27742995,13.57124149,6.420821623,230.69,60.06685617,35.10634439,14.15116714,14.52368616,13.32945637,49.4838389,41.54735296,-7.787285584,-0.702921012,-10.98155274,25,8,14,14,8,16,6,-6.1268,77.4703,4,4,1,-6.5
pdb6jbr.ent,0.111827957,35.44408602,5.988067436,-0.088602151,52452.2744,412.225,8,14,230.69,-6.1268,6,11.41150846,-5.557601927,39.56,412.225,390.049,412.0658946,152,1.12,1.76,2.32,2.708668567,1.930886079,452.7920023,18.99119935,12.70437218,14.70437218,11.39446595,7.210788729,10.59367097,5.614326824,8.864184507,3.672337021,6.299250508,2.537019115,4.491726317,0.3,181258.6831,21.59839957,8.12284233,5.88870225,142.3080839,141.7135416,58.46440908,16.34043675,10.21669833,43.54035908,13.15163837,15.10361181,90.27742995,13.57124149,6.420821623,230.69,60.06685617,35.10634439,14.15116714,14.52368616,13.32945637,49.4838389,41.54735296,-7.787285584,-0.702921012,-10.98155274,25,8,14,14,8,16,6,-6.1268,77.4703,4,4,1,-6.52
pdb6j7l.ent,0.109660574,49.82535248,5.982156181,-0.17232376,43748.4018,410.253,7,13,210.46,-4.8516,6,11.43547108,-5.502394355,39.56,410.253,386.061,410.08663,152,1.24,1.88,2.48,2.790403366,1.885578281,453.0678486,18.99119935,13.25715858,15.25715858,11.3776292,7.513103356,10.8959856,6.076894318,9.326752001,3.937765595,6.564679082,2.675244887,4.629952089,0.34,184442.8721,21.63795519,8.147990042,6.178677591,143.8787923,143.3446911,53.35788168,16.34043675,10.21669833,44.36012989,13.15163837,15.10361181,79.06693616,13.57124149,13.34455882,210.46,53.96288979,29.99981699,14.15116714,14.52368616,13.64914615,49.85334714,32.08888152,-5.002938101,1.35986321,-10.8336961,25,7,13,13,7,15,6,-4.8516,80.6275,3,3,1,-7.49
pdb6j7k.ent,0.107611549,52.50475066,5.725073433,-0.22808399,43463.786,556.395,9,17,269.38,-5.9998,8,12.22669457,-5.736658654,44.97142857,556.395,522.123,556.1445388,210,0.971428571,1.628571429,2.285714286,3.106631141,1.514511795,709.8710083,26.29216426,18.8548337,20.8548337,16.09866187,10.88600776,14.22992469,8.851494175,12.28781327,6.007263928,9.13252953,3.951794779,6.547297861,0.18,24934343.45,29.73179851,11.50897164,7.39576363,200.8781718,200.6611013,73.04466238,16.34043675,10.21669833,81.98975937,13.15163837,15.10361181,120.198999,22.8318516,20.26829602,269.38,84.66878207,50.21281078,14.15116714,13.99747307,24.04823456,45.58082062,61.8511222,-13.78319922,2.481787978,-11.34608064,35,9,17,17,9,19,8,-5.9998,111.8491,6,6,2,-8.71
pdb6inf.ent,0.100671141,46.08411633,5.490555763,-0.17852349,50721.2976,412.225,8,14,230.69,-6.1268,6,11.41150846,-5.557601927,39.56,412.225,390.049,412.0658946,152,1.12,1.76,2.32,2.708668567,1.930886079,452.7920023,18.99119935,12.70437218,14.70437218,11.39446595,7.210788729,10.59367097,5.614326824,8.864184507,3.672337021,6.299250508,2.537019115,4.491726317,0.3,181258.6831,21.59839957,8.12284233,5.88870225,142.3080839,141.7135416,58.46440908,16.34043675,10.21669833,43.54035908,13.15163837,15.10361181,90.27742995,13.57124149,6.420821623,230.69,60.06685617,35.10634439,14.15116714,14.52368616,13.32945637,49.4838389,41.54735296,-7.787285584,-0.702921012,-10.98155274,25,8,14,14,8,16,6,-6.1268,77.4703,4,4,1,-6.98
pdb6ij9.ent,0.080487805,39.40856098,5.932137871,-0.007804878,45515.8221,412.225,8,14,230.69,-6.1268,6,11.41150846,-5.557601927,39.56,412.225,390.049,412.0658946,152,1.12,1.76,2.32,2.708668567,1.930886079,452.7920023,18.99119935,12.70437218,14.70437218,11.39446595,7.210788729,10.59367097,5.614326824,8.864184507,3.672337021,6.299250508,2.537019115,4.491726317,0.3,181258.6831,21.59839957,8.12284233,5.88870225,142.3080839,141.7135416,58.46440908,16.34043675,10.21669833,43.54035908,13.15163837,15.10361181,90.27742995,13.57124149,6.420821623,230.69,60.06685617,35.10634439,14.15116714,14.52368616,13.32945637,49.4838389,41.54735296,-7.787285584,-0.702921012,-10.98155274,25,8,14,14,8,16,6,-6.1268,77.4703,4,4,1,-6.8
pdb6ij9.ent,0.080882353,38.40982843,5.929295921,0.017647059,45258.5755,412.225,8,14,230.69,-6.1268,6,11.41150846,-5.557601927,39.56,412.225,390.049,412.0658946,152,1.12,1.76,2.32,2.708668567,1.930886079,452.7920023,18.99119935,12.70437218,14.70437218,11.39446595,7.210788729,10.59367097,5.614326824,8.864184507,3.672337021,6.299250508,2.537019115,4.491726317,0.3,181258.6831,21.59839957,8.12284233,5.88870225,142.3080839,141.7135416,58.46440908,16.34043675,10.21669833,43.54035908,13.15163837,15.10361181,90.27742995,13.57124149,6.420821623,230.69,60.06685617,35.10634439,14.15116714,14.52368616,13.32945637,49.4838389,41.54735296,-7.787285584,-0.702921012,-10.98155274,25,8,14,14,8,16,6,-6.1268,77.4703,4,4,1,-6.82
pdb6ij9.ent,0.079903148,38.81600484,6.023250771,-0.010895884,45840.2406,412.225,8,14,230.69,-6.1268,6,11.41150846,-5.557601927,39.56,412.225,390.049,412.0658946,152,1.12,1.76,2.32,2.708668567,1.930886079,452.7920023,18.99119935,12.70437218,14.70437218,11.39446595,7.210788729,10.59367097,5.614326824,8.864184507,3.672337021,6.299250508,2.537019115,4.491726317,0.3,181258.6831,21.59839957,8.12284233,5.88870225,142.3080839,141.7135416,58.46440908,16.34043675,10.21669833,43.54035908,13.15163837,15.10361181,90.27742995,13.57124149,6.420821623,230.69,60.06685617,35.10634439,14.15116714,14.52368616,13.32945637,49.4838389,41.54735296,-7.787285584,-0.702921012,-10.98155274,25,8,14,14,8,16,6,-6.1268,77.4703,4,4,1,-6.7
pdb6ij9.ent,0.082474227,36.94332474,6.324213219,0.046907216,43224.4546,412.225,8,14,230.69,-6.1268,6,11.41150846,-5.557601927,39.56,412.225,390.049,412.0658946,152,1.12,1.76,2.32,2.708668567,1.930886079,452.7920023,18.99119935,12.70437218,14.70437218,11.39446595,7.210788729,10.59367097,5.614326824,8.864184507,3.672337021,6.299250508,2.537019115,4.491726317,0.3,181258.6831,21.59839957,8.12284233,5.88870225,142.3080839,141.7135416,58.46440908,16.34043675,10.21669833,43.54035908,13.15163837,15.10361181,90.27742995,13.57124149,6.420821623,230.69,60.06685617,35.10634439,14.15116714,14.52368616,13.32945637,49.4838389,41.54735296,-7.787285584,-0.702921012,-10.98155274,25,8,14,14,8,16,6,-6.1268,77.4703,4,4,1,-6.42
pdb6h2n.ent,0.108974359,19.07919872,9.512390709,-0.544871795,36153.2056,617.435,12,20,321.87,-8.367,11,12.52019331,-5.898921529,42.43589744,617.435,580.139,617.1609171,234,1,1.641025641,2.230769231,3.096424879,1.593295509,788.7224049,29.28372809,20.53371794,22.53371794,18.04735027,11.88551946,15.22943639,9.282665272,12.71898436,6.247939896,9.373205498,4.341384782,6.944071184,0.06,154682644.9,33.56077002,13.5723819,8.554755203,222.3814436,222.2259254,83.25771717,16.34043675,15.53348694,87.33576417,19.75852033,20.42040041,149.2886778,22.8318516,13.34455882,321.87,103.545406,60.42586557,19.46795574,13.99747307,24.25350732,46.18209235,83.99078265,-16.74896323,-0.542919531,-11.6788535,39,12,20,20,12,22,11,-8.367,122.7014,8,8,2,-7.28
pdb6h2n.ent,0.108626198,20.20801917,9.441024208,-0.544408946,36227.198,617.435,12,20,321.87,-8.367,11,12.52019331,-5.898921529,42.43589744,617.435,580.139,617.1609171,234,1,1.641025641,2.230769231,3.096424879,1.593295509,788.7224049,29.28372809,20.53371794,22.53371794,18.04735027,11.88551946,15.22943639,9.282665272,12.71898436,6.247939896,9.373205498,4.341384782,6.944071184,0.06,154682644.9,33.56077002,13.5723819,8.554755203,222.3814436,222.2259254,83.25771717,16.34043675,15.53348694,87.33576417,19.75852033,20.42040041,149.2886778,22.8318516,13.34455882,321.87,103.545406,60.42586557,19.46795574,13.99747307,24.25350732,46.18209235,83.99078265,-16.74896323,-0.542919531,-11.6788535,39,12,20,20,12,22,11,-8.367,122.7014,8,8,2,-7.26
pdb6h2n.ent,0.109324759,20.27366559,9.482477379,-0.535369775,36055.0593,617.435,12,20,321.87,-8.367,11,12.52019331,-5.898921529,42.43589744,617.435,580.139,617.1609171,234,1,1.641025641,2.230769231,3.096424879,1.593295509,788.7224049,29.28372809,20.53371794,22.53371794,18.04735027,11.88551946,15.22943639,9.282665272,12.71898436,6.247939896,9.373205498,4.341384782,6.944071184,0.06,154682644.9,33.56077002,13.5723819,8.554755203,222.3814436,222.2259254,83.25771717,16.34043675,15.53348694,87.33576417,19.75852033,20.42040041,149.2886778,22.8318516,13.34455882,321.87,103.545406,60.42586557,19.46795574,13.99747307,24.25350732,46.18209235,83.99078265,-16.74896323,-0.542919531,-11.6788535,39,12,20,20,12,22,11,-8.367,122.7014,8,8,2,-7.3
pdb6h21.ent,0.109677419,18.821,9.473193932,-0.568387097,35980.9808,617.435,12,20,321.87,-8.367,11,12.52019331,-5.898921529,42.43589744,617.435,580.139,617.1609171,234,1,1.641025641,2.230769231,3.096424879,1.593295509,788.7224049,29.28372809,20.53371794,22.53371794,18.04735027,11.88551946,15.22943639,9.282665272,12.71898436,6.247939896,9.373205498,4.341384782,6.944071184,0.06,154682644.9,33.56077002,13.5723819,8.554755203,222.3814436,222.2259254,83.25771717,16.34043675,15.53348694,87.33576417,19.75852033,20.42040041,149.2886778,22.8318516,13.34455882,321.87,103.545406,60.42586557,19.46795574,13.99747307,24.25350732,46.18209235,83.99078265,-16.74896323,-0.542919531,-11.6788535,39,12,20,20,12,22,11,-8.367,122.7014,8,8,2,-7.18
pdb6h21.ent,0.111464968,19.32200637,9.441024208,-0.533757962,36374.3718,617.435,12,20,321.87,-8.367,11,12.52019331,-5.898921529,42.43589744,617.435,580.139,617.1609171,234,1,1.641025641,2.230769231,3.096424879,1.593295509,788.7224049,29.28372809,20.53371794,22.53371794,18.04735027,11.88551946,15.22943639,9.282665272,12.71898436,6.247939896,9.373205498,4.341384782,6.944071184,0.06,154682644.9,33.56077002,13.5723819,8.554755203,222.3814436,222.2259254,83.25771717,16.34043675,15.53348694,87.33576417,19.75852033,20.42040041,149.2886778,22.8318516,13.34455882,321.87,103.545406,60.42586557,19.46795574,13.99747307,24.25350732,46.18209235,83.99078265,-16.74896323,-0.542919531,-11.6788535,39,12,20,20,12,22,11,-8.367,122.7014,8,8,2,-7.17
pdb6h21.ent,0.107594937,20.96427215,9.512261772,-0.567088608,36568.6073,617.435,12,20,321.87,-8.367,11,12.52019331,-5.898921529,42.43589744,617.435,580.139,617.1609171,234,1,1.641025641,2.230769231,3.096424879,1.593295509,788.7224049,29.28372809,20.53371794,22.53371794,18.04735027,11.88551946,15.22943639,9.282665272,12.71898436,6.247939896,9.373205498,4.341384782,6.944071184,0.06,154682644.9,33.56077002,13.5723819,8.554755203,222.3814436,222.2259254,83.25771717,16.34043675,15.53348694,87.33576417,19.75852033,20.42040041,149.2886778,22.8318516,13.34455882,321.87,103.545406,60.42586557,19.46795574,13.99747307,24.25350732,46.18209235,83.99078265,-16.74896323,-0.542919531,-11.6788535,39,12,20,20,12,22,11,-8.367,122.7014,8,8,2,-7.32
pdb6h0b.ent,0.111324376,47.89583493,6.783813286,-0.545297505,60369.8162,412.225,8,14,230.69,-6.1268,6,11.41150846,-5.557601927,39.56,412.225,390.049,412.0658946,152,1.12,1.76,2.32,2.708668567,1.930886079,452.7920023,18.99119935,12.70437218,14.70437218,11.39446595,7.210788729,10.59367097,5.614326824,8.864184507,3.672337021,6.299250508,2.537019115,4.491726317,0.3,181258.6831,21.59839957,8.12284233,5.88870225,142.3080839,141.7135416,58.46440908,16.34043675,10.21669833,43.54035908,13.15163837,15.10361181,90.27742995,13.57124149,6.420821623,230.69,60.06685617,35.10634439,14.15116714,14.52368616,13.32945637,49.4838389,41.54735296,-7.787285584,-0.702921012,-10.98155274,25,8,14,14,8,16,6,-6.1268,77.4703,4,4,1,-7.42
pdb6gx2.ent,0.124579125,45.58929293,8.593393898,-0.186868687,34477.4356,412.225,8,14,230.69,-6.1268,6,11.41150846,-5.557601927,39.56,412.225,390.049,412.0658946,152,1.12,1.76,2.32,2.708668567,1.930886079,452.7920023,18.99119935,12.70437218,14.70437218,11.39446595,7.210788729,10.59367097,5.614326824,8.864184507,3.672337021,6.299250508,2.537019115,4.491726317,0.3,181258.6831,21.59839957,8.12284233,5.88870225,142.3080839,141.7135416,58.46440908,16.34043675,10.21669833,43.54035908,13.15163837,15.10361181,90.27742995,13.57124149,6.420821623,230.69,60.06685617,35.10634439,14.15116714,14.52368616,13.32945637,49.4838389,41.54735296,-7.787285584,-0.702921012,-10.98155274,25,8,14,14,8,16,6,-6.1268,77.4703,4,4,1,-7.2
pdb6gx0.ent,0.128472222,46.37298611,7.873346519,-0.13125,33432.2798,412.225,8,14,230.69,-6.1268,6,11.41150846,-5.557601927,39.56,412.225,390.049,412.0658946,152,1.12,1.76,2.32,2.708668567,1.930886079,452.7920023,18.99119935,12.70437218,14.70437218,11.39446595,7.210788729,10.59367097,5.614326824,8.864184507,3.672337021,6.299250508,2.537019115,4.491726317,0.3,181258.6831,21.59839957,8.12284233,5.88870225,142.3080839,141.7135416,58.46440908,16.34043675,10.21669833,43.54035908,13.15163837,15.10361181,90.27742995,13.57124149,6.420821623,230.69,60.06685617,35.10634439,14.15116714,14.52368616,13.32945637,49.4838389,41.54735296,-7.787285584,-0.702921012,-10.98155274,25,8,14,14,8,16,6,-6.1268,77.4703,4,4,1,-8.38
pdb6gng.ent,0.102857143,34.53849524,7.909900093,-0.029142857,57790.6397,332.246,8,11,175.34,-4.2739,4,9.943468443,-4.741659148,43.19047619,332.246,311.078,332.0984669,126,1.142857143,1.80952381,2.380952381,2.63559112,1.957558821,356.6002527,15.78409257,10.9796273,11.9796273,9.687359167,6.394292148,8.144181225,5.013783046,6.450180738,3.421654696,3.975619698,2.346035531,2.733908755,-0.01,36879.82654,17.34552975,6.62366093,4.255676924,120.1748097,119.4458687,44.3669545,8.170218376,10.21669833,43.54035908,13.15163837,5.316788604,90.27742995,9.260610116,6.420821623,175.34,51.8966378,20.42610958,9.840535766,19.41709776,9.71903804,27.56138307,41.3285765,-6.840039192,-0.33285482,-4.741659148,21,8,11,11,8,12,4,-4.2739,68.0703,4,4,1,-6.48
pdb6gng.ent,0.102661597,34.49184411,7.628554344,-0.035741445,57919.7537,332.246,8,11,175.34,-4.2739,4,9.943468443,-4.741659148,43.19047619,332.246,311.078,332.0984669,126,1.142857143,1.80952381,2.380952381,2.63559112,1.957558821,356.6002527,15.78409257,10.9796273,11.9796273,9.687359167,6.394292148,8.144181225,5.013783046,6.450180738,3.421654696,3.975619698,2.346035531,2.733908755,-0.01,36879.82654,17.34552975,6.62366093,4.255676924,120.1748097,119.4458687,44.3669545,8.170218376,10.21669833,43.54035908,13.15163837,5.316788604,90.27742995,9.260610116,6.420821623,175.34,51.8966378,20.42610958,9.840535766,19.41709776,9.71903804,27.56138307,41.3285765,-6.840039192,-0.33285482,-4.741659148,21,8,11,11,8,12,4,-4.2739,68.0703,4,4,1,-6.27
pdb6gnf.ent,0.095785441,37.91724138,6.409528542,-0.097701149,57808.2887,332.246,8,11,175.34,-4.2739,4,9.943468443,-4.741659148,43.19047619,332.246,311.078,332.0984669,126,1.142857143,1.80952381,2.380952381,2.63559112,1.957558821,356.6002527,15.78409257,10.9796273,11.9796273,9.687359167,6.394292148,8.144181225,5.013783046,6.450180738,3.421654696,3.975619698,2.346035531,2.733908755,-0.01,36879.82654,17.34552975,6.62366093,4.255676924,120.1748097,119.4458687,44.3669545,8.170218376,10.21669833,43.54035908,13.15163837,5.316788604,90.27742995,9.260610116,6.420821623,175.34,51.8966378,20.42610958,9.840535766,19.41709776,9.71903804,27.56138307,41.3285765,-6.840039192,-0.33285482,-4.741659148,21,8,11,11,8,12,4,-4.2739,68.0703,4,4,1,-6.95
pdb6gnf.ent,0.097560976,36.17439024,6.85838604,-0.033130081,54485.5781,332.246,8,11,175.34,-4.2739,4,9.943468443,-4.741659148,43.19047619,332.246,311.078,332.0984669,126,1.142857143,1.80952381,2.380952381,2.63559112,1.957558821,356.6002527,15.78409257,10.9796273,11.9796273,9.687359167,6.394292148,8.144181225,5.013783046,6.450180738,3.421654696,3.975619698,2.346035531,2.733908755,-0.01,36879.82654,17.34552975,6.62366093,4.255676924,120.1748097,119.4458687,44.3669545,8.170218376,10.21669833,43.54035908,13.15163837,5.316788604,90.27742995,9.260610116,6.420821623,175.34,51.8966378,20.42610958,9.840535766,19.41709776,9.71903804,27.56138307,41.3285765,-6.840039192,-0.33285482,-4.741659148,21,8,11,11,8,12,4,-4.2739,68.0703,4,4,1,-6.59
pdb6gnf.ent,0.097276265,35.34805447,7.517661476,-0.06536965,56845.2529,332.246,8,11,175.34,-4.2739,4,9.943468443,-4.741659148,43.19047619,332.246,311.078,332.0984669,126,1.142857143,1.80952381,2.380952381,2.63559112,1.957558821,356.6002527,15.78409257,10.9796273,11.9796273,9.687359167,6.394292148,8.144181225,5.013783046,6.450180738,3.421654696,3.975619698,2.346035531,2.733908755,-0.01,36879.82654,17.34552975,6.62366093,4.255676924,120.1748097,119.4458687,44.3669545,8.170218376,10.21669833,43.54035908,13.15163837,5.316788604,90.27742995,9.260610116,6.420821623,175.34,51.8966378,20.42610958,9.840535766,19.41709776,9.71903804,27.56138307,41.3285765,-6.840039192,-0.33285482,-4.741659148,21,8,11,11,8,12,4,-4.2739,68.0703,4,4,1,-6.95
pdb6gne.ent,0.109533469,42.39393509,6.653026772,-0.321298174,55683.5437,332.246,8,11,175.34,-4.2739,4,9.943468443,-4.741659148,43.19047619,332.246,311.078,332.0984669,126,1.142857143,1.80952381,2.380952381,2.63559112,1.957558821,356.6002527,15.78409257,10.9796273,11.9796273,9.687359167,6.394292148,8.144181225,5.013783046,6.450180738,3.421654696,3.975619698,2.346035531,2.733908755,-0.01,36879.82654,17.34552975,6.62366093,4.255676924,120.1748097,119.4458687,44.3669545,8.170218376,10.21669833,43.54035908,13.15163837,5.316788604,90.27742995,9.260610116,6.420821623,175.34,51.8966378,20.42610958,9.840535766,19.41709776,9.71903804,27.56138307,41.3285765,-6.840039192,-0.33285482,-4.741659148,21,8,11,11,8,12,4,-4.2739,68.0703,4,4,1,-7.01
pdb6gne.ent,0.109311741,42.32836032,6.653026772,-0.317004049,55754.6216,332.246,8,11,175.34,-4.2739,4,9.943468443,-4.741659148,43.19047619,332.246,311.078,332.0984669,126,1.142857143,1.80952381,2.380952381,2.63559112,1.957558821,356.6002527,15.78409257,10.9796273,11.9796273,9.687359167,6.394292148,8.144181225,5.013783046,6.450180738,3.421654696,3.975619698,2.346035531,2.733908755,-0.01,36879.82654,17.34552975,6.62366093,4.255676924,120.1748097,119.4458687,44.3669545,8.170218376,10.21669833,43.54035908,13.15163837,5.316788604,90.27742995,9.260610116,6.420821623,175.34,51.8966378,20.42610958,9.840535766,19.41709776,9.71903804,27.56138307,41.3285765,-6.840039192,-0.33285482,-4.741659148,21,8,11,11,8,12,4,-4.2739,68.0703,4,4,1,-7.07
pdb6fsn.ent,0.137681159,34.39637681,5.832499123,-0.443115942,32840.2315,574.366,11,19,309.84,-8.3026,9,12.21890479,-5.886253981,44.05555556,574.366,542.11,574.118718,216,0.861111111,1.5,2.111111111,3.055525205,1.546915006,723.5528683,26.99927104,18.45636767,20.45636767,16.65350342,10.73081892,14.07473585,8.4048342,11.84115329,5.78189322,8.907158822,3.867565033,6.463068116,0.1,41785932.71,30.63878108,12.09103866,7.186870793,204.1016972,203.819624,83.25771717,16.34043675,10.21669833,74.24625136,19.75852033,15.10361181,143.1229022,22.8318516,6.420821623,309.84,97.37963042,55.31933817,18.6749143,14.5802533,23.4629234,45.2772329,80.67692563,-17.94348998,-1.772023168,-11.64601323,36,11,19,19,11,21,9,-8.3026,110.1037,8,8,2,-8.35
pdb6ejj.ent,0.105555556,27.35113889,8.405919838,-0.076666667,41367.6823,412.225,8,14,230.69,-6.1268,6,11.41150846,-5.557601927,39.56,412.225,390.049,412.0658946,152,1.12,1.76,2.32,2.708668567,1.930886079,452.7920023,18.99119935,12.70437218,14.70437218,11.39446595,7.210788729,10.59367097,5.614326824,8.864184507,3.672337021,6.299250508,2.537019115,4.491726317,0.3,181258.6831,21.59839957,8.12284233,5.88870225,142.3080839,141.7135416,58.46440908,16.34043675,10.21669833,43.54035908,13.15163837,15.10361181,90.27742995,13.57124149,6.420821623,230.69,60.06685617,35.10634439,14.15116714,14.52368616,13.32945637,49.4838389,41.54735296,-7.787285584,-0.702921012,-10.98155274,25,8,14,14,8,16,6,-6.1268,77.4703,4,4,1,-6.86
pdb6ejj.ent,0.105555556,27.35113889,8.405919838,-0.076666667,41367.6823,412.225,8,14,230.69,-6.1268,6,11.41150846,-5.557601927,39.56,412.225,390.049,412.0658946,152,1.12,1.76,2.32,2.708668567,1.930886079,452.7920023,18.99119935,12.70437218,14.70437218,11.39446595,7.210788729,10.59367097,5.614326824,8.864184507,3.672337021,6.299250508,2.537019115,4.491726317,0.3,181258.6831,21.59839957,8.12284233,5.88870225,142.3080839,141.7135416,58.46440908,16.34043675,10.21669833,43.54035908,13.15163837,15.10361181,90.27742995,13.57124149,6.420821623,230.69,60.06685617,35.10634439,14.15116714,14.52368616,13.32945637,49.4838389,41.54735296,-7.787285584,-0.702921012,-10.98155274,25,8,14,14,8,16,6,-6.1268,77.4703,4,4,1,-6.81
pdb6ej7.ent,0.116147309,40.09691218,8.659602928,-0.379603399,81057.671,544.34,10,18,289.61,-7.6635,8,12.13839939,-5.76226746,43.73529412,544.34,514.1,544.1081533,204,0.941176471,1.617647059,2.264705882,3.003017926,1.524164088,679.6203362,25.42192077,17.4318038,19.4318038,15.70481502,10.13423069,13.47814763,7.957814051,11.39413314,5.387682151,8.512947753,3.585774011,6.19376292,0.14,16666464.2,28.70729211,11.25928275,6.913857355,192.9425213,192.6091302,78.15118978,16.34043675,10.21669833,68.14228497,19.75852033,15.10361181,131.9124084,22.8318516,6.420821623,289.61,91.27566403,55.31933817,18.6749143,9.473725908,23.32515991,44.92384245,70.84667276,-15.50557347,-1.42053885,-11.44734057,34,10,18,18,10,20,8,-7.6635,104.0969,7,7,2,-7.8
pdb6egs.ent,0.092050209,45.89313808,7.973336983,-0.460460251,54581.6237,617.435,12,20,321.87,-8.367,11,12.52019331,-5.898921529,42.43589744,617.435,580.139,617.1609171,234,1,1.641025641,2.230769231,3.096424879,1.593295509,788.7224049,29.28372809,20.53371794,22.53371794,18.04735027,11.88551946,15.22943639,9.282665272,12.71898436,6.247939896,9.373205498,4.341384782,6.944071184,0.06,154682644.9,33.56077002,13.5723819,8.554755203,222.3814436,222.2259254,83.25771717,16.34043675,15.53348694,87.33576417,19.75852033,20.42040041,149.2886778,22.8318516,13.34455882,321.87,103.545406,60.42586557,19.46795574,13.99747307,24.25350732,46.18209235,83.99078265,-16.74896323,-0.542919531,-11.6788535,39,12,20,20,12,22,11,-8.367,122.7014,8,8,2,-8.25
pdb6egs.ent,0.08993576,44.08119914,7.975528908,-0.438972163,53311.2318,617.435,12,20,321.87,-8.367,11,12.52019331,-5.898921529,42.43589744,617.435,580.139,617.1609171,234,1,1.641025641,2.230769231,3.096424879,1.593295509,788.7224049,29.28372809,20.53371794,22.53371794,18.04735027,11.88551946,15.22943639,9.282665272,12.71898436,6.247939896,9.373205498,4.341384782,6.944071184,0.06,154682644.9,33.56077002,13.5723819,8.554755203,222.3814436,222.2259254,83.25771717,16.34043675,15.53348694,87.33576417,19.75852033,20.42040041,149.2886778,22.8318516,13.34455882,321.87,103.545406,60.42586557,19.46795574,13.99747307,24.25350732,46.18209235,83.99078265,-16.74896323,-0.542919531,-11.6788535,39,12,20,20,12,22,11,-8.367,122.7014,8,8,2,-8.34
pdb6e4q.ent,0.104950495,44.44514851,7.644980812,-0.632475248,57828.6949,412.225,8,14,230.69,-6.1268,6,11.41150846,-5.557601927,39.56,412.225,390.049,412.0658946,152,1.12,1.76,2.32,2.708668567,1.930886079,452.7920023,18.99119935,12.70437218,14.70437218,11.39446595,7.210788729,10.59367097,5.614326824,8.864184507,3.672337021,6.299250508,2.537019115,4.491726317,0.3,181258.6831,21.59839957,8.12284233,5.88870225,142.3080839,141.7135416,58.46440908,16.34043675,10.21669833,43.54035908,13.15163837,15.10361181,90.27742995,13.57124149,6.420821623,230.69,60.06685617,35.10634439,14.15116714,14.52368616,13.32945637,49.4838389,41.54735296,-7.787285584,-0.702921012,-10.98155274,25,8,14,14,8,16,6,-6.1268,77.4703,4,4,1,-7.01
pdb6e4q.ent,0.103379722,44.33677932,7.344984627,-0.624254473,57486.2993,412.225,8,14,230.69,-6.1268,6,11.41150846,-5.557601927,39.56,412.225,390.049,412.0658946,152,1.12,1.76,2.32,2.708668567,1.930886079,452.7920023,18.99119935,12.70437218,14.70437218,11.39446595,7.210788729,10.59367097,5.614326824,8.864184507,3.672337021,6.299250508,2.537019115,4.491726317,0.3,181258.6831,21.59839957,8.12284233,5.88870225,142.3080839,141.7135416,58.46440908,16.34043675,10.21669833,43.54035908,13.15163837,15.10361181,90.27742995,13.57124149,6.420821623,230.69,60.06685617,35.10634439,14.15116714,14.52368616,13.32945637,49.4838389,41.54735296,-7.787285584,-0.702921012,-10.98155274,25,8,14,14,8,16,6,-6.1268,77.4703,4,4,1,-6.9
pdb6e4q.ent,0.103379722,44.33677932,7.344984627,-0.624254473,57486.2993,412.225,8,14,230.69,-6.1268,6,11.41150846,-5.557601927,39.56,412.225,390.049,412.0658946,152,1.12,1.76,2.32,2.708668567,1.930886079,452.7920023,18.99119935,12.70437218,14.70437218,11.39446595,7.210788729,10.59367097,5.614326824,8.864184507,3.672337021,6.299250508,2.537019115,4.491726317,0.3,181258.6831,21.59839957,8.12284233,5.88870225,142.3080839,141.7135416,58.46440908,16.34043675,10.21669833,43.54035908,13.15163837,15.10361181,90.27742995,13.57124149,6.420821623,230.69,60.06685617,35.10634439,14.15116714,14.52368616,13.32945637,49.4838389,41.54735296,-7.787285584,-0.702921012,-10.98155274,25,8,14,14,8,16,6,-6.1268,77.4703,4,4,1,-6.88
pdb6e4q.ent,0.103585657,44.40517928,7.078466606,-0.617729084,57358.127,412.225,8,14,230.69,-6.1268,6,11.41150846,-5.557601927,39.56,412.225,390.049,412.0658946,152,1.12,1.76,2.32,2.708668567,1.930886079,452.7920023,18.99119935,12.70437218,14.70437218,11.39446595,7.210788729,10.59367097,5.614326824,8.864184507,3.672337021,6.299250508,2.537019115,4.491726317,0.3,181258.6831,21.59839957,8.12284233,5.88870225,142.3080839,141.7135416,58.46440908,16.34043675,10.21669833,43.54035908,13.15163837,15.10361181,90.27742995,13.57124149,6.420821623,230.69,60.06685617,35.10634439,14.15116714,14.52368616,13.32945637,49.4838389,41.54735296,-7.787285584,-0.702921012,-10.98155274,25,8,14,14,8,16,6,-6.1268,77.4703,4,4,1,-6.98
pdb6dfe.ent,0.086393089,44.82116631,7.886820412,-0.188984881,52223.0295,590.544,12,18,287.17,-7.7968,10,12.61155641,-5.083227284,45.71794872,590.544,549.216,590.2443966,230,1.025641026,1.717948718,2.41025641,3.437077915,1.283939387,809.1140382,28.64553541,21.26195176,22.26195176,18.34024349,12.80490799,14.47686646,10.36405487,11.93615482,7.566864078,8.798560722,5.439380104,6.487009028,-0.29,344740619.7,31.64141206,12.92265351,6.862487224,224.4326837,224.3445588,64.0537352,8.170218376,20.85027554,98.98551592,26.55114631,26.57744489,157.7311165,18.52122023,13.34455882,287.17,88.65154735,40.42598757,15.95036581,29.3614151,21.37515733,24.61023728,79.88026711,-16.03694268,0.741558615,-5.083227284,39,13,18,18,12,19,10,-7.7968,128.6299,7,7,2,-7.94
pdb6dfe.ent,0.086393089,44.82116631,7.886820412,-0.188984881,52223.0295,590.544,12,18,287.17,-7.7968,10,12.61155641,-5.083227284,45.71794872,590.544,549.216,590.2443966,230,1.025641026,1.717948718,2.41025641,3.437077915,1.283939387,809.1140382,28.64553541,21.26195176,22.26195176,18.34024349,12.80490799,14.47686646,10.36405487,11.93615482,7.566864078,8.798560722,5.439380104,6.487009028,-0.29,344740619.7,31.64141206,12.92265351,6.862487224,224.4326837,224.3445588,64.0537352,8.170218376,20.85027554,98.98551592,26.55114631,26.57744489,157.7311165,18.52122023,13.34455882,287.17,88.65154735,40.42598757,15.95036581,29.3614151,21.37515733,24.61023728,79.88026711,-16.03694268,0.741558615,-5.083227284,39,13,18,18,12,19,10,-7.7968,128.6299,7,7,2,-7.9
pdb6apl.ent,0.124567474,30.41214533,9.358246803,-0.132871972,32543.8989,330.254,7,11,183.96,-4.9395,4,10.67352235,-4.975130222,43.19047619,330.254,309.086,330.1071748,126,1.333333333,2,2.571428571,2.63559112,1.957558821,358.3746902,15.78409257,11.07079867,12.07079867,9.687359167,6.44994394,8.160867711,5.079098769,6.464737313,3.475287206,4.018003893,2.378988625,2.760367631,-0.01,36879.82654,17.34552975,6.62366093,4.255676924,120.7204667,120.0108832,39.26042711,8.170218376,10.21669833,43.47823352,13.15163837,15.94386768,80.21536539,9.260610116,6.420821623,183.96,51.83451224,20.21299379,9.840535766,20.25735364,9.640965477,29.34896615,32.29611011,-5.973149334,-0.258009141,-4.975130222,21,8,11,11,7,12,4,-4.9395,67.8201,3,3,1,-6.56
pdb6apl.ent,0.125423729,29.85901695,9.255355263,-0.176949153,33271.6205,330.254,7,11,183.96,-4.9395,4,10.67352235,-4.975130222,43.19047619,330.254,309.086,330.1071748,126,1.333333333,2,2.571428571,2.63559112,1.957558821,358.3746902,15.78409257,11.07079867,12.07079867,9.687359167,6.44994394,8.160867711,5.079098769,6.464737313,3.475287206,4.018003893,2.378988625,2.760367631,-0.01,36879.82654,17.34552975,6.62366093,4.255676924,120.7204667,120.0108832,39.26042711,8.170218376,10.21669833,43.47823352,13.15163837,15.94386768,80.21536539,9.260610116,6.420821623,183.96,51.83451224,20.21299379,9.840535766,20.25735364,9.640965477,29.34896615,32.29611011,-5.973149334,-0.258009141,-4.975130222,21,8,11,11,7,12,4,-4.9395,67.8201,3,3,1,-6.52
pdb6apl.ent,0.129568106,29.56186047,9.255355263,-0.13089701,33950.4385,330.254,7,11,183.96,-4.9395,4,10.67352235,-4.975130222,43.19047619,330.254,309.086,330.1071748,126,1.333333333,2,2.571428571,2.63559112,1.957558821,358.3746902,15.78409257,11.07079867,12.07079867,9.687359167,6.44994394,8.160867711,5.079098769,6.464737313,3.475287206,4.018003893,2.378988625,2.760367631,-0.01,36879.82654,17.34552975,6.62366093,4.255676924,120.7204667,120.0108832,39.26042711,8.170218376,10.21669833,43.47823352,13.15163837,15.94386768,80.21536539,9.260610116,6.420821623,183.96,51.83451224,20.21299379,9.840535766,20.25735364,9.640965477,29.34896615,32.29611011,-5.973149334,-0.258009141,-4.975130222,21,8,11,11,7,12,4,-4.9395,67.8201,3,3,1,-6.84
pdb6apl.ent,0.131313131,28.92296296,9.17128849,-0.106397306,33526.9319,330.254,7,11,183.96,-4.9395,4,10.67352235,-4.975130222,43.19047619,330.254,309.086,330.1071748,126,1.333333333,2,2.571428571,2.63559112,1.957558821,358.3746902,15.78409257,11.07079867,12.07079867,9.687359167,6.44994394,8.160867711,5.079098769,6.464737313,3.475287206,4.018003893,2.378988625,2.760367631,-0.01,36879.82654,17.34552975,6.62366093,4.255676924,120.7204667,120.0108832,39.26042711,8.170218376,10.21669833,43.47823352,13.15163837,15.94386768,80.21536539,9.260610116,6.420821623,183.96,51.83451224,20.21299379,9.840535766,20.25735364,9.640965477,29.34896615,32.29611011,-5.973149334,-0.258009141,-4.975130222,21,8,11,11,7,12,4,-4.9395,67.8201,3,3,1,-6.82
pdb6apl.ent,0.128113879,28.51996441,8.965312004,-0.087188612,31669.7709,330.254,7,11,183.96,-4.9395,4,10.67352235,-4.975130222,43.19047619,330.254,309.086,330.1071748,126,1.333333333,2,2.571428571,2.63559112,1.957558821,358.3746902,15.78409257,11.07079867,12.07079867,9.687359167,6.44994394,8.160867711,5.079098769,6.464737313,3.475287206,4.018003893,2.378988625,2.760367631,-0.01,36879.82654,17.34552975,6.62366093,4.255676924,120.7204667,120.0108832,39.26042711,8.170218376,10.21669833,43.47823352,13.15163837,15.94386768,80.21536539,9.260610116,6.420821623,183.96,51.83451224,20.21299379,9.840535766,20.25735364,9.640965477,29.34896615,32.29611011,-5.973149334,-0.258009141,-4.975130222,21,8,11,11,7,12,4,-4.9395,67.8201,3,3,1,-6.6
pdb6apl.ent,0.128113879,27.94950178,8.672109795,-0.096441281,31558.5564,330.254,7,11,183.96,-4.9395,4,10.67352235,-4.975130222,43.19047619,330.254,309.086,330.1071748,126,1.333333333,2,2.571428571,2.63559112,1.957558821,358.3746902,15.78409257,11.07079867,12.07079867,9.687359167,6.44994394,8.160867711,5.079098769,6.464737313,3.475287206,4.018003893,2.378988625,2.760367631,-0.01,36879.82654,17.34552975,6.62366093,4.255676924,120.7204667,120.0108832,39.26042711,8.170218376,10.21669833,43.47823352,13.15163837,15.94386768,80.21536539,9.260610116,6.420821623,183.96,51.83451224,20.21299379,9.840535766,20.25735364,9.640965477,29.34896615,32.29611011,-5.973149334,-0.258009141,-4.975130222,21,8,11,11,7,12,4,-4.9395,67.8201,3,3,1,-6.62
pdb5zfk.ent,0.085714286,38.22514286,5.297189522,0.017428571,37663.3516,412.225,8,14,230.69,-6.1268,6,11.41150846,-5.557601927,39.56,412.225,390.049,412.0658946,152,1.12,1.76,2.32,2.708668567,1.930886079,452.7920023,18.99119935,12.70437218,14.70437218,11.39446595,7.210788729,10.59367097,5.614326824,8.864184507,3.672337021,6.299250508,2.537019115,4.491726317,0.3,181258.6831,21.59839957,8.12284233,5.88870225,142.3080839,141.7135416,58.46440908,16.34043675,10.21669833,43.54035908,13.15163837,15.10361181,90.27742995,13.57124149,6.420821623,230.69,60.06685617,35.10634439,14.15116714,14.52368616,13.32945637,49.4838389,41.54735296,-7.787285584,-0.702921012,-10.98155274,25,8,14,14,8,16,6,-6.1268,77.4703,4,4,1,-6.91
pdb5y7f.ent,0.140077821,32.64785992,7.256145287,-0.476653696,30438.3251,412.225,8,14,230.69,-6.1268,6,11.41150846,-5.557601927,39.56,412.225,390.049,412.0658946,152,1.12,1.76,2.32,2.708668567,1.930886079,452.7920023,18.99119935,12.70437218,14.70437218,11.39446595,7.210788729,10.59367097,5.614326824,8.864184507,3.672337021,6.299250508,2.537019115,4.491726317,0.3,181258.6831,21.59839957,8.12284233,5.88870225,142.3080839,141.7135416,58.46440908,16.34043675,10.21669833,43.54035908,13.15163837,15.10361181,90.27742995,13.57124149,6.420821623,230.69,60.06685617,35.10634439,14.15116714,14.52368616,13.32945637,49.4838389,41.54735296,-7.787285584,-0.702921012,-10.98155274,25,8,14,14,8,16,6,-6.1268,77.4703,4,4,1,-7.45
pdb5wxk.ent,0.114666667,49.37789333,5.417574501,-0.329333333,43293.532,410.253,7,13,210.46,-4.8516,6,11.43547108,-5.502394355,39.56,410.253,386.061,410.08663,152,1.24,1.88,2.48,2.790403366,1.885578281,453.0678486,18.99119935,13.25715858,15.25715858,11.3776292,7.513103356,10.8959856,6.076894318,9.326752001,3.937765595,6.564679082,2.675244887,4.629952089,0.34,184442.8721,21.63795519,8.147990042,6.178677591,143.8787923,143.3446911,53.35788168,16.34043675,10.21669833,44.36012989,13.15163837,15.10361181,79.06693616,13.57124149,13.34455882,210.46,53.96288979,29.99981699,14.15116714,14.52368616,13.64914615,49.85334714,32.08888152,-5.002938101,1.35986321,-10.8336961,25,7,13,13,7,15,6,-4.8516,80.6275,3,3,1,-7.48
pdb5wxi.ent,0.113756614,48.8407672,5.417006111,-0.347089947,43636.8677,556.395,9,17,269.38,-5.9998,8,12.22669457,-5.736658654,44.97142857,556.395,522.123,556.1445388,210,0.971428571,1.628571429,2.285714286,3.106631141,1.514511795,709.8710083,26.29216426,18.8548337,20.8548337,16.09866187,10.88600776,14.22992469,8.851494175,12.28781327,6.007263928,9.13252953,3.951794779,6.547297861,0.18,24934343.45,29.73179851,11.50897164,7.39576363,200.8781718,200.6611013,73.04466238,16.34043675,10.21669833,81.98975937,13.15163837,15.10361181,120.198999,22.8318516,20.26829602,269.38,84.66878207,50.21281078,14.15116714,13.99747307,24.04823456,45.58082062,61.8511222,-13.78319922,2.481787978,-11.34608064,35,9,17,17,9,19,8,-5.9998,111.8491,6,6,2,-8.39
pdb5wxi.ent,0.114666667,49.70696,5.41484623,-0.330133333,43337.5846,556.395,9,17,269.38,-5.9998,8,12.22669457,-5.736658654,44.97142857,556.395,522.123,556.1445388,210,0.971428571,1.628571429,2.285714286,3.106631141,1.514511795,709.8710083,26.29216426,18.8548337,20.8548337,16.09866187,10.88600776,14.22992469,8.851494175,12.28781327,6.007263928,9.13252953,3.951794779,6.547297861,0.18,24934343.45,29.73179851,11.50897164,7.39576363,200.8781718,200.6611013,73.04466238,16.34043675,10.21669833,81.98975937,13.15163837,15.10361181,120.198999,22.8318516,20.26829602,269.38,84.66878207,50.21281078,14.15116714,13.99747307,24.04823456,45.58082062,61.8511222,-13.78319922,2.481787978,-11.34608064,35,9,17,17,9,19,8,-5.9998,111.8491,6,6,2,-8.39
pdb5w8x.ent,0.068306011,38.40931694,6.872595787,-0.077595628,40532.5555,412.225,8,14,230.69,-6.1268,6,11.41150846,-5.557601927,39.56,412.225,390.049,412.0658946,152,1.12,1.76,2.32,2.708668567,1.930886079,452.7920023,18.99119935,12.70437218,14.70437218,11.39446595,7.210788729,10.59367097,5.614326824,8.864184507,3.672337021,6.299250508,2.537019115,4.491726317,0.3,181258.6831,21.59839957,8.12284233,5.88870225,142.3080839,141.7135416,58.46440908,16.34043675,10.21669833,43.54035908,13.15163837,15.10361181,90.27742995,13.57124149,6.420821623,230.69,60.06685617,35.10634439,14.15116714,14.52368616,13.32945637,49.4838389,41.54735296,-7.787285584,-0.702921012,-10.98155274,25,8,14,14,8,16,6,-6.1268,77.4703,4,4,1,-6.98
pdb5vcm.ent,0.13960114,53.38866097,7.992613029,-0.368660969,41372.9142,412.225,8,14,230.69,-6.1268,6,11.41150846,-5.557601927,39.56,412.225,390.049,412.0658946,152,1.12,1.76,2.32,2.708668567,1.930886079,452.7920023,18.99119935,12.70437218,14.70437218,11.39446595,7.210788729,10.59367097,5.614326824,8.864184507,3.672337021,6.299250508,2.537019115,4.491726317,0.3,181258.6831,21.59839957,8.12284233,5.88870225,142.3080839,141.7135416,58.46440908,16.34043675,10.21669833,43.54035908,13.15163837,15.10361181,90.27742995,13.57124149,6.420821623,230.69,60.06685617,35.10634439,14.15116714,14.52368616,13.32945637,49.4838389,41.54735296,-7.787285584,-0.702921012,-10.98155274,25,8,14,14,8,16,6,-6.1268,77.4703,4,4,1,-7.02
pdb5v4a.ent,0.100746269,37.62985075,5.295427513,-0.319776119,30673.394,412.225,8,14,230.69,-6.1268,6,11.41150846,-5.557601927,39.56,412.225,390.049,412.0658946,152,1.12,1.76,2.32,2.708668567,1.930886079,452.7920023,18.99119935,12.70437218,14.70437218,11.39446595,7.210788729,10.59367097,5.614326824,8.864184507,3.672337021,6.299250508,2.537019115,4.491726317,0.3,181258.6831,21.59839957,8.12284233,5.88870225,142.3080839,141.7135416,58.46440908,16.34043675,10.21669833,43.54035908,13.15163837,15.10361181,90.27742995,13.57124149,6.420821623,230.69,60.06685617,35.10634439,14.15116714,14.52368616,13.32945637,49.4838389,41.54735296,-7.787285584,-0.702921012,-10.98155274,25,8,14,14,8,16,6,-6.1268,77.4703,4,4,1,-7.43
pdb5v4a.ent,0.100746269,37.62985075,5.295427513,-0.319776119,30673.394,412.225,8,14,230.69,-6.1268,6,11.41150846,-5.557601927,39.56,412.225,390.049,412.0658946,152,1.12,1.76,2.32,2.708668567,1.930886079,452.7920023,18.99119935,12.70437218,14.70437218,11.39446595,7.210788729,10.59367097,5.614326824,8.864184507,3.672337021,6.299250508,2.537019115,4.491726317,0.3,181258.6831,21.59839957,8.12284233,5.88870225,142.3080839,141.7135416,58.46440908,16.34043675,10.21669833,43.54035908,13.15163837,15.10361181,90.27742995,13.57124149,6.420821623,230.69,60.06685617,35.10634439,14.15116714,14.52368616,13.32945637,49.4838389,41.54735296,-7.787285584,-0.702921012,-10.98155274,25,8,14,14,8,16,6,-6.1268,77.4703,4,4,1,-7.29
pdb5v0t.ent,0.086393089,44.82116631,7.886820412,-0.188984881,52223.0295,412.225,8,14,230.69,-6.1268,6,11.41150846,-5.557601927,39.56,412.225,390.049,412.0658946,152,1.12,1.76,2.32,2.708668567,1.930886079,452.7920023,18.99119935,12.70437218,14.70437218,11.39446595,7.210788729,10.59367097,5.614326824,8.864184507,3.672337021,6.299250508,2.537019115,4.491726317,0.3,181258.6831,21.59839957,8.12284233,5.88870225,142.3080839,141.7135416,58.46440908,16.34043675,10.21669833,43.54035908,13.15163837,15.10361181,90.27742995,13.57124149,6.420821623,230.69,60.06685617,35.10634439,14.15116714,14.52368616,13.32945637,49.4838389,41.54735296,-7.787285584,-0.702921012,-10.98155274,25,8,14,14,8,16,6,-6.1268,77.4703,4,4,1,-6.87
pdb5v0t.ent,0.099337748,35.07615894,6.536620522,-0.169315673,50897.5419,412.225,8,14,230.69,-6.1268,6,11.41150846,-5.557601927,39.56,412.225,390.049,412.0658946,152,1.12,1.76,2.32,2.708668567,1.930886079,452.7920023,18.99119935,12.70437218,14.70437218,11.39446595,7.210788729,10.59367097,5.614326824,8.864184507,3.672337021,6.299250508,2.537019115,4.491726317,0.3,181258.6831,21.59839957,8.12284233,5.88870225,142.3080839,141.7135416,58.46440908,16.34043675,10.21669833,43.54035908,13.15163837,15.10361181,90.27742995,13.57124149,6.420821623,230.69,60.06685617,35.10634439,14.15116714,14.52368616,13.32945637,49.4838389,41.54735296,-7.787285584,-0.702921012,-10.98155274,25,8,14,14,8,16,6,-6.1268,77.4703,4,4,1,-6.87
pdb5v0t.ent,0.099557522,34.64181416,6.536620522,-0.161946903,50852.5443,412.225,8,14,230.69,-6.1268,6,11.41150846,-5.557601927,39.56,412.225,390.049,412.0658946,152,1.12,1.76,2.32,2.708668567,1.930886079,452.7920023,18.99119935,12.70437218,14.70437218,11.39446595,7.210788729,10.59367097,5.614326824,8.864184507,3.672337021,6.299250508,2.537019115,4.491726317,0.3,181258.6831,21.59839957,8.12284233,5.88870225,142.3080839,141.7135416,58.46440908,16.34043675,10.21669833,43.54035908,13.15163837,15.10361181,90.27742995,13.57124149,6.420821623,230.69,60.06685617,35.10634439,14.15116714,14.52368616,13.32945637,49.4838389,41.54735296,-7.787285584,-0.702921012,-10.98155274,25,8,14,14,8,16,6,-6.1268,77.4703,4,4,1,-6.85
pdb5v0t.ent,0.099557522,34.64181416,6.536620522,-0.161946903,50852.5443,412.225,8,14,230.69,-6.1268,6,11.41150846,-5.557601927,39.56,412.225,390.049,412.0658946,152,1.12,1.76,2.32,2.708668567,1.930886079,452.7920023,18.99119935,12.70437218,14.70437218,11.39446595,7.210788729,10.59367097,5.614326824,8.864184507,3.672337021,6.299250508,2.537019115,4.491726317,0.3,181258.6831,21.59839957,8.12284233,5.88870225,142.3080839,141.7135416,58.46440908,16.34043675,10.21669833,43.54035908,13.15163837,15.10361181,90.27742995,13.57124149,6.420821623,230.69,60.06685617,35.10634439,14.15116714,14.52368616,13.32945637,49.4838389,41.54735296,-7.787285584,-0.702921012,-10.98155274,25,8,14,14,8,16,6,-6.1268,77.4703,4,4,1,-6.88
pdb5v0t.ent,0.098468271,35.12669584,6.386451912,-0.168271335,51283.9421,412.225,8,14,230.69,-6.1268,6,11.41150846,-5.557601927,39.56,412.225,390.049,412.0658946,152,1.12,1.76,2.32,2.708668567,1.930886079,452.7920023,18.99119935,12.70437218,14.70437218,11.39446595,7.210788729,10.59367097,5.614326824,8.864184507,3.672337021,6.299250508,2.537019115,4.491726317,0.3,181258.6831,21.59839957,8.12284233,5.88870225,142.3080839,141.7135416,58.46440908,16.34043675,10.21669833,43.54035908,13.15163837,15.10361181,90.27742995,13.57124149,6.420821623,230.69,60.06685617,35.10634439,14.15116714,14.52368616,13.32945637,49.4838389,41.54735296,-7.787285584,-0.702921012,-10.98155274,25,8,14,14,8,16,6,-6.1268,77.4703,4,4,1,-6.95
pdb5v0t.ent,0.098901099,34.81384615,6.386451912,-0.17032967,51095.7609,412.225,8,14,230.69,-6.1268,6,11.41150846,-5.557601927,39.56,412.225,390.049,412.0658946,152,1.12,1.76,2.32,2.708668567,1.930886079,452.7920023,18.99119935,12.70437218,14.70437218,11.39446595,7.210788729,10.59367097,5.614326824,8.864184507,3.672337021,6.299250508,2.537019115,4.491726317,0.3,181258.6831,21.59839957,8.12284233,5.88870225,142.3080839,141.7135416,58.46440908,16.34043675,10.21669833,43.54035908,13.15163837,15.10361181,90.27742995,13.57124149,6.420821623,230.69,60.06685617,35.10634439,14.15116714,14.52368616,13.32945637,49.4838389,41.54735296,-7.787285584,-0.702921012,-10.98155274,25,8,14,14,8,16,6,-6.1268,77.4703,4,4,1,-6.96
pdb5v0t.ent,0.099118943,34.53325991,6.536620522,-0.159030837,51010.6995,412.225,8,14,230.69,-6.1268,6,11.41150846,-5.557601927,39.56,412.225,390.049,412.0658946,152,1.12,1.76,2.32,2.708668567,1.930886079,452.7920023,18.99119935,12.70437218,14.70437218,11.39446595,7.210788729,10.59367097,5.614326824,8.864184507,3.672337021,6.299250508,2.537019115,4.491726317,0.3,181258.6831,21.59839957,8.12284233,5.88870225,142.3080839,141.7135416,58.46440908,16.34043675,10.21669833,43.54035908,13.15163837,15.10361181,90.27742995,13.57124149,6.420821623,230.69,60.06685617,35.10634439,14.15116714,14.52368616,13.32945637,49.4838389,41.54735296,-7.787285584,-0.702921012,-10.98155274,25,8,14,14,8,16,6,-6.1268,77.4703,4,4,1,-6.85
pdb5v0t.ent,0.099778271,34.33325942,6.536620522,-0.159645233,50785.4551,412.225,8,14,230.69,-6.1268,6,11.41150846,-5.557601927,39.56,412.225,390.049,412.0658946,152,1.12,1.76,2.32,2.708668567,1.930886079,452.7920023,18.99119935,12.70437218,14.70437218,11.39446595,7.210788729,10.59367097,5.614326824,8.864184507,3.672337021,6.299250508,2.537019115,4.491726317,0.3,181258.6831,21.59839957,8.12284233,5.88870225,142.3080839,141.7135416,58.46440908,16.34043675,10.21669833,43.54035908,13.15163837,15.10361181,90.27742995,13.57124149,6.420821623,230.69,60.06685617,35.10634439,14.15116714,14.52368616,13.32945637,49.4838389,41.54735296,-7.787285584,-0.702921012,-10.98155274,25,8,14,14,8,16,6,-6.1268,77.4703,4,4,1,-6.82
pdb5uxh.ent,0.126074499,40.73381089,8.510809898,-0.236103152,39646.2198,599.424,12,20,319.46,-8.8537,8,12.33831391,-5.796243185,47.73684211,599.424,564.144,599.1615858,226,0.947368421,1.631578947,2.315789474,3.345600874,1.316312131,823.2082461,28.15397158,19.87977772,21.87977772,17.59866187,11.63682474,14.98074168,9.409211667,12.84553076,6.673323438,9.79858904,4.681140377,7.27664346,0.06,149044923.1,31.00571308,11.74310627,6.582434112,216.3119557,216.1392731,73.04466238,16.34043675,20.85027554,86.89465782,13.27557315,31.47085649,138.5723911,22.8318516,6.9237372,319.46,102.9182393,50.21281078,24.78474434,19.73114055,24.10733508,46.01056189,69.00007991,-16.6286995,0.502013343,-11.50167623,38,13,20,20,12,22,8,-8.8537,119.8909,6,6,2,-7.72
pdb5uxh.ent,0.121813031,41.83144476,8.770617485,-0.309631728,40215.8378,599.424,12,20,319.46,-8.8537,8,12.33831391,-5.796243185,47.73684211,599.424,564.144,599.1615858,226,0.947368421,1.631578947,2.315789474,3.345600874,1.316312131,823.2082461,28.15397158,19.87977772,21.87977772,17.59866187,11.63682474,14.98074168,9.409211667,12.84553076,6.673323438,9.79858904,4.681140377,7.27664346,0.06,149044923.1,31.00571308,11.74310627,6.582434112,216.3119557,216.1392731,73.04466238,16.34043675,20.85027554,86.89465782,13.27557315,31.47085649,138.5723911,22.8318516,6.9237372,319.46,102.9182393,50.21281078,24.78474434,19.73114055,24.10733508,46.01056189,69.00007991,-16.6286995,0.502013343,-11.50167623,38,13,20,20,12,22,8,-8.8537,119.8909,6,6,2,-7.61
pdb5uw1.ent,0.10815047,36.5457837,6.325975227,-0.304075235,73023.2925,412.225,8,14,230.69,-6.1268,6,11.41150846,-5.557601927,39.56,412.225,390.049,412.0658946,152,1.12,1.76,2.32,2.708668567,1.930886079,452.7920023,18.99119935,12.70437218,14.70437218,11.39446595,7.210788729,10.59367097,5.614326824,8.864184507,3.672337021,6.299250508,2.537019115,4.491726317,0.3,181258.6831,21.59839957,8.12284233,5.88870225,142.3080839,141.7135416,58.46440908,16.34043675,10.21669833,43.54035908,13.15163837,15.10361181,90.27742995,13.57124149,6.420821623,230.69,60.06685617,35.10634439,14.15116714,14.52368616,13.32945637,49.4838389,41.54735296,-7.787285584,-0.702921012,-10.98155274,25,8,14,14,8,16,6,-6.1268,77.4703,4,4,1,-7.77
pdb5uw1.ent,0.10815047,36.5457837,6.325975227,-0.304075235,73023.2925,412.225,8,14,230.69,-6.1268,6,11.41150846,-5.557601927,39.56,412.225,390.049,412.0658946,152,1.12,1.76,2.32,2.708668567,1.930886079,452.7920023,18.99119935,12.70437218,14.70437218,11.39446595,7.210788729,10.59367097,5.614326824,8.864184507,3.672337021,6.299250508,2.537019115,4.491726317,0.3,181258.6831,21.59839957,8.12284233,5.88870225,142.3080839,141.7135416,58.46440908,16.34043675,10.21669833,43.54035908,13.15163837,15.10361181,90.27742995,13.57124149,6.420821623,230.69,60.06685617,35.10634439,14.15116714,14.52368616,13.32945637,49.4838389,41.54735296,-7.787285584,-0.702921012,-10.98155274,25,8,14,14,8,16,6,-6.1268,77.4703,4,4,1,-7.56
pdb5uw1.ent,0.10815047,36.5457837,6.325975227,-0.304075235,73023.2925,412.225,8,14,230.69,-6.1268,6,11.41150846,-5.557601927,39.56,412.225,390.049,412.0658946,152,1.12,1.76,2.32,2.708668567,1.930886079,452.7920023,18.99119935,12.70437218,14.70437218,11.39446595,7.210788729,10.59367097,5.614326824,8.864184507,3.672337021,6.299250508,2.537019115,4.491726317,0.3,181258.6831,21.59839957,8.12284233,5.88870225,142.3080839,141.7135416,58.46440908,16.34043675,10.21669833,43.54035908,13.15163837,15.10361181,90.27742995,13.57124149,6.420821623,230.69,60.06685617,35.10634439,14.15116714,14.52368616,13.32945637,49.4838389,41.54735296,-7.787285584,-0.702921012,-10.98155274,25,8,14,14,8,16,6,-6.1268,77.4703,4,4,1,-7.98
pdb5uw1.ent,0.106349206,36.57414286,6.399354362,-0.305555556,72018.1692,412.225,8,14,230.69,-6.1268,6,11.41150846,-5.557601927,39.56,412.225,390.049,412.0658946,152,1.12,1.76,2.32,2.708668567,1.930886079,452.7920023,18.99119935,12.70437218,14.70437218,11.39446595,7.210788729,10.59367097,5.614326824,8.864184507,3.672337021,6.299250508,2.537019115,4.491726317,0.3,181258.6831,21.59839957,8.12284233,5.88870225,142.3080839,141.7135416,58.46440908,16.34043675,10.21669833,43.54035908,13.15163837,15.10361181,90.27742995,13.57124149,6.420821623,230.69,60.06685617,35.10634439,14.15116714,14.52368616,13.32945637,49.4838389,41.54735296,-7.787285584,-0.702921012,-10.98155274,25,8,14,14,8,16,6,-6.1268,77.4703,4,4,1,-7.43
pdb5u6s.ent,0.117117117,39.02635135,5.141678047,-0.17454955,50158.5363,412.225,8,14,230.69,-6.1268,6,11.41150846,-5.557601927,39.56,412.225,390.049,412.0658946,152,1.12,1.76,2.32,2.708668567,1.930886079,452.7920023,18.99119935,12.70437218,14.70437218,11.39446595,7.210788729,10.59367097,5.614326824,8.864184507,3.672337021,6.299250508,2.537019115,4.491726317,0.3,181258.6831,21.59839957,8.12284233,5.88870225,142.3080839,141.7135416,58.46440908,16.34043675,10.21669833,43.54035908,13.15163837,15.10361181,90.27742995,13.57124149,6.420821623,230.69,60.06685617,35.10634439,14.15116714,14.52368616,13.32945637,49.4838389,41.54735296,-7.787285584,-0.702921012,-10.98155274,25,8,14,14,8,16,6,-6.1268,77.4703,4,4,1,-7.51
pdb5u6s.ent,0.117117117,39.02635135,5.141678047,-0.17454955,50158.5363,412.225,8,14,230.69,-6.1268,6,11.41150846,-5.557601927,39.56,412.225,390.049,412.0658946,152,1.12,1.76,2.32,2.708668567,1.930886079,452.7920023,18.99119935,12.70437218,14.70437218,11.39446595,7.210788729,10.59367097,5.614326824,8.864184507,3.672337021,6.299250508,2.537019115,4.491726317,0.3,181258.6831,21.59839957,8.12284233,5.88870225,142.3080839,141.7135416,58.46440908,16.34043675,10.21669833,43.54035908,13.15163837,15.10361181,90.27742995,13.57124149,6.420821623,230.69,60.06685617,35.10634439,14.15116714,14.52368616,13.32945637,49.4838389,41.54735296,-7.787285584,-0.702921012,-10.98155274,25,8,14,14,8,16,6,-6.1268,77.4703,4,4,1,-7.59
pdb5tzk.ent,0.109467456,34.20653846,5.032774544,-0.388757396,38897.6135,412.225,8,14,230.69,-6.1268,6,11.41150846,-5.557601927,39.56,412.225,390.049,412.0658946,152,1.12,1.76,2.32,2.708668567,1.930886079,452.7920023,18.99119935,12.70437218,14.70437218,11.39446595,7.210788729,10.59367097,5.614326824,8.864184507,3.672337021,6.299250508,2.537019115,4.491726317,0.3,181258.6831,21.59839957,8.12284233,5.88870225,142.3080839,141.7135416,58.46440908,16.34043675,10.21669833,43.54035908,13.15163837,15.10361181,90.27742995,13.57124149,6.420821623,230.69,60.06685617,35.10634439,14.15116714,14.52368616,13.32945637,49.4838389,41.54735296,-7.787285584,-0.702921012,-10.98155274,25,8,14,14,8,16,6,-6.1268,77.4703,4,4,1,-6.46
pdb5tzj.ent,0.108882521,35.75647564,5.108597755,-0.428653295,40173.9918,617.435,12,20,321.87,-8.367,11,12.52019331,-5.898921529,42.43589744,617.435,580.139,617.1609171,234,1,1.641025641,2.230769231,3.096424879,1.593295509,788.7224049,29.28372809,20.53371794,22.53371794,18.04735027,11.88551946,15.22943639,9.282665272,12.71898436,6.247939896,9.373205498,4.341384782,6.944071184,0.06,154682644.9,33.56077002,13.5723819,8.554755203,222.3814436,222.2259254,83.25771717,16.34043675,15.53348694,87.33576417,19.75852033,20.42040041,149.2886778,22.8318516,13.34455882,321.87,103.545406,60.42586557,19.46795574,13.99747307,24.25350732,46.18209235,83.99078265,-16.74896323,-0.542919531,-11.6788535,39,12,20,20,12,22,11,-8.367,122.7014,8,8,2,-8.64
pdb5tzj.ent,0.108882521,35.75647564,5.108597755,-0.428653295,40173.9918,617.435,12,20,321.87,-8.367,11,12.52019331,-5.898921529,42.43589744,617.435,580.139,617.1609171,234,1,1.641025641,2.230769231,3.096424879,1.593295509,788.7224049,29.28372809,20.53371794,22.53371794,18.04735027,11.88551946,15.22943639,9.282665272,12.71898436,6.247939896,9.373205498,4.341384782,6.944071184,0.06,154682644.9,33.56077002,13.5723819,8.554755203,222.3814436,222.2259254,83.25771717,16.34043675,15.53348694,87.33576417,19.75852033,20.42040041,149.2886778,22.8318516,13.34455882,321.87,103.545406,60.42586557,19.46795574,13.99747307,24.25350732,46.18209235,83.99078265,-16.74896323,-0.542919531,-11.6788535,39,12,20,20,12,22,11,-8.367,122.7014,8,8,2,-8.58
pdb5tze.ent,0.108882521,35.75647564,5.108597755,-0.428653295,40173.9918,617.435,12,20,321.87,-8.367,11,12.52019331,-5.898921529,42.43589744,617.435,580.139,617.1609171,234,1,1.641025641,2.230769231,3.096424879,1.593295509,788.7224049,29.28372809,20.53371794,22.53371794,18.04735027,11.88551946,15.22943639,9.282665272,12.71898436,6.247939896,9.373205498,4.341384782,6.944071184,0.06,154682644.9,33.56077002,13.5723819,8.554755203,222.3814436,222.2259254,83.25771717,16.34043675,15.53348694,87.33576417,19.75852033,20.42040041,149.2886778,22.8318516,13.34455882,321.87,103.545406,60.42586557,19.46795574,13.99747307,24.25350732,46.18209235,83.99078265,-16.74896323,-0.542919531,-11.6788535,39,12,20,20,12,22,11,-8.367,122.7014,8,8,2,-8.7
pdb5tze.ent,0.108882521,35.75647564,5.108597755,-0.428653295,40173.9918,617.435,12,20,321.87,-8.367,11,12.52019331,-5.898921529,42.43589744,617.435,580.139,617.1609171,234,1,1.641025641,2.230769231,3.096424879,1.593295509,788.7224049,29.28372809,20.53371794,22.53371794,18.04735027,11.88551946,15.22943639,9.282665272,12.71898436,6.247939896,9.373205498,4.341384782,6.944071184,0.06,154682644.9,33.56077002,13.5723819,8.554755203,222.3814436,222.2259254,83.25771717,16.34043675,15.53348694,87.33576417,19.75852033,20.42040041,149.2886778,22.8318516,13.34455882,321.87,103.545406,60.42586557,19.46795574,13.99747307,24.25350732,46.18209235,83.99078265,-16.74896323,-0.542919531,-11.6788535,39,12,20,20,12,22,11,-8.367,122.7014,8,8,2,-8.67
pdb5tvg.ent,0.098290598,39.21410256,7.944390678,-0.219230769,52311.976,412.225,8,14,230.69,-6.1268,6,11.41150846,-5.557601927,39.56,412.225,390.049,412.0658946,152,1.12,1.76,2.32,2.708668567,1.930886079,452.7920023,18.99119935,12.70437218,14.70437218,11.39446595,7.210788729,10.59367097,5.614326824,8.864184507,3.672337021,6.299250508,2.537019115,4.491726317,0.3,181258.6831,21.59839957,8.12284233,5.88870225,142.3080839,141.7135416,58.46440908,16.34043675,10.21669833,43.54035908,13.15163837,15.10361181,90.27742995,13.57124149,6.420821623,230.69,60.06685617,35.10634439,14.15116714,14.52368616,13.32945637,49.4838389,41.54735296,-7.787285584,-0.702921012,-10.98155274,25,8,14,14,8,16,6,-6.1268,77.4703,4,4,1,-6.62
pdb5tvg.ent,0.101321586,39.17334802,8.875765419,-0.164977974,50776.4826,412.225,8,14,230.69,-6.1268,6,11.41150846,-5.557601927,39.56,412.225,390.049,412.0658946,152,1.12,1.76,2.32,2.708668567,1.930886079,452.7920023,18.99119935,12.70437218,14.70437218,11.39446595,7.210788729,10.59367097,5.614326824,8.864184507,3.672337021,6.299250508,2.537019115,4.491726317,0.3,181258.6831,21.59839957,8.12284233,5.88870225,142.3080839,141.7135416,58.46440908,16.34043675,10.21669833,43.54035908,13.15163837,15.10361181,90.27742995,13.57124149,6.420821623,230.69,60.06685617,35.10634439,14.15116714,14.52368616,13.32945637,49.4838389,41.54735296,-7.787285584,-0.702921012,-10.98155274,25,8,14,14,8,16,6,-6.1268,77.4703,4,4,1,-6.58
pdb5tvg.ent,0.100436681,39.57423581,9.143824959,-0.176637555,51176.9591,412.225,8,14,230.69,-6.1268,6,11.41150846,-5.557601927,39.56,412.225,390.049,412.0658946,152,1.12,1.76,2.32,2.708668567,1.930886079,452.7920023,18.99119935,12.70437218,14.70437218,11.39446595,7.210788729,10.59367097,5.614326824,8.864184507,3.672337021,6.299250508,2.537019115,4.491726317,0.3,181258.6831,21.59839957,8.12284233,5.88870225,142.3080839,141.7135416,58.46440908,16.34043675,10.21669833,43.54035908,13.15163837,15.10361181,90.27742995,13.57124149,6.420821623,230.69,60.06685617,35.10634439,14.15116714,14.52368616,13.32945637,49.4838389,41.54735296,-7.787285584,-0.702921012,-10.98155274,25,8,14,14,8,16,6,-6.1268,77.4703,4,4,1,-6.59
pdb5tvg.ent,0.100877193,39.98289474,8.681780052,-0.226535088,51214.8829,412.225,8,14,230.69,-6.1268,6,11.41150846,-5.557601927,39.56,412.225,390.049,412.0658946,152,1.12,1.76,2.32,2.708668567,1.930886079,452.7920023,18.99119935,12.70437218,14.70437218,11.39446595,7.210788729,10.59367097,5.614326824,8.864184507,3.672337021,6.299250508,2.537019115,4.491726317,0.3,181258.6831,21.59839957,8.12284233,5.88870225,142.3080839,141.7135416,58.46440908,16.34043675,10.21669833,43.54035908,13.15163837,15.10361181,90.27742995,13.57124149,6.420821623,230.69,60.06685617,35.10634439,14.15116714,14.52368616,13.32945637,49.4838389,41.54735296,-7.787285584,-0.702921012,-10.98155274,25,8,14,14,8,16,6,-6.1268,77.4703,4,4,1,-6.67
pdb5tvg.ent,0.102908277,40.85055928,9.02172184,-0.189038031,50236.9438,412.225,8,14,230.69,-6.1268,6,11.41150846,-5.557601927,39.56,412.225,390.049,412.0658946,152,1.12,1.76,2.32,2.708668567,1.930886079,452.7920023,18.99119935,12.70437218,14.70437218,11.39446595,7.210788729,10.59367097,5.614326824,8.864184507,3.672337021,6.299250508,2.537019115,4.491726317,0.3,181258.6831,21.59839957,8.12284233,5.88870225,142.3080839,141.7135416,58.46440908,16.34043675,10.21669833,43.54035908,13.15163837,15.10361181,90.27742995,13.57124149,6.420821623,230.69,60.06685617,35.10634439,14.15116714,14.52368616,13.32945637,49.4838389,41.54735296,-7.787285584,-0.702921012,-10.98155274,25,8,14,14,8,16,6,-6.1268,77.4703,4,4,1,-6.62
pdb5tvg.ent,0.100877193,40.16907895,8.670111275,-0.177850877,50964.6639,412.225,8,14,230.69,-6.1268,6,11.41150846,-5.557601927,39.56,412.225,390.049,412.0658946,152,1.12,1.76,2.32,2.708668567,1.930886079,452.7920023,18.99119935,12.70437218,14.70437218,11.39446595,7.210788729,10.59367097,5.614326824,8.864184507,3.672337021,6.299250508,2.537019115,4.491726317,0.3,181258.6831,21.59839957,8.12284233,5.88870225,142.3080839,141.7135416,58.46440908,16.34043675,10.21669833,43.54035908,13.15163837,15.10361181,90.27742995,13.57124149,6.420821623,230.69,60.06685617,35.10634439,14.15116714,14.52368616,13.32945637,49.4838389,41.54735296,-7.787285584,-0.702921012,-10.98155274,25,8,14,14,8,16,6,-6.1268,77.4703,4,4,1,-6.6
pdb5tvg.ent,0.104783599,39.48246014,8.87054348,-0.203416856,49380.8992,412.225,8,14,230.69,-6.1268,6,11.41150846,-5.557601927,39.56,412.225,390.049,412.0658946,152,1.12,1.76,2.32,2.708668567,1.930886079,452.7920023,18.99119935,12.70437218,14.70437218,11.39446595,7.210788729,10.59367097,5.614326824,8.864184507,3.672337021,6.299250508,2.537019115,4.491726317,0.3,181258.6831,21.59839957,8.12284233,5.88870225,142.3080839,141.7135416,58.46440908,16.34043675,10.21669833,43.54035908,13.15163837,15.10361181,90.27742995,13.57124149,6.420821623,230.69,60.06685617,35.10634439,14.15116714,14.52368616,13.32945637,49.4838389,41.54735296,-7.787285584,-0.702921012,-10.98155274,25,8,14,14,8,16,6,-6.1268,77.4703,4,4,1,-6.54
pdb5tvg.ent,0.103837472,38.98916479,7.774346352,-0.189841986,49740.2277,412.225,8,14,230.69,-6.1268,6,11.41150846,-5.557601927,39.56,412.225,390.049,412.0658946,152,1.12,1.76,2.32,2.708668567,1.930886079,452.7920023,18.99119935,12.70437218,14.70437218,11.39446595,7.210788729,10.59367097,5.614326824,8.864184507,3.672337021,6.299250508,2.537019115,4.491726317,0.3,181258.6831,21.59839957,8.12284233,5.88870225,142.3080839,141.7135416,58.46440908,16.34043675,10.21669833,43.54035908,13.15163837,15.10361181,90.27742995,13.57124149,6.420821623,230.69,60.06685617,35.10634439,14.15116714,14.52368616,13.32945637,49.4838389,41.54735296,-7.787285584,-0.702921012,-10.98155274,25,8,14,14,8,16,6,-6.1268,77.4703,4,4,1,-6.49
pdb5nv8.ent,0.118811881,34.86207921,5.589853477,-0.014521452,33847.1034,556.395,9,17,269.38,-5.9998,8,12.22669457,-5.736658654,44.97142857,556.395,522.123,556.1445388,210,0.971428571,1.628571429,2.285714286,3.106631141,1.514511795,709.8710083,26.29216426,18.8548337,20.8548337,16.09866187,10.88600776,14.22992469,8.851494175,12.28781327,6.007263928,9.13252953,3.951794779,6.547297861,0.18,24934343.45,29.73179851,11.50897164,7.39576363,200.8781718,200.6611013,73.04466238,16.34043675,10.21669833,81.98975937,13.15163837,15.10361181,120.198999,22.8318516,20.26829602,269.38,84.66878207,50.21281078,14.15116714,13.99747307,24.04823456,45.58082062,61.8511222,-13.78319922,2.481787978,-11.34608064,35,9,17,17,9,19,8,-5.9998,111.8491,6,6,2,-8.12
pdb5nrd.ent,0.147887324,48.68070423,7.282632256,-0.331338028,33500.266,412.225,8,14,230.69,-6.1268,6,11.41150846,-5.557601927,39.56,412.225,390.049,412.0658946,152,1.12,1.76,2.32,2.708668567,1.930886079,452.7920023,18.99119935,12.70437218,14.70437218,11.39446595,7.210788729,10.59367097,5.614326824,8.864184507,3.672337021,6.299250508,2.537019115,4.491726317,0.3,181258.6831,21.59839957,8.12284233,5.88870225,142.3080839,141.7135416,58.46440908,16.34043675,10.21669833,43.54035908,13.15163837,15.10361181,90.27742995,13.57124149,6.420821623,230.69,60.06685617,35.10634439,14.15116714,14.52368616,13.32945637,49.4838389,41.54735296,-7.787285584,-0.702921012,-10.98155274,25,8,14,14,8,16,6,-6.1268,77.4703,4,4,1,-8.68
pdb5nrd.ent,0.14801444,49.65819495,6.868219185,-0.309747292,32611.2562,412.225,8,14,230.69,-6.1268,6,11.41150846,-5.557601927,39.56,412.225,390.049,412.0658946,152,1.12,1.76,2.32,2.708668567,1.930886079,452.7920023,18.99119935,12.70437218,14.70437218,11.39446595,7.210788729,10.59367097,5.614326824,8.864184507,3.672337021,6.299250508,2.537019115,4.491726317,0.3,181258.6831,21.59839957,8.12284233,5.88870225,142.3080839,141.7135416,58.46440908,16.34043675,10.21669833,43.54035908,13.15163837,15.10361181,90.27742995,13.57124149,6.420821623,230.69,60.06685617,35.10634439,14.15116714,14.52368616,13.32945637,49.4838389,41.54735296,-7.787285584,-0.702921012,-10.98155274,25,8,14,14,8,16,6,-6.1268,77.4703,4,4,1,-8.25
pdb5n80.ent,0.122905028,32.54639665,8.628851509,-0.122625698,40704.5397,412.225,8,14,230.69,-6.1268,6,11.41150846,-5.557601927,39.56,412.225,390.049,412.0658946,152,1.12,1.76,2.32,2.708668567,1.930886079,452.7920023,18.99119935,12.70437218,14.70437218,11.39446595,7.210788729,10.59367097,5.614326824,8.864184507,3.672337021,6.299250508,2.537019115,4.491726317,0.3,181258.6831,21.59839957,8.12284233,5.88870225,142.3080839,141.7135416,58.46440908,16.34043675,10.21669833,43.54035908,13.15163837,15.10361181,90.27742995,13.57124149,6.420821623,230.69,60.06685617,35.10634439,14.15116714,14.52368616,13.32945637,49.4838389,41.54735296,-7.787285584,-0.702921012,-10.98155274,25,8,14,14,8,16,6,-6.1268,77.4703,4,4,1,-6.56
pdb5mm1.ent,0.115606936,23.76187861,9.474354362,0.230635838,39370.8435,453.282,10,16,260.54,-7.7055,6,11.54709042,-5.561978886,43.89285714,453.282,428.082,453.103677,168,1.142857143,1.821428571,2.464285714,3.060680238,1.61221445,558.3448456,20.85300667,14.28210261,16.28210261,12.8776292,8.263920344,11.64680258,6.634611811,9.884469494,4.603825105,7.230738592,3.404590485,5.359297687,0.22,1122914.608,22.89519417,8.392696728,5.09362707,159.3125762,158.8228629,53.35788168,16.34043675,20.85027554,49.26502834,13.27557315,31.47085649,97.44032822,13.57124149,0,260.54,72.21234706,29.99981699,24.78474434,20.25735364,13.69359817,50.34145757,39.07953278,-7.674005072,-0.628557901,-10.98929169,28,11,16,16,10,18,6,-7.7055,88.6693,3,3,1,-5.72
pdb5mm0.ent,0.115492958,24.74171831,9.534052086,0.194647887,40434.0344,615.423,13,21,339.69,-9.8813,9,12.35448675,-5.89063094,46.82051282,615.423,580.143,615.1565005,232,0.897435897,1.564102564,2.230769231,3.379396058,1.319489365,837.4288618,28.86107836,20.0340981,22.0340981,18.13666667,11.78395053,15.12786747,9.425119187,12.86143828,6.713381304,9.838646906,4.735136403,7.330639486,0.02,253378350.3,31.94474267,12.32511588,6.987698773,221.1061895,220.9289453,78.15118978,16.34043675,20.85027554,79.97092062,19.88245512,31.47085649,150.2858004,22.8318516,0,339.69,109.5251213,55.31933817,29.30849151,15.20739338,23.89818993,46.05371397,78.21748079,-17.81426366,-1.693562908,-11.65375217,39,14,21,21,13,23,9,-9.8813,121.3027,7,7,2,-7.38
pdb5mlz.ent,0.115492958,24.74171831,9.534052086,0.194647887,40434.0344,453.282,10,16,260.54,-7.7055,6,11.54709042,-5.561978886,43.89285714,453.282,428.082,453.103677,168,1.142857143,1.821428571,2.464285714,3.060680238,1.61221445,558.3448456,20.85300667,14.28210261,16.28210261,12.8776292,8.263920344,11.64680258,6.634611811,9.884469494,4.603825105,7.230738592,3.404590485,5.359297687,0.22,1122914.608,22.89519417,8.392696728,5.09362707,159.3125762,158.8228629,53.35788168,16.34043675,20.85027554,49.26502834,13.27557315,31.47085649,97.44032822,13.57124149,0,260.54,72.21234706,29.99981699,24.78474434,20.25735364,13.69359817,50.34145757,39.07953278,-7.674005072,-0.628557901,-10.98929169,28,11,16,16,10,18,6,-7.7055,88.6693,3,3,1,-5.97
pdb5m7d.ent,0.125,45.80682432,8.593393898,-0.182094595,34380.3204,412.225,8,14,230.69,-6.1268,6,11.41150846,-5.557601927,39.56,412.225,390.049,412.0658946,152,1.12,1.76,2.32,2.708668567,1.930886079,452.7920023,18.99119935,12.70437218,14.70437218,11.39446595,7.210788729,10.59367097,5.614326824,8.864184507,3.672337021,6.299250508,2.537019115,4.491726317,0.3,181258.6831,21.59839957,8.12284233,5.88870225,142.3080839,141.7135416,58.46440908,16.34043675,10.21669833,43.54035908,13.15163837,15.10361181,90.27742995,13.57124149,6.420821623,230.69,60.06685617,35.10634439,14.15116714,14.52368616,13.32945637,49.4838389,41.54735296,-7.787285584,-0.702921012,-10.98155274,25,8,14,14,8,16,6,-6.1268,77.4703,4,4,1,-8.78
pdb5m79.ent,0.126279863,46.33249147,8.792859077,-0.197610922,34107.0348,331.238,7,11,178.17,-4.9059,4,10.65963346,-4.991659148,43.19047619,331.238,311.078,331.0911904,126,1.238095238,1.904761905,2.476190476,2.63559112,1.957558821,356.6002527,15.78409257,10.940662,11.940662,9.687359167,6.374809496,8.085733268,4.988403472,6.374042017,3.416030539,3.958747226,2.342788422,2.724167429,-0.01,36879.82654,17.34552975,6.62366093,4.255676924,120.1748097,119.4458687,44.3669545,8.170218376,10.21669833,43.54035908,13.15163837,10.21020021,85.38401834,9.260610116,6.420821623,178.17,51.8966378,25.31952118,9.840535766,14.52368616,9.580149151,29.22729949,41.26559889,-6.979243438,-0.407700499,-4.991659148,21,7,11,11,7,12,4,-4.9059,65.8515,4,4,1,-6.94
pdb5ky3.ent,0.124293785,40.04463277,8.111686134,-0.252259887,40348.8111,599.424,12,20,319.46,-8.8537,8,12.33831391,-5.796243185,47.73684211,599.424,564.144,599.1615858,226,0.947368421,1.631578947,2.315789474,3.345600874,1.316312131,823.2082461,28.15397158,19.87977772,21.87977772,17.59866187,11.63682474,14.98074168,9.409211667,12.84553076,6.673323438,9.79858904,4.681140377,7.27664346,0.06,149044923.1,31.00571308,11.74310627,6.582434112,216.3119557,216.1392731,73.04466238,16.34043675,20.85027554,86.89465782,13.27557315,31.47085649,138.5723911,22.8318516,6.9237372,319.46,102.9182393,50.21281078,24.78474434,19.73114055,24.10733508,46.01056189,69.00007991,-16.6286995,0.502013343,-11.50167623,38,13,20,20,12,22,8,-8.8537,119.8909,6,6,2,-7.8
pdb5kxq.ent,0.125382263,38.6617737,7.613492012,-0.178593272,37394.6166,453.282,10,16,260.54,-7.7055,6,11.54709042,-5.561978886,43.89285714,453.282,428.082,453.103677,168,1.142857143,1.821428571,2.464285714,3.060680238,1.61221445,558.3448456,20.85300667,14.28210261,16.28210261,12.8776292,8.263920344,11.64680258,6.634611811,9.884469494,4.603825105,7.230738592,3.404590485,5.359297687,0.22,1122914.608,22.89519417,8.392696728,5.09362707,159.3125762,158.8228629,53.35788168,16.34043675,20.85027554,49.26502834,13.27557315,31.47085649,97.44032822,13.57124149,0,260.54,72.21234706,29.99981699,24.78474434,20.25735364,13.69359817,50.34145757,39.07953278,-7.674005072,-0.628557901,-10.98929169,28,11,16,16,10,18,6,-7.7055,88.6693,3,3,1,-6.07
pdb5kxq.ent,0.126153846,39.47907692,7.615538216,-0.163076923,37109.2772,453.282,10,16,260.54,-7.7055,6,11.54709042,-5.561978886,43.89285714,453.282,428.082,453.103677,168,1.142857143,1.821428571,2.464285714,3.060680238,1.61221445,558.3448456,20.85300667,14.28210261,16.28210261,12.8776292,8.263920344,11.64680258,6.634611811,9.884469494,4.603825105,7.230738592,3.404590485,5.359297687,0.22,1122914.608,22.89519417,8.392696728,5.09362707,159.3125762,158.8228629,53.35788168,16.34043675,20.85027554,49.26502834,13.27557315,31.47085649,97.44032822,13.57124149,0,260.54,72.21234706,29.99981699,24.78474434,20.25735364,13.69359817,50.34145757,39.07953278,-7.674005072,-0.628557901,-10.98929169,28,11,16,16,10,18,6,-7.7055,88.6693,3,3,1,-6.08
pdb5kxq.ent,0.126934985,40.63993808,7.615538216,-0.175232198,36967.1214,453.282,10,16,260.54,-7.7055,6,11.54709042,-5.561978886,43.89285714,453.282,428.082,453.103677,168,1.142857143,1.821428571,2.464285714,3.060680238,1.61221445,558.3448456,20.85300667,14.28210261,16.28210261,12.8776292,8.263920344,11.64680258,6.634611811,9.884469494,4.603825105,7.230738592,3.404590485,5.359297687,0.22,1122914.608,22.89519417,8.392696728,5.09362707,159.3125762,158.8228629,53.35788168,16.34043675,20.85027554,49.26502834,13.27557315,31.47085649,97.44032822,13.57124149,0,260.54,72.21234706,29.99981699,24.78474434,20.25735364,13.69359817,50.34145757,39.07953278,-7.674005072,-0.628557901,-10.98929169,28,11,16,16,10,18,6,-7.7055,88.6693,3,3,1,-6.15
pdb5kxq.ent,0.129230769,38.83815385,7.138659096,-0.189230769,37185.2639,453.282,10,16,260.54,-7.7055,6,11.54709042,-5.561978886,43.89285714,453.282,428.082,453.103677,168,1.142857143,1.821428571,2.464285714,3.060680238,1.61221445,558.3448456,20.85300667,14.28210261,16.28210261,12.8776292,8.263920344,11.64680258,6.634611811,9.884469494,4.603825105,7.230738592,3.404590485,5.359297687,0.22,1122914.608,22.89519417,8.392696728,5.09362707,159.3125762,158.8228629,53.35788168,16.34043675,20.85027554,49.26502834,13.27557315,31.47085649,97.44032822,13.57124149,0,260.54,72.21234706,29.99981699,24.78474434,20.25735364,13.69359817,50.34145757,39.07953278,-7.674005072,-0.628557901,-10.98929169,28,11,16,16,10,18,6,-7.7055,88.6693,3,3,1,-6.01
pdb5k41.ent,0.086393089,44.82116631,7.886820412,-0.188984881,52223.0295,613.407,11,21,345.35,-11.1453,9,12.20337564,-6.20313094,46.82051282,613.407,580.143,613.1419476,232,0.871794872,1.538461538,2.205128205,3.379396058,1.319489365,837.4288618,28.86107836,19.95616749,21.95616749,18.13666667,11.74498523,15.01097155,9.377396629,12.7182706,6.695211282,9.736414282,4.717467036,7.218253664,0.02,253378350.3,31.94474267,12.32511588,6.987698773,221.1061895,220.9289453,78.15118978,16.34043675,20.85027554,79.97092062,19.88245512,41.2576797,140.4989772,22.8318516,0,345.35,109.5251213,50.21281078,29.30849151,20.31392078,23.26993455,50.21190672,77.97371347,-18.30280102,-1.83720467,-12.27875217,39,12,21,21,11,23,9,-11.1453,116.8651,7,7,2,-7.88
pdb5k41.ent,0.086393089,44.82116631,7.886820412,-0.188984881,52223.0295,599.424,12,20,319.46,-9.1997,9,12.34616489,-5.860394527,45.76315789,599.424,564.144,599.1615858,226,0.894736842,1.578947368,2.263157895,3.390648471,1.311124254,806.3455165,27.99083487,19.71664102,21.71664102,17.74281982,11.65550815,14.99942509,9.280086051,12.71640514,6.708442149,9.833707751,4.707605491,7.303108574,0.06,182194169.6,31.00571308,12.11850167,6.582434112,216.3119557,216.1392731,73.04466238,16.34043675,20.85027554,73.61908467,26.55114631,31.47085649,145.4961283,22.8318516,0,319.46,90.96566891,50.21281078,24.78474434,19.73114055,24.00430059,46.18652361,68.78037241,-15.65730592,-1.111740621,-11.58133486,38,13,20,20,12,22,9,-9.1997,120.1629,6,6,2,-7.82
pdb5jud.ent,0.054151625,34.60870036,5.097855186,0.180866426,29917.1471,412.225,8,14,230.69,-6.1268,6,11.41150846,-5.557601927,39.56,412.225,390.049,412.0658946,152,1.12,1.76,2.32,2.708668567,1.930886079,452.7920023,18.99119935,12.70437218,14.70437218,11.39446595,7.210788729,10.59367097,5.614326824,8.864184507,3.672337021,6.299250508,2.537019115,4.491726317,0.3,181258.6831,21.59839957,8.12284233,5.88870225,142.3080839,141.7135416,58.46440908,16.34043675,10.21669833,43.54035908,13.15163837,15.10361181,90.27742995,13.57124149,6.420821623,230.69,60.06685617,35.10634439,14.15116714,14.52368616,13.32945637,49.4838389,41.54735296,-7.787285584,-0.702921012,-10.98155274,25,8,14,14,8,16,6,-6.1268,77.4703,4,4,1,-6.81
pdb5jio.ent,0.085653105,44.52291221,7.887142754,-0.207494647,52710.537,332.246,8,11,175.34,-4.2739,4,9.943468443,-4.741659148,43.19047619,332.246,311.078,332.0984669,126,1.142857143,1.80952381,2.380952381,2.63559112,1.957558821,356.6002527,15.78409257,10.9796273,11.9796273,9.687359167,6.394292148,8.144181225,5.013783046,6.450180738,3.421654696,3.975619698,2.346035531,2.733908755,-0.01,36879.82654,17.34552975,6.62366093,4.255676924,120.1748097,119.4458687,44.3669545,8.170218376,10.21669833,43.54035908,13.15163837,5.316788604,90.27742995,9.260610116,6.420821623,175.34,51.8966378,20.42610958,9.840535766,19.41709776,9.71903804,27.56138307,41.3285765,-6.840039192,-0.33285482,-4.741659148,21,8,11,11,8,12,4,-4.2739,68.0703,4,4,1,-6.37
pdb5hvo.ent,0.111111111,39.51525054,7.808878136,-0.158823529,51981.0039,412.225,8,14,230.69,-6.1268,6,11.41150846,-5.557601927,39.56,412.225,390.049,412.0658946,152,1.12,1.76,2.32,2.708668567,1.930886079,452.7920023,18.99119935,12.70437218,14.70437218,11.39446595,7.210788729,10.59367097,5.614326824,8.864184507,3.672337021,6.299250508,2.537019115,4.491726317,0.3,181258.6831,21.59839957,8.12284233,5.88870225,142.3080839,141.7135416,58.46440908,16.34043675,10.21669833,43.54035908,13.15163837,15.10361181,90.27742995,13.57124149,6.420821623,230.69,60.06685617,35.10634439,14.15116714,14.52368616,13.32945637,49.4838389,41.54735296,-7.787285584,-0.702921012,-10.98155274,25,8,14,14,8,16,6,-6.1268,77.4703,4,4,1,-6.37
pdb5hvo.ent,0.112334802,37.02048458,7.355101967,-0.130837004,51393.3773,412.225,8,14,230.69,-6.1268,6,11.41150846,-5.557601927,39.56,412.225,390.049,412.0658946,152,1.12,1.76,2.32,2.708668567,1.930886079,452.7920023,18.99119935,12.70437218,14.70437218,11.39446595,7.210788729,10.59367097,5.614326824,8.864184507,3.672337021,6.299250508,2.537019115,4.491726317,0.3,181258.6831,21.59839957,8.12284233,5.88870225,142.3080839,141.7135416,58.46440908,16.34043675,10.21669833,43.54035908,13.15163837,15.10361181,90.27742995,13.57124149,6.420821623,230.69,60.06685617,35.10634439,14.15116714,14.52368616,13.32945637,49.4838389,41.54735296,-7.787285584,-0.702921012,-10.98155274,25,8,14,14,8,16,6,-6.1268,77.4703,4,4,1,-6.32
pdb5hvo.ent,0.112334802,36.21872247,7.024071693,-0.127973568,51374.3309,412.225,8,14,230.69,-6.1268,6,11.41150846,-5.557601927,39.56,412.225,390.049,412.0658946,152,1.12,1.76,2.32,2.708668567,1.930886079,452.7920023,18.99119935,12.70437218,14.70437218,11.39446595,7.210788729,10.59367097,5.614326824,8.864184507,3.672337021,6.299250508,2.537019115,4.491726317,0.3,181258.6831,21.59839957,8.12284233,5.88870225,142.3080839,141.7135416,58.46440908,16.34043675,10.21669833,43.54035908,13.15163837,15.10361181,90.27742995,13.57124149,6.420821623,230.69,60.06685617,35.10634439,14.15116714,14.52368616,13.32945637,49.4838389,41.54735296,-7.787285584,-0.702921012,-10.98155274,25,8,14,14,8,16,6,-6.1268,77.4703,4,4,1,-6.33
pdb5hvo.ent,0.111842105,36.90197368,7.371698952,-0.139035088,51617.5939,412.225,8,14,230.69,-6.1268,6,11.41150846,-5.557601927,39.56,412.225,390.049,412.0658946,152,1.12,1.76,2.32,2.708668567,1.930886079,452.7920023,18.99119935,12.70437218,14.70437218,11.39446595,7.210788729,10.59367097,5.614326824,8.864184507,3.672337021,6.299250508,2.537019115,4.491726317,0.3,181258.6831,21.59839957,8.12284233,5.88870225,142.3080839,141.7135416,58.46440908,16.34043675,10.21669833,43.54035908,13.15163837,15.10361181,90.27742995,13.57124149,6.420821623,230.69,60.06685617,35.10634439,14.15116714,14.52368616,13.32945637,49.4838389,41.54735296,-7.787285584,-0.702921012,-10.98155274,25,8,14,14,8,16,6,-6.1268,77.4703,4,4,1,-6.42
pdb5hvl.ent,0.115631692,40.45481799,5.753492928,-0.149036403,53159.2321,412.225,8,14,230.69,-6.1268,6,11.41150846,-5.557601927,39.56,412.225,390.049,412.0658946,152,1.12,1.76,2.32,2.708668567,1.930886079,452.7920023,18.99119935,12.70437218,14.70437218,11.39446595,7.210788729,10.59367097,5.614326824,8.864184507,3.672337021,6.299250508,2.537019115,4.491726317,0.3,181258.6831,21.59839957,8.12284233,5.88870225,142.3080839,141.7135416,58.46440908,16.34043675,10.21669833,43.54035908,13.15163837,15.10361181,90.27742995,13.57124149,6.420821623,230.69,60.06685617,35.10634439,14.15116714,14.52368616,13.32945637,49.4838389,41.54735296,-7.787285584,-0.702921012,-10.98155274,25,8,14,14,8,16,6,-6.1268,77.4703,4,4,1,-6.48
pdb5hvl.ent,0.115879828,40.52017167,5.753549767,-0.15472103,53056.0892,412.225,8,14,230.69,-6.1268,6,11.41150846,-5.557601927,39.56,412.225,390.049,412.0658946,152,1.12,1.76,2.32,2.708668567,1.930886079,452.7920023,18.99119935,12.70437218,14.70437218,11.39446595,7.210788729,10.59367097,5.614326824,8.864184507,3.672337021,6.299250508,2.537019115,4.491726317,0.3,181258.6831,21.59839957,8.12284233,5.88870225,142.3080839,141.7135416,58.46440908,16.34043675,10.21669833,43.54035908,13.15163837,15.10361181,90.27742995,13.57124149,6.420821623,230.69,60.06685617,35.10634439,14.15116714,14.52368616,13.32945637,49.4838389,41.54735296,-7.787285584,-0.702921012,-10.98155274,25,8,14,14,8,16,6,-6.1268,77.4703,4,4,1,-6.48
pdb5huv.ent,0.115138593,40.42430704,6.176545525,-0.163539446,53424.5933,574.366,11,19,309.84,-8.3026,9,12.21890479,-5.886253981,44.05555556,574.366,542.11,574.118718,216,0.861111111,1.5,2.111111111,3.055525205,1.546915006,723.5528683,26.99927104,18.45636767,20.45636767,16.65350342,10.73081892,14.07473585,8.4048342,11.84115329,5.78189322,8.907158822,3.867565033,6.463068116,0.1,41785932.71,30.63878108,12.09103866,7.186870793,204.1016972,203.819624,83.25771717,16.34043675,10.21669833,74.24625136,19.75852033,15.10361181,143.1229022,22.8318516,6.420821623,309.84,97.37963042,55.31933817,18.6749143,14.5802533,23.4629234,45.2772329,80.67692563,-17.94348998,-1.772023168,-11.64601323,36,11,19,19,11,21,9,-8.3026,110.1037,8,8,2,-8.03
pdb5huv.ent,0.11637931,40.62715517,6.309605598,-0.156681034,52968.1431,574.366,11,19,309.84,-8.3026,9,12.21890479,-5.886253981,44.05555556,574.366,542.11,574.118718,216,0.861111111,1.5,2.111111111,3.055525205,1.546915006,723.5528683,26.99927104,18.45636767,20.45636767,16.65350342,10.73081892,14.07473585,8.4048342,11.84115329,5.78189322,8.907158822,3.867565033,6.463068116,0.1,41785932.71,30.63878108,12.09103866,7.186870793,204.1016972,203.819624,83.25771717,16.34043675,10.21669833,74.24625136,19.75852033,15.10361181,143.1229022,22.8318516,6.420821623,309.84,97.37963042,55.31933817,18.6749143,14.5802533,23.4629234,45.2772329,80.67692563,-17.94348998,-1.772023168,-11.64601323,36,11,19,19,11,21,9,-8.3026,110.1037,8,8,2,-7.96
pdb5hut.ent,0.115138593,40.26353945,5.753492928,-0.159275053,53370.4499,574.366,11,19,309.84,-8.3026,9,12.21890479,-5.886253981,44.05555556,574.366,542.11,574.118718,216,0.861111111,1.5,2.111111111,3.055525205,1.546915006,723.5528683,26.99927104,18.45636767,20.45636767,16.65350342,10.73081892,14.07473585,8.4048342,11.84115329,5.78189322,8.907158822,3.867565033,6.463068116,0.1,41785932.71,30.63878108,12.09103866,7.186870793,204.1016972,203.819624,83.25771717,16.34043675,10.21669833,74.24625136,19.75852033,15.10361181,143.1229022,22.8318516,6.420821623,309.84,97.37963042,55.31933817,18.6749143,14.5802533,23.4629234,45.2772329,80.67692563,-17.94348998,-1.772023168,-11.64601323,36,11,19,19,11,21,9,-8.3026,110.1037,8,8,2,-7.99
pdb5hut.ent,0.11637931,40.75107759,5.848470879,-0.151508621,52883.9737,574.366,11,19,309.84,-8.3026,9,12.21890479,-5.886253981,44.05555556,574.366,542.11,574.118718,216,0.861111111,1.5,2.111111111,3.055525205,1.546915006,723.5528683,26.99927104,18.45636767,20.45636767,16.65350342,10.73081892,14.07473585,8.4048342,11.84115329,5.78189322,8.907158822,3.867565033,6.463068116,0.1,41785932.71,30.63878108,12.09103866,7.186870793,204.1016972,203.819624,83.25771717,16.34043675,10.21669833,74.24625136,19.75852033,15.10361181,143.1229022,22.8318516,6.420821623,309.84,97.37963042,55.31933817,18.6749143,14.5802533,23.4629234,45.2772329,80.67692563,-17.94348998,-1.772023168,-11.64601323,36,11,19,19,11,21,9,-8.3026,110.1037,8,8,2,-7.7
pdb5gl5.ent,0.106728538,36.70883991,9.087801933,-0.13062645,48431.2524,574.366,11,19,309.84,-8.3026,9,12.21890479,-5.886253981,44.05555556,574.366,542.11,574.118718,216,0.861111111,1.5,2.111111111,3.055525205,1.546915006,723.5528683,26.99927104,18.45636767,20.45636767,16.65350342,10.73081892,14.07473585,8.4048342,11.84115329,5.78189322,8.907158822,3.867565033,6.463068116,0.1,41785932.71,30.63878108,12.09103866,7.186870793,204.1016972,203.819624,83.25771717,16.34043675,10.21669833,74.24625136,19.75852033,15.10361181,143.1229022,22.8318516,6.420821623,309.84,97.37963042,55.31933817,18.6749143,14.5802533,23.4629234,45.2772329,80.67692563,-17.94348998,-1.772023168,-11.64601323,36,11,19,19,11,21,9,-8.3026,110.1037,8,8,2,-8.36
pdb5gl5.ent,0.106728538,36.0612761,8.999802589,-0.118561485,48315.0909,574.366,11,19,309.84,-8.3026,9,12.21890479,-5.886253981,44.05555556,574.366,542.11,574.118718,216,0.861111111,1.5,2.111111111,3.055525205,1.546915006,723.5528683,26.99927104,18.45636767,20.45636767,16.65350342,10.73081892,14.07473585,8.4048342,11.84115329,5.78189322,8.907158822,3.867565033,6.463068116,0.1,41785932.71,30.63878108,12.09103866,7.186870793,204.1016972,203.819624,83.25771717,16.34043675,10.21669833,74.24625136,19.75852033,15.10361181,143.1229022,22.8318516,6.420821623,309.84,97.37963042,55.31933817,18.6749143,14.5802533,23.4629234,45.2772329,80.67692563,-17.94348998,-1.772023168,-11.64601323,36,11,19,19,11,21,9,-8.3026,110.1037,8,8,2,-8.29
pdb5ggi.ent,0.116751269,48.33654822,5.987953758,-0.380456853,45645.5971,412.225,8,14,230.69,-6.1268,6,11.41150846,-5.557601927,39.56,412.225,390.049,412.0658946,152,1.12,1.76,2.32,2.708668567,1.930886079,452.7920023,18.99119935,12.70437218,14.70437218,11.39446595,7.210788729,10.59367097,5.614326824,8.864184507,3.672337021,6.299250508,2.537019115,4.491726317,0.3,181258.6831,21.59839957,8.12284233,5.88870225,142.3080839,141.7135416,58.46440908,16.34043675,10.21669833,43.54035908,13.15163837,15.10361181,90.27742995,13.57124149,6.420821623,230.69,60.06685617,35.10634439,14.15116714,14.52368616,13.32945637,49.4838389,41.54735296,-7.787285584,-0.702921012,-10.98155274,25,8,14,14,8,16,6,-6.1268,77.4703,4,4,1,-6.79
pdb5ggi.ent,0.103448276,45.57295826,5.980962563,-0.31615245,62689.7627,412.225,8,14,230.69,-6.1268,6,11.41150846,-5.557601927,39.56,412.225,390.049,412.0658946,152,1.12,1.76,2.32,2.708668567,1.930886079,452.7920023,18.99119935,12.70437218,14.70437218,11.39446595,7.210788729,10.59367097,5.614326824,8.864184507,3.672337021,6.299250508,2.537019115,4.491726317,0.3,181258.6831,21.59839957,8.12284233,5.88870225,142.3080839,141.7135416,58.46440908,16.34043675,10.21669833,43.54035908,13.15163837,15.10361181,90.27742995,13.57124149,6.420821623,230.69,60.06685617,35.10634439,14.15116714,14.52368616,13.32945637,49.4838389,41.54735296,-7.787285584,-0.702921012,-10.98155274,25,8,14,14,8,16,6,-6.1268,77.4703,4,4,1,-6.96
pdb5foe.ent,0.128205128,47.06622378,5.667495537,-0.625874126,50209.8786,453.282,10,16,260.54,-7.7055,6,11.54709042,-5.561978886,43.89285714,453.282,428.082,453.103677,168,1.142857143,1.821428571,2.464285714,3.060680238,1.61221445,558.3448456,20.85300667,14.28210261,16.28210261,12.8776292,8.263920344,11.64680258,6.634611811,9.884469494,4.603825105,7.230738592,3.404590485,5.359297687,0.22,1122914.608,22.89519417,8.392696728,5.09362707,159.3125762,158.8228629,53.35788168,16.34043675,20.85027554,49.26502834,13.27557315,31.47085649,97.44032822,13.57124149,0,260.54,72.21234706,29.99981699,24.78474434,20.25735364,13.69359817,50.34145757,39.07953278,-7.674005072,-0.628557901,-10.98929169,28,11,16,16,10,18,6,-7.7055,88.6693,3,3,1,-5.99
pdb5foe.ent,0.128735632,46.79542529,6.012337685,-0.638390805,51112.0014,453.282,10,16,260.54,-7.7055,6,11.54709042,-5.561978886,43.89285714,453.282,428.082,453.103677,168,1.142857143,1.821428571,2.464285714,3.060680238,1.61221445,558.3448456,20.85300667,14.28210261,16.28210261,12.8776292,8.263920344,11.64680258,6.634611811,9.884469494,4.603825105,7.230738592,3.404590485,5.359297687,0.22,1122914.608,22.89519417,8.392696728,5.09362707,159.3125762,158.8228629,53.35788168,16.34043675,20.85027554,49.26502834,13.27557315,31.47085649,97.44032822,13.57124149,0,260.54,72.21234706,29.99981699,24.78474434,20.25735364,13.69359817,50.34145757,39.07953278,-7.674005072,-0.628557901,-10.98929169,28,11,16,16,10,18,6,-7.7055,88.6693,3,3,1,-6.03
pdb5fa1.ent,0.117948718,41.07266667,4.897668266,-0.054871795,43877.0304,330.254,7,11,183.96,-4.9395,4,10.67352235,-4.975130222,43.19047619,330.254,309.086,330.1071748,126,1.333333333,2,2.571428571,2.63559112,1.957558821,358.3746902,15.78409257,11.07079867,12.07079867,9.687359167,6.44994394,8.160867711,5.079098769,6.464737313,3.475287206,4.018003893,2.378988625,2.760367631,-0.01,36879.82654,17.34552975,6.62366093,4.255676924,120.7204667,120.0108832,39.26042711,8.170218376,10.21669833,43.47823352,13.15163837,15.94386768,80.21536539,9.260610116,6.420821623,183.96,51.83451224,20.21299379,9.840535766,20.25735364,9.640965477,29.34896615,32.29611011,-5.973149334,-0.258009141,-4.975130222,21,8,11,11,7,12,4,-4.9395,67.8201,3,3,1,-6.17
pdb5fa1.ent,0.117948718,41.50805128,4.878115654,-0.04,43754.9058,330.254,7,11,183.96,-4.9395,4,10.67352235,-4.975130222,43.19047619,330.254,309.086,330.1071748,126,1.333333333,2,2.571428571,2.63559112,1.957558821,358.3746902,15.78409257,11.07079867,12.07079867,9.687359167,6.44994394,8.160867711,5.079098769,6.464737313,3.475287206,4.018003893,2.378988625,2.760367631,-0.01,36879.82654,17.34552975,6.62366093,4.255676924,120.7204667,120.0108832,39.26042711,8.170218376,10.21669833,43.47823352,13.15163837,15.94386768,80.21536539,9.260610116,6.420821623,183.96,51.83451224,20.21299379,9.840535766,20.25735364,9.640965477,29.34896615,32.29611011,-5.973149334,-0.258009141,-4.975130222,21,8,11,11,7,12,4,-4.9395,67.8201,3,3,1,-6.17
pdb5eke.ent,0.114583333,31.86215278,5.846879387,0.128472222,32837.8315,412.225,8,14,230.69,-6.1268,6,11.41150846,-5.557601927,39.56,412.225,390.049,412.0658946,152,1.12,1.76,2.32,2.708668567,1.930886079,452.7920023,18.99119935,12.70437218,14.70437218,11.39446595,7.210788729,10.59367097,5.614326824,8.864184507,3.672337021,6.299250508,2.537019115,4.491726317,0.3,181258.6831,21.59839957,8.12284233,5.88870225,142.3080839,141.7135416,58.46440908,16.34043675,10.21669833,43.54035908,13.15163837,15.10361181,90.27742995,13.57124149,6.420821623,230.69,60.06685617,35.10634439,14.15116714,14.52368616,13.32945637,49.4838389,41.54735296,-7.787285584,-0.702921012,-10.98155274,25,8,14,14,8,16,6,-6.1268,77.4703,4,4,1,-6.44
pdb5eke.ent,0.123745819,31.83949833,6.949726295,0.126086957,34338.6777,412.225,8,14,230.69,-6.1268,6,11.41150846,-5.557601927,39.56,412.225,390.049,412.0658946,152,1.12,1.76,2.32,2.708668567,1.930886079,452.7920023,18.99119935,12.70437218,14.70437218,11.39446595,7.210788729,10.59367097,5.614326824,8.864184507,3.672337021,6.299250508,2.537019115,4.491726317,0.3,181258.6831,21.59839957,8.12284233,5.88870225,142.3080839,141.7135416,58.46440908,16.34043675,10.21669833,43.54035908,13.15163837,15.10361181,90.27742995,13.57124149,6.420821623,230.69,60.06685617,35.10634439,14.15116714,14.52368616,13.32945637,49.4838389,41.54735296,-7.787285584,-0.702921012,-10.98155274,25,8,14,14,8,16,6,-6.1268,77.4703,4,4,1,-6.26
pdb5eke.ent,0.120521173,31.28570033,7.830217171,0.131596091,35207.6979,412.225,8,14,230.69,-6.1268,6,11.41150846,-5.557601927,39.56,412.225,390.049,412.0658946,152,1.12,1.76,2.32,2.708668567,1.930886079,452.7920023,18.99119935,12.70437218,14.70437218,11.39446595,7.210788729,10.59367097,5.614326824,8.864184507,3.672337021,6.299250508,2.537019115,4.491726317,0.3,181258.6831,21.59839957,8.12284233,5.88870225,142.3080839,141.7135416,58.46440908,16.34043675,10.21669833,43.54035908,13.15163837,15.10361181,90.27742995,13.57124149,6.420821623,230.69,60.06685617,35.10634439,14.15116714,14.52368616,13.32945637,49.4838389,41.54735296,-7.787285584,-0.702921012,-10.98155274,25,8,14,14,8,16,6,-6.1268,77.4703,4,4,1,-6.29
pdb5eke.ent,0.128378378,29.89125,7.829894829,0.165878378,34037.4232,412.225,8,14,230.69,-6.1268,6,11.41150846,-5.557601927,39.56,412.225,390.049,412.0658946,152,1.12,1.76,2.32,2.708668567,1.930886079,452.7920023,18.99119935,12.70437218,14.70437218,11.39446595,7.210788729,10.59367097,5.614326824,8.864184507,3.672337021,6.299250508,2.537019115,4.491726317,0.3,181258.6831,21.59839957,8.12284233,5.88870225,142.3080839,141.7135416,58.46440908,16.34043675,10.21669833,43.54035908,13.15163837,15.10361181,90.27742995,13.57124149,6.420821623,230.69,60.06685617,35.10634439,14.15116714,14.52368616,13.32945637,49.4838389,41.54735296,-7.787285584,-0.702921012,-10.98155274,25,8,14,14,8,16,6,-6.1268,77.4703,4,4,1,-6.28
pdb5ejz.ent,0.104395604,47.59342033,9.171417427,0.246840659,81306.2978,412.225,8,14,230.69,-6.1268,6,11.41150846,-5.557601927,39.56,412.225,390.049,412.0658946,152,1.12,1.76,2.32,2.708668567,1.930886079,452.7920023,18.99119935,12.70437218,14.70437218,11.39446595,7.210788729,10.59367097,5.614326824,8.864184507,3.672337021,6.299250508,2.537019115,4.491726317,0.3,181258.6831,21.59839957,8.12284233,5.88870225,142.3080839,141.7135416,58.46440908,16.34043675,10.21669833,43.54035908,13.15163837,15.10361181,90.27742995,13.57124149,6.420821623,230.69,60.06685617,35.10634439,14.15116714,14.52368616,13.32945637,49.4838389,41.54735296,-7.787285584,-0.702921012,-10.98155274,25,8,14,14,8,16,6,-6.1268,77.4703,4,4,1,-6.71
pdb5e9u.ent,0.128772636,47.50812877,4.892439079,-0.398591549,57270.2301,412.225,8,14,230.69,-6.1268,6,11.41150846,-5.557601927,39.56,412.225,390.049,412.0658946,152,1.12,1.76,2.32,2.708668567,1.930886079,452.7920023,18.99119935,12.70437218,14.70437218,11.39446595,7.210788729,10.59367097,5.614326824,8.864184507,3.672337021,6.299250508,2.537019115,4.491726317,0.3,181258.6831,21.59839957,8.12284233,5.88870225,142.3080839,141.7135416,58.46440908,16.34043675,10.21669833,43.54035908,13.15163837,15.10361181,90.27742995,13.57124149,6.420821623,230.69,60.06685617,35.10634439,14.15116714,14.52368616,13.32945637,49.4838389,41.54735296,-7.787285584,-0.702921012,-10.98155274,25,8,14,14,8,16,6,-6.1268,77.4703,4,4,1,-6.77
pdb5e9u.ent,0.128772636,47.50812877,4.892439079,-0.398591549,57270.2301,412.225,8,14,230.69,-6.1268,6,11.41150846,-5.557601927,39.56,412.225,390.049,412.0658946,152,1.12,1.76,2.32,2.708668567,1.930886079,452.7920023,18.99119935,12.70437218,14.70437218,11.39446595,7.210788729,10.59367097,5.614326824,8.864184507,3.672337021,6.299250508,2.537019115,4.491726317,0.3,181258.6831,21.59839957,8.12284233,5.88870225,142.3080839,141.7135416,58.46440908,16.34043675,10.21669833,43.54035908,13.15163837,15.10361181,90.27742995,13.57124149,6.420821623,230.69,60.06685617,35.10634439,14.15116714,14.52368616,13.32945637,49.4838389,41.54735296,-7.787285584,-0.702921012,-10.98155274,25,8,14,14,8,16,6,-6.1268,77.4703,4,4,1,-6.86
pdb5djs.ent,0.076923077,50.92809615,6.065027428,-0.149423077,58131.7508,412.225,8,14,230.69,-6.1268,6,11.41150846,-5.557601927,39.56,412.225,390.049,412.0658946,152,1.12,1.76,2.32,2.708668567,1.930886079,452.7920023,18.99119935,12.70437218,14.70437218,11.39446595,7.210788729,10.59367097,5.614326824,8.864184507,3.672337021,6.299250508,2.537019115,4.491726317,0.3,181258.6831,21.59839957,8.12284233,5.88870225,142.3080839,141.7135416,58.46440908,16.34043675,10.21669833,43.54035908,13.15163837,15.10361181,90.27742995,13.57124149,6.420821623,230.69,60.06685617,35.10634439,14.15116714,14.52368616,13.32945637,49.4838389,41.54735296,-7.787285584,-0.702921012,-10.98155274,25,8,14,14,8,16,6,-6.1268,77.4703,4,4,1,-7.51
pdb5djs.ent,0.076923077,50.92809615,6.065027428,-0.149423077,58131.7508,412.225,8,14,230.69,-6.1268,6,11.41150846,-5.557601927,39.56,412.225,390.049,412.0658946,152,1.12,1.76,2.32,2.708668567,1.930886079,452.7920023,18.99119935,12.70437218,14.70437218,11.39446595,7.210788729,10.59367097,5.614326824,8.864184507,3.672337021,6.299250508,2.537019115,4.491726317,0.3,181258.6831,21.59839957,8.12284233,5.88870225,142.3080839,141.7135416,58.46440908,16.34043675,10.21669833,43.54035908,13.15163837,15.10361181,90.27742995,13.57124149,6.420821623,230.69,60.06685617,35.10634439,14.15116714,14.52368616,13.32945637,49.4838389,41.54735296,-7.787285584,-0.702921012,-10.98155274,25,8,14,14,8,16,6,-6.1268,77.4703,4,4,1,-7.66
pdb5djs.ent,0.076923077,50.92809615,6.065027428,-0.149423077,58131.7508,412.225,8,14,230.69,-6.1268,6,11.41150846,-5.557601927,39.56,412.225,390.049,412.0658946,152,1.12,1.76,2.32,2.708668567,1.930886079,452.7920023,18.99119935,12.70437218,14.70437218,11.39446595,7.210788729,10.59367097,5.614326824,8.864184507,3.672337021,6.299250508,2.537019115,4.491726317,0.3,181258.6831,21.59839957,8.12284233,5.88870225,142.3080839,141.7135416,58.46440908,16.34043675,10.21669833,43.54035908,13.15163837,15.10361181,90.27742995,13.57124149,6.420821623,230.69,60.06685617,35.10634439,14.15116714,14.52368616,13.32945637,49.4838389,41.54735296,-7.787285584,-0.702921012,-10.98155274,25,8,14,14,8,16,6,-6.1268,77.4703,4,4,1,-7.47
pdb5djs.ent,0.076923077,50.92809615,6.065027428,-0.149423077,58131.7508,412.225,8,14,230.69,-6.1268,6,11.41150846,-5.557601927,39.56,412.225,390.049,412.0658946,152,1.12,1.76,2.32,2.708668567,1.930886079,452.7920023,18.99119935,12.70437218,14.70437218,11.39446595,7.210788729,10.59367097,5.614326824,8.864184507,3.672337021,6.299250508,2.537019115,4.491726317,0.3,181258.6831,21.59839957,8.12284233,5.88870225,142.3080839,141.7135416,58.46440908,16.34043675,10.21669833,43.54035908,13.15163837,15.10361181,90.27742995,13.57124149,6.420821623,230.69,60.06685617,35.10634439,14.15116714,14.52368616,13.32945637,49.4838389,41.54735296,-7.787285584,-0.702921012,-10.98155274,25,8,14,14,8,16,6,-6.1268,77.4703,4,4,1,-7.57
pdb5d00.ent,0.084745763,34.6440678,6.823600578,-0.056497175,19695.4095,331.238,7,11,178.17,-4.9059,4,10.65963346,-4.991659148,43.19047619,331.238,311.078,331.0911904,126,1.238095238,1.904761905,2.476190476,2.63559112,1.957558821,356.6002527,15.78409257,10.940662,11.940662,9.687359167,6.374809496,8.085733268,4.988403472,6.374042017,3.416030539,3.958747226,2.342788422,2.724167429,-0.01,36879.82654,17.34552975,6.62366093,4.255676924,120.1748097,119.4458687,44.3669545,8.170218376,10.21669833,43.54035908,13.15163837,10.21020021,85.38401834,9.260610116,6.420821623,178.17,51.8966378,25.31952118,9.840535766,14.52368616,9.580149151,29.22729949,41.26559889,-6.979243438,-0.407700499,-4.991659148,21,7,11,11,7,12,4,-4.9059,65.8515,4,4,1,-6.5
pdb5c4d.ent,0.129032258,45.42336918,7.847688103,-0.093189964,32382.1721,574.366,11,19,309.84,-8.3026,9,12.21890479,-5.886253981,44.05555556,574.366,542.11,574.118718,216,0.861111111,1.5,2.111111111,3.055525205,1.546915006,723.5528683,26.99927104,18.45636767,20.45636767,16.65350342,10.73081892,14.07473585,8.4048342,11.84115329,5.78189322,8.907158822,3.867565033,6.463068116,0.1,41785932.71,30.63878108,12.09103866,7.186870793,204.1016972,203.819624,83.25771717,16.34043675,10.21669833,74.24625136,19.75852033,15.10361181,143.1229022,22.8318516,6.420821623,309.84,97.37963042,55.31933817,18.6749143,14.5802533,23.4629234,45.2772329,80.67692563,-17.94348998,-1.772023168,-11.64601323,36,11,19,19,11,21,9,-8.3026,110.1037,8,8,2,-8.12
pdb5bo9.ent,0.13986014,40.37552448,9.259996986,-0.326223776,33372.8117,643.532,14,20,335.83,-8.7998,12,15.5136689,-6.028466456,42.95238095,643.532,602.204,643.2244697,250,1.166666667,1.80952381,2.357142857,3.186431498,1.771230481,872.8947214,31.73132185,22.27445023,23.27445023,19.45093837,12.9650166,14.63697506,10.33537476,11.8758966,7.195980161,8.304437886,4.98952589,6.092611471,-0.44,646192646.4,36.03260737,14.32794434,7.67218078,238.4368893,238.2960171,83.76373243,8.170218376,15.53348694,105.3363916,19.75852033,21.26065629,172.6089483,18.52122023,13.34455882,335.83,113.375815,60.85209715,10.63357721,24.25488771,35.61142587,24.48348136,105.5637912,-24.39297455,-0.861552265,-6.028466456,42,15,20,20,14,22,12,-8.7998,131.1226,10,9,2,-9.34
pdb5bo9.ent,0.140794224,41.5866426,9.110559273,-0.273646209,32329.6352,643.532,14,20,335.83,-8.7998,12,15.5136689,-6.028466456,42.95238095,643.532,602.204,643.2244697,250,1.166666667,1.80952381,2.357142857,3.186431498,1.771230481,872.8947214,31.73132185,22.27445023,23.27445023,19.45093837,12.9650166,14.63697506,10.33537476,11.8758966,7.195980161,8.304437886,4.98952589,6.092611471,-0.44,646192646.4,36.03260737,14.32794434,7.67218078,238.4368893,238.2960171,83.76373243,8.170218376,15.53348694,105.3363916,19.75852033,21.26065629,172.6089483,18.52122023,13.34455882,335.83,113.375815,60.85209715,10.63357721,24.25488771,35.61142587,24.48348136,105.5637912,-24.39297455,-0.861552265,-6.028466456,42,15,20,20,14,22,12,-8.7998,131.1226,10,9,2,-8.9
pdb5a07.ent,0.149367089,45.38187342,4.584542274,-0.769620253,46850.4061,453.282,10,16,260.54,-7.7055,6,11.54709042,-5.561978886,43.89285714,453.282,428.082,453.103677,168,1.142857143,1.821428571,2.464285714,3.060680238,1.61221445,558.3448456,20.85300667,14.28210261,16.28210261,12.8776292,8.263920344,11.64680258,6.634611811,9.884469494,4.603825105,7.230738592,3.404590485,5.359297687,0.22,1122914.608,22.89519417,8.392696728,5.09362707,159.3125762,158.8228629,53.35788168,16.34043675,20.85027554,49.26502834,13.27557315,31.47085649,97.44032822,13.57124149,0,260.54,72.21234706,29.99981699,24.78474434,20.25735364,13.69359817,50.34145757,39.07953278,-7.674005072,-0.628557901,-10.98929169,28,11,16,16,10,18,6,-7.7055,88.6693,3,3,1,-6.86
pdb5a07.ent,0.149746193,45.47167513,4.606652641,-0.762690355,46735.3187,453.282,10,16,260.54,-7.7055,6,11.54709042,-5.561978886,43.89285714,453.282,428.082,453.103677,168,1.142857143,1.821428571,2.464285714,3.060680238,1.61221445,558.3448456,20.85300667,14.28210261,16.28210261,12.8776292,8.263920344,11.64680258,6.634611811,9.884469494,4.603825105,7.230738592,3.404590485,5.359297687,0.22,1122914.608,22.89519417,8.392696728,5.09362707,159.3125762,158.8228629,53.35788168,16.34043675,20.85027554,49.26502834,13.27557315,31.47085649,97.44032822,13.57124149,0,260.54,72.21234706,29.99981699,24.78474434,20.25735364,13.69359817,50.34145757,39.07953278,-7.674005072,-0.628557901,-10.98929169,28,11,16,16,10,18,6,-7.7055,88.6693,3,3,1,-6.97
pdb4y6u.ent,0.053380783,35.82209964,5.097627831,0.195373665,30215.4852,574.366,11,19,309.84,-8.3026,9,12.21890479,-5.886253981,44.05555556,574.366,542.11,574.118718,216,0.861111111,1.5,2.111111111,3.055525205,1.546915006,723.5528683,26.99927104,18.45636767,20.45636767,16.65350342,10.73081892,14.07473585,8.4048342,11.84115329,5.78189322,8.907158822,3.867565033,6.463068116,0.1,41785932.71,30.63878108,12.09103866,7.186870793,204.1016972,203.819624,83.25771717,16.34043675,10.21669833,74.24625136,19.75852033,15.10361181,143.1229022,22.8318516,6.420821623,309.84,97.37963042,55.31933817,18.6749143,14.5802533,23.4629234,45.2772329,80.67692563,-17.94348998,-1.772023168,-11.64601323,36,11,19,19,11,21,9,-8.3026,110.1037,8,8,2,-8.51
pdb4xsr.ent,0.068493151,34.09178082,6.477905846,0.12630137,39593.0386,574.366,11,19,309.84,-8.3026,9,12.21890479,-5.886253981,44.05555556,574.366,542.11,574.118718,216,0.861111111,1.5,2.111111111,3.055525205,1.546915006,723.5528683,26.99927104,18.45636767,20.45636767,16.65350342,10.73081892,14.07473585,8.4048342,11.84115329,5.78189322,8.907158822,3.867565033,6.463068116,0.1,41785932.71,30.63878108,12.09103866,7.186870793,204.1016972,203.819624,83.25771717,16.34043675,10.21669833,74.24625136,19.75852033,15.10361181,143.1229022,22.8318516,6.420821623,309.84,97.37963042,55.31933817,18.6749143,14.5802533,23.4629234,45.2772329,80.67692563,-17.94348998,-1.772023168,-11.64601323,36,11,19,19,11,21,9,-8.3026,110.1037,8,8,2,-8.83
pdb4xsr.ent,0.068681319,33.62884615,6.477905846,0.128846154,39505.9613,574.366,11,19,309.84,-8.3026,9,12.21890479,-5.886253981,44.05555556,574.366,542.11,574.118718,216,0.861111111,1.5,2.111111111,3.055525205,1.546915006,723.5528683,26.99927104,18.45636767,20.45636767,16.65350342,10.73081892,14.07473585,8.4048342,11.84115329,5.78189322,8.907158822,3.867565033,6.463068116,0.1,41785932.71,30.63878108,12.09103866,7.186870793,204.1016972,203.819624,83.25771717,16.34043675,10.21669833,74.24625136,19.75852033,15.10361181,143.1229022,22.8318516,6.420821623,309.84,97.37963042,55.31933817,18.6749143,14.5802533,23.4629234,45.2772329,80.67692563,-17.94348998,-1.772023168,-11.64601323,36,11,19,19,11,21,9,-8.3026,110.1037,8,8,2,-8.92
pdb4xsp.ent,0.068493151,34.09178082,6.477905846,0.12630137,39593.0386,412.225,8,14,230.69,-6.1268,6,11.41150846,-5.557601927,39.56,412.225,390.049,412.0658946,152,1.12,1.76,2.32,2.708668567,1.930886079,452.7920023,18.99119935,12.70437218,14.70437218,11.39446595,7.210788729,10.59367097,5.614326824,8.864184507,3.672337021,6.299250508,2.537019115,4.491726317,0.3,181258.6831,21.59839957,8.12284233,5.88870225,142.3080839,141.7135416,58.46440908,16.34043675,10.21669833,43.54035908,13.15163837,15.10361181,90.27742995,13.57124149,6.420821623,230.69,60.06685617,35.10634439,14.15116714,14.52368616,13.32945637,49.4838389,41.54735296,-7.787285584,-0.702921012,-10.98155274,25,8,14,14,8,16,6,-6.1268,77.4703,4,4,1,-6.94
pdb4x6l.ent,0.111561866,43.7864503,8.960025597,-0.498580122,57274.0873,412.225,8,14,230.69,-6.1268,6,11.41150846,-5.557601927,39.56,412.225,390.049,412.0658946,152,1.12,1.76,2.32,2.708668567,1.930886079,452.7920023,18.99119935,12.70437218,14.70437218,11.39446595,7.210788729,10.59367097,5.614326824,8.864184507,3.672337021,6.299250508,2.537019115,4.491726317,0.3,181258.6831,21.59839957,8.12284233,5.88870225,142.3080839,141.7135416,58.46440908,16.34043675,10.21669833,43.54035908,13.15163837,15.10361181,90.27742995,13.57124149,6.420821623,230.69,60.06685617,35.10634439,14.15116714,14.52368616,13.32945637,49.4838389,41.54735296,-7.787285584,-0.702921012,-10.98155274,25,8,14,14,8,16,6,-6.1268,77.4703,4,4,1,-6.95
pdb4x6l.ent,0.111561866,43.7864503,8.960025597,-0.498580122,57274.0873,412.225,8,14,230.69,-6.1268,6,11.41150846,-5.557601927,39.56,412.225,390.049,412.0658946,152,1.12,1.76,2.32,2.708668567,1.930886079,452.7920023,18.99119935,12.70437218,14.70437218,11.39446595,7.210788729,10.59367097,5.614326824,8.864184507,3.672337021,6.299250508,2.537019115,4.491726317,0.3,181258.6831,21.59839957,8.12284233,5.88870225,142.3080839,141.7135416,58.46440908,16.34043675,10.21669833,43.54035908,13.15163837,15.10361181,90.27742995,13.57124149,6.420821623,230.69,60.06685617,35.10634439,14.15116714,14.52368616,13.32945637,49.4838389,41.54735296,-7.787285584,-0.702921012,-10.98155274,25,8,14,14,8,16,6,-6.1268,77.4703,4,4,1,-6.94
pdb4x6l.ent,0.111561866,43.7864503,8.960025597,-0.498580122,57274.0873,412.225,8,14,230.69,-6.1268,6,11.41150846,-5.557601927,39.56,412.225,390.049,412.0658946,152,1.12,1.76,2.32,2.708668567,1.930886079,452.7920023,18.99119935,12.70437218,14.70437218,11.39446595,7.210788729,10.59367097,5.614326824,8.864184507,3.672337021,6.299250508,2.537019115,4.491726317,0.3,181258.6831,21.59839957,8.12284233,5.88870225,142.3080839,141.7135416,58.46440908,16.34043675,10.21669833,43.54035908,13.15163837,15.10361181,90.27742995,13.57124149,6.420821623,230.69,60.06685617,35.10634439,14.15116714,14.52368616,13.32945637,49.4838389,41.54735296,-7.787285584,-0.702921012,-10.98155274,25,8,14,14,8,16,6,-6.1268,77.4703,4,4,1,-6.89
pdb4x1t.ent,0.059190031,40.31557632,9.231888771,-0.027725857,35189.9796,412.225,8,14,230.69,-6.1268,6,11.41150846,-5.557601927,39.56,412.225,390.049,412.0658946,152,1.12,1.76,2.32,2.708668567,1.930886079,452.7920023,18.99119935,12.70437218,14.70437218,11.39446595,7.210788729,10.59367097,5.614326824,8.864184507,3.672337021,6.299250508,2.537019115,4.491726317,0.3,181258.6831,21.59839957,8.12284233,5.88870225,142.3080839,141.7135416,58.46440908,16.34043675,10.21669833,43.54035908,13.15163837,15.10361181,90.27742995,13.57124149,6.420821623,230.69,60.06685617,35.10634439,14.15116714,14.52368616,13.32945637,49.4838389,41.54735296,-7.787285584,-0.702921012,-10.98155274,25,8,14,14,8,16,6,-6.1268,77.4703,4,4,1,-7.38
pdb4wnh.ent,0.124161074,34.40671141,6.246059608,-0.183557047,34493.3422,544.34,10,18,289.61,-7.6635,8,12.13839939,-5.76226746,43.73529412,544.34,514.1,544.1081533,204,0.941176471,1.617647059,2.264705882,3.003017926,1.524164088,679.6203362,25.42192077,17.4318038,19.4318038,15.70481502,10.13423069,13.47814763,7.957814051,11.39413314,5.387682151,8.512947753,3.585774011,6.19376292,0.14,16666464.2,28.70729211,11.25928275,6.913857355,192.9425213,192.6091302,78.15118978,16.34043675,10.21669833,68.14228497,19.75852033,15.10361181,131.9124084,22.8318516,6.420821623,289.61,91.27566403,55.31933817,18.6749143,9.473725908,23.32515991,44.92384245,70.84667276,-15.50557347,-1.42053885,-11.44734057,34,10,18,18,10,20,8,-7.6635,104.0969,7,7,2,-8.16
pdb4wmi.ent,0.123745819,34.32508361,6.246059608,-0.168896321,34592.4732,412.225,8,14,230.69,-6.1268,6,11.41150846,-5.557601927,39.56,412.225,390.049,412.0658946,152,1.12,1.76,2.32,2.708668567,1.930886079,452.7920023,18.99119935,12.70437218,14.70437218,11.39446595,7.210788729,10.59367097,5.614326824,8.864184507,3.672337021,6.299250508,2.537019115,4.491726317,0.3,181258.6831,21.59839957,8.12284233,5.88870225,142.3080839,141.7135416,58.46440908,16.34043675,10.21669833,43.54035908,13.15163837,15.10361181,90.27742995,13.57124149,6.420821623,230.69,60.06685617,35.10634439,14.15116714,14.52368616,13.32945637,49.4838389,41.54735296,-7.787285584,-0.702921012,-10.98155274,25,8,14,14,8,16,6,-6.1268,77.4703,4,4,1,-7.13
pdb4wma.ent,0.123745819,34.32508361,6.246059608,-0.168896321,34592.4732,574.366,11,19,309.84,-8.3026,9,12.21890479,-5.886253981,44.05555556,574.366,542.11,574.118718,216,0.861111111,1.5,2.111111111,3.055525205,1.546915006,723.5528683,26.99927104,18.45636767,20.45636767,16.65350342,10.73081892,14.07473585,8.4048342,11.84115329,5.78189322,8.907158822,3.867565033,6.463068116,0.1,41785932.71,30.63878108,12.09103866,7.186870793,204.1016972,203.819624,83.25771717,16.34043675,10.21669833,74.24625136,19.75852033,15.10361181,143.1229022,22.8318516,6.420821623,309.84,97.37963042,55.31933817,18.6749143,14.5802533,23.4629234,45.2772329,80.67692563,-17.94348998,-1.772023168,-11.64601323,36,11,19,19,11,21,9,-8.3026,110.1037,8,8,2,-8.23
pdb4whm.ent,0.082959641,43.15515695,6.560151863,0.209192825,48727.8923,412.225,8,14,230.69,-6.1268,6,11.41150846,-5.557601927,39.56,412.225,390.049,412.0658946,152,1.12,1.76,2.32,2.708668567,1.930886079,452.7920023,18.99119935,12.70437218,14.70437218,11.39446595,7.210788729,10.59367097,5.614326824,8.864184507,3.672337021,6.299250508,2.537019115,4.491726317,0.3,181258.6831,21.59839957,8.12284233,5.88870225,142.3080839,141.7135416,58.46440908,16.34043675,10.21669833,43.54035908,13.15163837,15.10361181,90.27742995,13.57124149,6.420821623,230.69,60.06685617,35.10634439,14.15116714,14.52368616,13.32945637,49.4838389,41.54735296,-7.787285584,-0.702921012,-10.98155274,25,8,14,14,8,16,6,-6.1268,77.4703,4,4,1,-7.22
pdb4wad.ent,0.112449799,43.8339759,8.901165962,-0.490562249,57847.7252,617.435,12,20,321.87,-8.367,11,12.52019331,-5.898921529,42.43589744,617.435,580.139,617.1609171,234,1,1.641025641,2.230769231,3.096424879,1.593295509,788.7224049,29.28372809,20.53371794,22.53371794,18.04735027,11.88551946,15.22943639,9.282665272,12.71898436,6.247939896,9.373205498,4.341384782,6.944071184,0.06,154682644.9,33.56077002,13.5723819,8.554755203,222.3814436,222.2259254,83.25771717,16.34043675,15.53348694,87.33576417,19.75852033,20.42040041,149.2886778,22.8318516,13.34455882,321.87,103.545406,60.42586557,19.46795574,13.99747307,24.25350732,46.18209235,83.99078265,-16.74896323,-0.542919531,-11.6788535,39,12,20,20,12,22,11,-8.367,122.7014,8,8,2,-8.33
pdb4w6q.ent,0.102719033,40.84232628,5.736213875,-0.165256798,37918.1595,412.225,8,14,230.69,-6.1268,6,11.41150846,-5.557601927,39.56,412.225,390.049,412.0658946,152,1.12,1.76,2.32,2.708668567,1.930886079,452.7920023,18.99119935,12.70437218,14.70437218,11.39446595,7.210788729,10.59367097,5.614326824,8.864184507,3.672337021,6.299250508,2.537019115,4.491726317,0.3,181258.6831,21.59839957,8.12284233,5.88870225,142.3080839,141.7135416,58.46440908,16.34043675,10.21669833,43.54035908,13.15163837,15.10361181,90.27742995,13.57124149,6.420821623,230.69,60.06685617,35.10634439,14.15116714,14.52368616,13.32945637,49.4838389,41.54735296,-7.787285584,-0.702921012,-10.98155274,25,8,14,14,8,16,6,-6.1268,77.4703,4,4,1,-7.39
pdb4w6q.ent,0.102409639,40.74942771,5.736213875,-0.167168675,38005.2368,412.225,8,14,230.69,-6.1268,6,11.41150846,-5.557601927,39.56,412.225,390.049,412.0658946,152,1.12,1.76,2.32,2.708668567,1.930886079,452.7920023,18.99119935,12.70437218,14.70437218,11.39446595,7.210788729,10.59367097,5.614326824,8.864184507,3.672337021,6.299250508,2.537019115,4.491726317,0.3,181258.6831,21.59839957,8.12284233,5.88870225,142.3080839,141.7135416,58.46440908,16.34043675,10.21669833,43.54035908,13.15163837,15.10361181,90.27742995,13.57124149,6.420821623,230.69,60.06685617,35.10634439,14.15116714,14.52368616,13.32945637,49.4838389,41.54735296,-7.787285584,-0.702921012,-10.98155274,25,8,14,14,8,16,6,-6.1268,77.4703,4,4,1,-7.12
pdb4w6q.ent,0.102409639,40.74942771,5.736213875,-0.167168675,38005.2368,412.225,8,14,230.69,-6.1268,6,11.41150846,-5.557601927,39.56,412.225,390.049,412.0658946,152,1.12,1.76,2.32,2.708668567,1.930886079,452.7920023,18.99119935,12.70437218,14.70437218,11.39446595,7.210788729,10.59367097,5.614326824,8.864184507,3.672337021,6.299250508,2.537019115,4.491726317,0.3,181258.6831,21.59839957,8.12284233,5.88870225,142.3080839,141.7135416,58.46440908,16.34043675,10.21669833,43.54035908,13.15163837,15.10361181,90.27742995,13.57124149,6.420821623,230.69,60.06685617,35.10634439,14.15116714,14.52368616,13.32945637,49.4838389,41.54735296,-7.787285584,-0.702921012,-10.98155274,25,8,14,14,8,16,6,-6.1268,77.4703,4,4,1,-7.42
pdb4w6q.ent,0.102409639,40.74942771,5.736213875,-0.167168675,38005.2368,412.225,8,14,230.69,-6.1268,6,11.41150846,-5.557601927,39.56,412.225,390.049,412.0658946,152,1.12,1.76,2.32,2.708668567,1.930886079,452.7920023,18.99119935,12.70437218,14.70437218,11.39446595,7.210788729,10.59367097,5.614326824,8.864184507,3.672337021,6.299250508,2.537019115,4.491726317,0.3,181258.6831,21.59839957,8.12284233,5.88870225,142.3080839,141.7135416,58.46440908,16.34043675,10.21669833,43.54035908,13.15163837,15.10361181,90.27742995,13.57124149,6.420821623,230.69,60.06685617,35.10634439,14.15116714,14.52368616,13.32945637,49.4838389,41.54735296,-7.787285584,-0.702921012,-10.98155274,25,8,14,14,8,16,6,-6.1268,77.4703,4,4,1,-7.46
pdb4rii.ent,0.059322034,43.02711864,4.567149544,0.131638418,37589.5619,410.253,7,13,210.46,-4.8516,6,11.43547108,-5.502394355,39.56,410.253,386.061,410.08663,152,1.24,1.88,2.48,2.790403366,1.885578281,453.0678486,18.99119935,13.25715858,15.25715858,11.3776292,7.513103356,10.8959856,6.076894318,9.326752001,3.937765595,6.564679082,2.675244887,4.629952089,0.34,184442.8721,21.63795519,8.147990042,6.178677591,143.8787923,143.3446911,53.35788168,16.34043675,10.21669833,44.36012989,13.15163837,15.10361181,79.06693616,13.57124149,13.34455882,210.46,53.96288979,29.99981699,14.15116714,14.52368616,13.64914615,49.85334714,32.08888152,-5.002938101,1.35986321,-10.8336961,25,7,13,13,7,15,6,-4.8516,80.6275,3,3,1,-7.47
pdb4rii.ent,0.061797753,41.49297753,4.651384926,0.158146067,37782.8768,410.253,7,13,210.46,-4.8516,6,11.43547108,-5.502394355,39.56,410.253,386.061,410.08663,152,1.24,1.88,2.48,2.790403366,1.885578281,453.0678486,18.99119935,13.25715858,15.25715858,11.3776292,7.513103356,10.8959856,6.076894318,9.326752001,3.937765595,6.564679082,2.675244887,4.629952089,0.34,184442.8721,21.63795519,8.147990042,6.178677591,143.8787923,143.3446911,53.35788168,16.34043675,10.21669833,44.36012989,13.15163837,15.10361181,79.06693616,13.57124149,13.34455882,210.46,53.96288979,29.99981699,14.15116714,14.52368616,13.64914615,49.85334714,32.08888152,-5.002938101,1.35986321,-10.8336961,25,7,13,13,7,15,6,-4.8516,80.6275,3,3,1,-7.52
pdb4r84.ent,0.116033755,39.59179325,4.63257122,-0.344092827,53649.4639,643.532,14,20,335.83,-8.7998,12,15.5136689,-6.028466456,42.95238095,643.532,602.204,643.2244697,250,1.166666667,1.80952381,2.357142857,3.186431498,1.771230481,872.8947214,31.73132185,22.27445023,23.27445023,19.45093837,12.9650166,14.63697506,10.33537476,11.8758966,7.195980161,8.304437886,4.98952589,6.092611471,-0.44,646192646.4,36.03260737,14.32794434,7.67218078,238.4368893,238.2960171,83.76373243,8.170218376,15.53348694,105.3363916,19.75852033,21.26065629,172.6089483,18.52122023,13.34455882,335.83,113.375815,60.85209715,10.63357721,24.25488771,35.61142587,24.48348136,105.5637912,-24.39297455,-0.861552265,-6.028466456,42,15,20,20,14,22,12,-8.7998,131.1226,10,9,2,-7.68
pdb4r84.ent,0.116033755,39.59179325,4.63257122,-0.344092827,53649.4639,643.532,14,20,335.83,-8.7998,12,15.5136689,-6.028466456,42.95238095,643.532,602.204,643.2244697,250,1.166666667,1.80952381,2.357142857,3.186431498,1.771230481,872.8947214,31.73132185,22.27445023,23.27445023,19.45093837,12.9650166,14.63697506,10.33537476,11.8758966,7.195980161,8.304437886,4.98952589,6.092611471,-0.44,646192646.4,36.03260737,14.32794434,7.67218078,238.4368893,238.2960171,83.76373243,8.170218376,15.53348694,105.3363916,19.75852033,21.26065629,172.6089483,18.52122023,13.34455882,335.83,113.375815,60.85209715,10.63357721,24.25488771,35.61142587,24.48348136,105.5637912,-24.39297455,-0.861552265,-6.028466456,42,15,20,20,14,22,12,-8.7998,131.1226,10,9,2,-7.62
pdb4r84.ent,0.116033755,39.59179325,4.63257122,-0.344092827,53649.4639,643.532,14,20,335.83,-8.7998,12,15.5136689,-6.028466456,42.95238095,643.532,602.204,643.2244697,250,1.166666667,1.80952381,2.357142857,3.186431498,1.771230481,872.8947214,31.73132185,22.27445023,23.27445023,19.45093837,12.9650166,14.63697506,10.33537476,11.8758966,7.195980161,8.304437886,4.98952589,6.092611471,-0.44,646192646.4,36.03260737,14.32794434,7.67218078,238.4368893,238.2960171,83.76373243,8.170218376,15.53348694,105.3363916,19.75852033,21.26065629,172.6089483,18.52122023,13.34455882,335.83,113.375815,60.85209715,10.63357721,24.25488771,35.61142587,24.48348136,105.5637912,-24.39297455,-0.861552265,-6.028466456,42,15,20,20,14,22,12,-8.7998,131.1226,10,9,2,-7.72
pdb4r84.ent,0.116033755,39.59179325,4.63257122,-0.344092827,53649.4639,643.532,14,20,335.83,-8.7998,12,15.5136689,-6.028466456,42.95238095,643.532,602.204,643.2244697,250,1.166666667,1.80952381,2.357142857,3.186431498,1.771230481,872.8947214,31.73132185,22.27445023,23.27445023,19.45093837,12.9650166,14.63697506,10.33537476,11.8758966,7.195980161,8.304437886,4.98952589,6.092611471,-0.44,646192646.4,36.03260737,14.32794434,7.67218078,238.4368893,238.2960171,83.76373243,8.170218376,15.53348694,105.3363916,19.75852033,21.26065629,172.6089483,18.52122023,13.34455882,335.83,113.375815,60.85209715,10.63357721,24.25488771,35.61142587,24.48348136,105.5637912,-24.39297455,-0.861552265,-6.028466456,42,15,20,20,14,22,12,-8.7998,131.1226,10,9,2,-7.67
pdb4pqg.ent,0.132411067,32.676917,5.093762779,-0.339920949,58192.5752,412.225,8,14,230.69,-6.1268,6,11.41150846,-5.557601927,39.56,412.225,390.049,412.0658946,152,1.12,1.76,2.32,2.708668567,1.930886079,452.7920023,18.99119935,12.70437218,14.70437218,11.39446595,7.210788729,10.59367097,5.614326824,8.864184507,3.672337021,6.299250508,2.537019115,4.491726317,0.3,181258.6831,21.59839957,8.12284233,5.88870225,142.3080839,141.7135416,58.46440908,16.34043675,10.21669833,43.54035908,13.15163837,15.10361181,90.27742995,13.57124149,6.420821623,230.69,60.06685617,35.10634439,14.15116714,14.52368616,13.32945637,49.4838389,41.54735296,-7.787285584,-0.702921012,-10.98155274,25,8,14,14,8,16,6,-6.1268,77.4703,4,4,1,-7
pdb4pqg.ent,0.133732535,32.90323353,4.975310326,-0.310778443,57528.9306,412.225,8,14,230.69,-6.1268,6,11.41150846,-5.557601927,39.56,412.225,390.049,412.0658946,152,1.12,1.76,2.32,2.708668567,1.930886079,452.7920023,18.99119935,12.70437218,14.70437218,11.39446595,7.210788729,10.59367097,5.614326824,8.864184507,3.672337021,6.299250508,2.537019115,4.491726317,0.3,181258.6831,21.59839957,8.12284233,5.88870225,142.3080839,141.7135416,58.46440908,16.34043675,10.21669833,43.54035908,13.15163837,15.10361181,90.27742995,13.57124149,6.420821623,230.69,60.06685617,35.10634439,14.15116714,14.52368616,13.32945637,49.4838389,41.54735296,-7.787285584,-0.702921012,-10.98155274,25,8,14,14,8,16,6,-6.1268,77.4703,4,4,1,-7.07
pdb4phs.ent,0.120879121,43.75062271,5.722743034,-0.41025641,31579.413,412.225,8,14,230.69,-6.1268,6,11.41150846,-5.557601927,39.56,412.225,390.049,412.0658946,152,1.12,1.76,2.32,2.708668567,1.930886079,452.7920023,18.99119935,12.70437218,14.70437218,11.39446595,7.210788729,10.59367097,5.614326824,8.864184507,3.672337021,6.299250508,2.537019115,4.491726317,0.3,181258.6831,21.59839957,8.12284233,5.88870225,142.3080839,141.7135416,58.46440908,16.34043675,10.21669833,43.54035908,13.15163837,15.10361181,90.27742995,13.57124149,6.420821623,230.69,60.06685617,35.10634439,14.15116714,14.52368616,13.32945637,49.4838389,41.54735296,-7.787285584,-0.702921012,-10.98155274,25,8,14,14,8,16,6,-6.1268,77.4703,4,4,1,-6.96
pdb4phr.ent,0.119133574,43.15927798,5.722743034,-0.376895307,32104.197,412.225,8,14,230.69,-6.1268,6,11.41150846,-5.557601927,39.56,412.225,390.049,412.0658946,152,1.12,1.76,2.32,2.708668567,1.930886079,452.7920023,18.99119935,12.70437218,14.70437218,11.39446595,7.210788729,10.59367097,5.614326824,8.864184507,3.672337021,6.299250508,2.537019115,4.491726317,0.3,181258.6831,21.59839957,8.12284233,5.88870225,142.3080839,141.7135416,58.46440908,16.34043675,10.21669833,43.54035908,13.15163837,15.10361181,90.27742995,13.57124149,6.420821623,230.69,60.06685617,35.10634439,14.15116714,14.52368616,13.32945637,49.4838389,41.54735296,-7.787285584,-0.702921012,-10.98155274,25,8,14,14,8,16,6,-6.1268,77.4703,4,4,1,-7.26
pdb4p00.ent,0.104395604,47.59342033,9.171417427,0.246840659,81306.2978,412.225,8,14,230.69,-6.1268,6,11.41150846,-5.557601927,39.56,412.225,390.049,412.0658946,152,1.12,1.76,2.32,2.708668567,1.930886079,452.7920023,18.99119935,12.70437218,14.70437218,11.39446595,7.210788729,10.59367097,5.614326824,8.864184507,3.672337021,6.299250508,2.537019115,4.491726317,0.3,181258.6831,21.59839957,8.12284233,5.88870225,142.3080839,141.7135416,58.46440908,16.34043675,10.21669833,43.54035908,13.15163837,15.10361181,90.27742995,13.57124149,6.420821623,230.69,60.06685617,35.10634439,14.15116714,14.52368616,13.32945637,49.4838389,41.54735296,-7.787285584,-0.702921012,-10.98155274,25,8,14,14,8,16,6,-6.1268,77.4703,4,4,1,-6.6
pdb4n9w.ent,0.063888889,30.01166667,5.671019554,0.141666667,38402.5495,453.282,10,16,260.54,-7.7055,6,11.54709042,-5.561978886,43.89285714,453.282,428.082,453.103677,168,1.142857143,1.821428571,2.464285714,3.060680238,1.61221445,558.3448456,20.85300667,14.28210261,16.28210261,12.8776292,8.263920344,11.64680258,6.634611811,9.884469494,4.603825105,7.230738592,3.404590485,5.359297687,0.22,1122914.608,22.89519417,8.392696728,5.09362707,159.3125762,158.8228629,53.35788168,16.34043675,20.85027554,49.26502834,13.27557315,31.47085649,97.44032822,13.57124149,0,260.54,72.21234706,29.99981699,24.78474434,20.25735364,13.69359817,50.34145757,39.07953278,-7.674005072,-0.628557901,-10.98929169,28,11,16,16,10,18,6,-7.7055,88.6693,3,3,1,-5.7
pdb4n3c.ent,0.080344333,37.34160689,6.995538521,-0.270875179,78422.3104,617.435,12,20,321.87,-8.367,11,12.52019331,-5.898921529,42.43589744,617.435,580.139,617.1609171,234,1,1.641025641,2.230769231,3.096424879,1.593295509,788.7224049,29.28372809,20.53371794,22.53371794,18.04735027,11.88551946,15.22943639,9.282665272,12.71898436,6.247939896,9.373205498,4.341384782,6.944071184,0.06,154682644.9,33.56077002,13.5723819,8.554755203,222.3814436,222.2259254,83.25771717,16.34043675,15.53348694,87.33576417,19.75852033,20.42040041,149.2886778,22.8318516,13.34455882,321.87,103.545406,60.42586557,19.46795574,13.99747307,24.25350732,46.18209235,83.99078265,-16.74896323,-0.542919531,-11.6788535,39,12,20,20,12,22,11,-8.367,122.7014,8,8,2,-9.23
pdb4m83.ent,0.071246819,44.73157761,5.104448509,-0.176590331,42866.9703,412.225,8,14,230.69,-6.1268,6,11.41150846,-5.557601927,39.56,412.225,390.049,412.0658946,152,1.12,1.76,2.32,2.708668567,1.930886079,452.7920023,18.99119935,12.70437218,14.70437218,11.39446595,7.210788729,10.59367097,5.614326824,8.864184507,3.672337021,6.299250508,2.537019115,4.491726317,0.3,181258.6831,21.59839957,8.12284233,5.88870225,142.3080839,141.7135416,58.46440908,16.34043675,10.21669833,43.54035908,13.15163837,15.10361181,90.27742995,13.57124149,6.420821623,230.69,60.06685617,35.10634439,14.15116714,14.52368616,13.32945637,49.4838389,41.54735296,-7.787285584,-0.702921012,-10.98155274,25,8,14,14,8,16,6,-6.1268,77.4703,4,4,1,-6.56
pdb4m83.ent,0.07106599,44.6434264,5.103595924,-0.186548223,42994.1115,412.225,8,14,230.69,-6.1268,6,11.41150846,-5.557601927,39.56,412.225,390.049,412.0658946,152,1.12,1.76,2.32,2.708668567,1.930886079,452.7920023,18.99119935,12.70437218,14.70437218,11.39446595,7.210788729,10.59367097,5.614326824,8.864184507,3.672337021,6.299250508,2.537019115,4.491726317,0.3,181258.6831,21.59839957,8.12284233,5.88870225,142.3080839,141.7135416,58.46440908,16.34043675,10.21669833,43.54035908,13.15163837,15.10361181,90.27742995,13.57124149,6.420821623,230.69,60.06685617,35.10634439,14.15116714,14.52368616,13.32945637,49.4838389,41.54735296,-7.787285584,-0.702921012,-10.98155274,25,8,14,14,8,16,6,-6.1268,77.4703,4,4,1,-6.52
pdb4lw3.ent,0.111570248,43.41322314,8.815938759,-0.442975207,28411.2623,412.225,8,14,230.69,-6.1268,6,11.41150846,-5.557601927,39.56,412.225,390.049,412.0658946,152,1.12,1.76,2.32,2.708668567,1.930886079,452.7920023,18.99119935,12.70437218,14.70437218,11.39446595,7.210788729,10.59367097,5.614326824,8.864184507,3.672337021,6.299250508,2.537019115,4.491726317,0.3,181258.6831,21.59839957,8.12284233,5.88870225,142.3080839,141.7135416,58.46440908,16.34043675,10.21669833,43.54035908,13.15163837,15.10361181,90.27742995,13.57124149,6.420821623,230.69,60.06685617,35.10634439,14.15116714,14.52368616,13.32945637,49.4838389,41.54735296,-7.787285584,-0.702921012,-10.98155274,25,8,14,14,8,16,6,-6.1268,77.4703,4,4,1,-8.36
pdb4lei.ent,0.058666667,42.36986667,5.020895195,-0.008,41541.2289,410.253,7,13,210.46,-4.8516,6,11.43547108,-5.502394355,39.56,410.253,386.061,410.08663,152,1.24,1.88,2.48,2.790403366,1.885578281,453.0678486,18.99119935,13.25715858,15.25715858,11.3776292,7.513103356,10.8959856,6.076894318,9.326752001,3.937765595,6.564679082,2.675244887,4.629952089,0.34,184442.8721,21.63795519,8.147990042,6.178677591,143.8787923,143.3446911,53.35788168,16.34043675,10.21669833,44.36012989,13.15163837,15.10361181,79.06693616,13.57124149,13.34455882,210.46,53.96288979,29.99981699,14.15116714,14.52368616,13.64914615,49.85334714,32.08888152,-5.002938101,1.35986321,-10.8336961,25,7,13,13,7,15,6,-4.8516,80.6275,3,3,1,-7.2
pdb4lei.ent,0.061662198,42.00536193,5.020895195,-0.044504021,41293.8515,410.253,7,13,210.46,-4.8516,6,11.43547108,-5.502394355,39.56,410.253,386.061,410.08663,152,1.24,1.88,2.48,2.790403366,1.885578281,453.0678486,18.99119935,13.25715858,15.25715858,11.3776292,7.513103356,10.8959856,6.076894318,9.326752001,3.937765595,6.564679082,2.675244887,4.629952089,0.34,184442.8721,21.63795519,8.147990042,6.178677591,143.8787923,143.3446911,53.35788168,16.34043675,10.21669833,44.36012989,13.15163837,15.10361181,79.06693616,13.57124149,13.34455882,210.46,53.96288979,29.99981699,14.15116714,14.52368616,13.64914615,49.85334714,32.08888152,-5.002938101,1.35986321,-10.8336961,25,7,13,13,7,15,6,-4.8516,80.6275,3,3,1,-7.3
pdb4kqm.ent,0.10815047,36.5457837,6.325975227,-0.304075235,73023.2925,412.225,8,14,230.69,-6.1268,6,11.41150846,-5.557601927,39.56,412.225,390.049,412.0658946,152,1.12,1.76,2.32,2.708668567,1.930886079,452.7920023,18.99119935,12.70437218,14.70437218,11.39446595,7.210788729,10.59367097,5.614326824,8.864184507,3.672337021,6.299250508,2.537019115,4.491726317,0.3,181258.6831,21.59839957,8.12284233,5.88870225,142.3080839,141.7135416,58.46440908,16.34043675,10.21669833,43.54035908,13.15163837,15.10361181,90.27742995,13.57124149,6.420821623,230.69,60.06685617,35.10634439,14.15116714,14.52368616,13.32945637,49.4838389,41.54735296,-7.787285584,-0.702921012,-10.98155274,25,8,14,14,8,16,6,-6.1268,77.4703,4,4,1,-6.54
pdb4kqm.ent,0.10815047,36.5457837,6.325975227,-0.304075235,73023.2925,412.225,8,14,230.69,-6.1268,6,11.41150846,-5.557601927,39.56,412.225,390.049,412.0658946,152,1.12,1.76,2.32,2.708668567,1.930886079,452.7920023,18.99119935,12.70437218,14.70437218,11.39446595,7.210788729,10.59367097,5.614326824,8.864184507,3.672337021,6.299250508,2.537019115,4.491726317,0.3,181258.6831,21.59839957,8.12284233,5.88870225,142.3080839,141.7135416,58.46440908,16.34043675,10.21669833,43.54035908,13.15163837,15.10361181,90.27742995,13.57124149,6.420821623,230.69,60.06685617,35.10634439,14.15116714,14.52368616,13.32945637,49.4838389,41.54735296,-7.787285584,-0.702921012,-10.98155274,25,8,14,14,8,16,6,-6.1268,77.4703,4,4,1,-6.68
pdb4kqm.ent,0.10815047,36.5457837,6.325975227,-0.304075235,73023.2925,412.225,8,14,230.69,-6.1268,6,11.41150846,-5.557601927,39.56,412.225,390.049,412.0658946,152,1.12,1.76,2.32,2.708668567,1.930886079,452.7920023,18.99119935,12.70437218,14.70437218,11.39446595,7.210788729,10.59367097,5.614326824,8.864184507,3.672337021,6.299250508,2.537019115,4.491726317,0.3,181258.6831,21.59839957,8.12284233,5.88870225,142.3080839,141.7135416,58.46440908,16.34043675,10.21669833,43.54035908,13.15163837,15.10361181,90.27742995,13.57124149,6.420821623,230.69,60.06685617,35.10634439,14.15116714,14.52368616,13.32945637,49.4838389,41.54735296,-7.787285584,-0.702921012,-10.98155274,25,8,14,14,8,16,6,-6.1268,77.4703,4,4,1,-6.69
pdb4kqm.ent,0.107086614,36.5956063,6.399695396,-0.303149606,72673.954,412.225,8,14,230.69,-6.1268,6,11.41150846,-5.557601927,39.56,412.225,390.049,412.0658946,152,1.12,1.76,2.32,2.708668567,1.930886079,452.7920023,18.99119935,12.70437218,14.70437218,11.39446595,7.210788729,10.59367097,5.614326824,8.864184507,3.672337021,6.299250508,2.537019115,4.491726317,0.3,181258.6831,21.59839957,8.12284233,5.88870225,142.3080839,141.7135416,58.46440908,16.34043675,10.21669833,43.54035908,13.15163837,15.10361181,90.27742995,13.57124149,6.420821623,230.69,60.06685617,35.10634439,14.15116714,14.52368616,13.32945637,49.4838389,41.54735296,-7.787285584,-0.702921012,-10.98155274,25,8,14,14,8,16,6,-6.1268,77.4703,4,4,1,-6.63
pdb4kq2.ent,0.10815047,36.31020376,6.130903816,-0.284326019,72854.0617,331.238,7,11,178.17,-4.9059,4,10.65963346,-4.991659148,43.19047619,331.238,311.078,331.0911904,126,1.238095238,1.904761905,2.476190476,2.63559112,1.957558821,356.6002527,15.78409257,10.940662,11.940662,9.687359167,6.374809496,8.085733268,4.988403472,6.374042017,3.416030539,3.958747226,2.342788422,2.724167429,-0.01,36879.82654,17.34552975,6.62366093,4.255676924,120.1748097,119.4458687,44.3669545,8.170218376,10.21669833,43.54035908,13.15163837,10.21020021,85.38401834,9.260610116,6.420821623,178.17,51.8966378,25.31952118,9.840535766,14.52368616,9.580149151,29.22729949,41.26559889,-6.979243438,-0.407700499,-4.991659148,21,7,11,11,7,12,4,-4.9059,65.8515,4,4,1,-6.62
pdb4kq2.ent,0.10815047,36.31020376,6.130903816,-0.284326019,72854.0617,331.238,7,11,178.17,-4.9059,4,10.65963346,-4.991659148,43.19047619,331.238,311.078,331.0911904,126,1.238095238,1.904761905,2.476190476,2.63559112,1.957558821,356.6002527,15.78409257,10.940662,11.940662,9.687359167,6.374809496,8.085733268,4.988403472,6.374042017,3.416030539,3.958747226,2.342788422,2.724167429,-0.01,36879.82654,17.34552975,6.62366093,4.255676924,120.1748097,119.4458687,44.3669545,8.170218376,10.21669833,43.54035908,13.15163837,10.21020021,85.38401834,9.260610116,6.420821623,178.17,51.8966378,25.31952118,9.840535766,14.52368616,9.580149151,29.22729949,41.26559889,-6.979243438,-0.407700499,-4.991659148,21,7,11,11,7,12,4,-4.9059,65.8515,4,4,1,-6.59
pdb4kq2.ent,0.10815047,36.31020376,6.130903816,-0.284326019,72854.0617,331.238,7,11,178.17,-4.9059,4,10.65963346,-4.991659148,43.19047619,331.238,311.078,331.0911904,126,1.238095238,1.904761905,2.476190476,2.63559112,1.957558821,356.6002527,15.78409257,10.940662,11.940662,9.687359167,6.374809496,8.085733268,4.988403472,6.374042017,3.416030539,3.958747226,2.342788422,2.724167429,-0.01,36879.82654,17.34552975,6.62366093,4.255676924,120.1748097,119.4458687,44.3669545,8.170218376,10.21669833,43.54035908,13.15163837,10.21020021,85.38401834,9.260610116,6.420821623,178.17,51.8966378,25.31952118,9.840535766,14.52368616,9.580149151,29.22729949,41.26559889,-6.979243438,-0.407700499,-4.991659148,21,7,11,11,7,12,4,-4.9059,65.8515,4,4,1,-6.76
pdb4kq2.ent,0.114457831,35.02409639,5.38443737,-0.227108434,18837.0169,331.238,7,11,178.17,-4.9059,4,10.65963346,-4.991659148,43.19047619,331.238,311.078,331.0911904,126,1.238095238,1.904761905,2.476190476,2.63559112,1.957558821,356.6002527,15.78409257,10.940662,11.940662,9.687359167,6.374809496,8.085733268,4.988403472,6.374042017,3.416030539,3.958747226,2.342788422,2.724167429,-0.01,36879.82654,17.34552975,6.62366093,4.255676924,120.1748097,119.4458687,44.3669545,8.170218376,10.21669833,43.54035908,13.15163837,10.21020021,85.38401834,9.260610116,6.420821623,178.17,51.8966378,25.31952118,9.840535766,14.52368616,9.580149151,29.22729949,41.26559889,-6.979243438,-0.407700499,-4.991659148,21,7,11,11,7,12,4,-4.9059,65.8515,4,4,1,-6.61
pdb4kq1.ent,0.10815047,36.31020376,6.130903816,-0.284326019,72854.0617,331.238,7,11,178.17,-4.9059,4,10.65963346,-4.991659148,43.19047619,331.238,311.078,331.0911904,126,1.238095238,1.904761905,2.476190476,2.63559112,1.957558821,356.6002527,15.78409257,10.940662,11.940662,9.687359167,6.374809496,8.085733268,4.988403472,6.374042017,3.416030539,3.958747226,2.342788422,2.724167429,-0.01,36879.82654,17.34552975,6.62366093,4.255676924,120.1748097,119.4458687,44.3669545,8.170218376,10.21669833,43.54035908,13.15163837,10.21020021,85.38401834,9.260610116,6.420821623,178.17,51.8966378,25.31952118,9.840535766,14.52368616,9.580149151,29.22729949,41.26559889,-6.979243438,-0.407700499,-4.991659148,21,7,11,11,7,12,4,-4.9059,65.8515,4,4,1,-6.7
pdb4kq1.ent,0.10815047,36.31020376,6.130903816,-0.284326019,72854.0617,331.238,7,11,178.17,-4.9059,4,10.65963346,-4.991659148,43.19047619,331.238,311.078,331.0911904,126,1.238095238,1.904761905,2.476190476,2.63559112,1.957558821,356.6002527,15.78409257,10.940662,11.940662,9.687359167,6.374809496,8.085733268,4.988403472,6.374042017,3.416030539,3.958747226,2.342788422,2.724167429,-0.01,36879.82654,17.34552975,6.62366093,4.255676924,120.1748097,119.4458687,44.3669545,8.170218376,10.21669833,43.54035908,13.15163837,10.21020021,85.38401834,9.260610116,6.420821623,178.17,51.8966378,25.31952118,9.840535766,14.52368616,9.580149151,29.22729949,41.26559889,-6.979243438,-0.407700499,-4.991659148,21,7,11,11,7,12,4,-4.9059,65.8515,4,4,1,-6.6
pdb4kq1.ent,0.10815047,36.31020376,6.130903816,-0.284326019,72854.0617,331.238,7,11,178.17,-4.9059,4,10.65963346,-4.991659148,43.19047619,331.238,311.078,331.0911904,126,1.238095238,1.904761905,2.476190476,2.63559112,1.957558821,356.6002527,15.78409257,10.940662,11.940662,9.687359167,6.374809496,8.085733268,4.988403472,6.374042017,3.416030539,3.958747226,2.342788422,2.724167429,-0.01,36879.82654,17.34552975,6.62366093,4.255676924,120.1748097,119.4458687,44.3669545,8.170218376,10.21669833,43.54035908,13.15163837,10.21020021,85.38401834,9.260610116,6.420821623,178.17,51.8966378,25.31952118,9.840535766,14.52368616,9.580149151,29.22729949,41.26559889,-6.979243438,-0.407700499,-4.991659148,21,7,11,11,7,12,4,-4.9059,65.8515,4,4,1,-6.81
pdb4kq1.ent,0.106918239,36.19891509,6.130903816,-0.28836478,72619.8106,331.238,7,11,178.17,-4.9059,4,10.65963346,-4.991659148,43.19047619,331.238,311.078,331.0911904,126,1.238095238,1.904761905,2.476190476,2.63559112,1.957558821,356.6002527,15.78409257,10.940662,11.940662,9.687359167,6.374809496,8.085733268,4.988403472,6.374042017,3.416030539,3.958747226,2.342788422,2.724167429,-0.01,36879.82654,17.34552975,6.62366093,4.255676924,120.1748097,119.4458687,44.3669545,8.170218376,10.21669833,43.54035908,13.15163837,10.21020021,85.38401834,9.260610116,6.420821623,178.17,51.8966378,25.31952118,9.840535766,14.52368616,9.580149151,29.22729949,41.26559889,-6.979243438,-0.407700499,-4.991659148,21,7,11,11,7,12,4,-4.9059,65.8515,4,4,1,-6.61
pdb4js2.ent,0.125786164,40.49154088,8.242041206,-0.494025157,36777.5636,330.254,7,11,183.96,-4.9395,4,10.67352235,-4.975130222,43.19047619,330.254,309.086,330.1071748,126,1.333333333,2,2.571428571,2.63559112,1.957558821,358.3746902,15.78409257,11.07079867,12.07079867,9.687359167,6.44994394,8.160867711,5.079098769,6.464737313,3.475287206,4.018003893,2.378988625,2.760367631,-0.01,36879.82654,17.34552975,6.62366093,4.255676924,120.7204667,120.0108832,39.26042711,8.170218376,10.21669833,43.47823352,13.15163837,15.94386768,80.21536539,9.260610116,6.420821623,183.96,51.83451224,20.21299379,9.840535766,20.25735364,9.640965477,29.34896615,32.29611011,-5.973149334,-0.258009141,-4.975130222,21,8,11,11,7,12,4,-4.9395,67.8201,3,3,1,-7.2
pdb4irp.ent,0.129310345,46.50090517,7.906676674,-0.328448276,26834.2705,412.225,8,14,230.69,-6.1268,6,11.41150846,-5.557601927,39.56,412.225,390.049,412.0658946,152,1.12,1.76,2.32,2.708668567,1.930886079,452.7920023,18.99119935,12.70437218,14.70437218,11.39446595,7.210788729,10.59367097,5.614326824,8.864184507,3.672337021,6.299250508,2.537019115,4.491726317,0.3,181258.6831,21.59839957,8.12284233,5.88870225,142.3080839,141.7135416,58.46440908,16.34043675,10.21669833,43.54035908,13.15163837,15.10361181,90.27742995,13.57124149,6.420821623,230.69,60.06685617,35.10634439,14.15116714,14.52368616,13.32945637,49.4838389,41.54735296,-7.787285584,-0.702921012,-10.98155274,25,8,14,14,8,16,6,-6.1268,77.4703,4,4,1,-6.5
pdb4irp.ent,0.127753304,50.64057269,7.904549217,-0.319823789,26207.5667,412.225,8,14,230.69,-6.1268,6,11.41150846,-5.557601927,39.56,412.225,390.049,412.0658946,152,1.12,1.76,2.32,2.708668567,1.930886079,452.7920023,18.99119935,12.70437218,14.70437218,11.39446595,7.210788729,10.59367097,5.614326824,8.864184507,3.672337021,6.299250508,2.537019115,4.491726317,0.3,181258.6831,21.59839957,8.12284233,5.88870225,142.3080839,141.7135416,58.46440908,16.34043675,10.21669833,43.54035908,13.15163837,15.10361181,90.27742995,13.57124149,6.420821623,230.69,60.06685617,35.10634439,14.15116714,14.52368616,13.32945637,49.4838389,41.54735296,-7.787285584,-0.702921012,-10.98155274,25,8,14,14,8,16,6,-6.1268,77.4703,4,4,1,-6.4
pdb4hg6.ent,0.104417671,48.34432396,9.062272453,0.210977242,83541.7543,412.225,8,14,230.69,-6.1268,6,11.41150846,-5.557601927,39.56,412.225,390.049,412.0658946,152,1.12,1.76,2.32,2.708668567,1.930886079,452.7920023,18.99119935,12.70437218,14.70437218,11.39446595,7.210788729,10.59367097,5.614326824,8.864184507,3.672337021,6.299250508,2.537019115,4.491726317,0.3,181258.6831,21.59839957,8.12284233,5.88870225,142.3080839,141.7135416,58.46440908,16.34043675,10.21669833,43.54035908,13.15163837,15.10361181,90.27742995,13.57124149,6.420821623,230.69,60.06685617,35.10634439,14.15116714,14.52368616,13.32945637,49.4838389,41.54735296,-7.787285584,-0.702921012,-10.98155274,25,8,14,14,8,16,6,-6.1268,77.4703,4,4,1,-6.48
pdb4gyw.ent,0.08057554,37.42848921,7.048171425,-0.288057554,78211.9532,412.225,8,14,230.69,-6.1268,6,11.41150846,-5.557601927,39.56,412.225,390.049,412.0658946,152,1.12,1.76,2.32,2.708668567,1.930886079,452.7920023,18.99119935,12.70437218,14.70437218,11.39446595,7.210788729,10.59367097,5.614326824,8.864184507,3.672337021,6.299250508,2.537019115,4.491726317,0.3,181258.6831,21.59839957,8.12284233,5.88870225,142.3080839,141.7135416,58.46440908,16.34043675,10.21669833,43.54035908,13.15163837,15.10361181,90.27742995,13.57124149,6.420821623,230.69,60.06685617,35.10634439,14.15116714,14.52368616,13.32945637,49.4838389,41.54735296,-7.787285584,-0.702921012,-10.98155274,25,8,14,14,8,16,6,-6.1268,77.4703,4,4,1,-7.51
pdb4gyw.ent,0.083086053,35.65,7.44041729,-0.25504451,75897.549,412.225,8,14,230.69,-6.1268,6,11.41150846,-5.557601927,39.56,412.225,390.049,412.0658946,152,1.12,1.76,2.32,2.708668567,1.930886079,452.7920023,18.99119935,12.70437218,14.70437218,11.39446595,7.210788729,10.59367097,5.614326824,8.864184507,3.672337021,6.299250508,2.537019115,4.491726317,0.3,181258.6831,21.59839957,8.12284233,5.88870225,142.3080839,141.7135416,58.46440908,16.34043675,10.21669833,43.54035908,13.15163837,15.10361181,90.27742995,13.57124149,6.420821623,230.69,60.06685617,35.10634439,14.15116714,14.52368616,13.32945637,49.4838389,41.54735296,-7.787285584,-0.702921012,-10.98155274,25,8,14,14,8,16,6,-6.1268,77.4703,4,4,1,-7.56
pdb4g2t.ent,0.052023121,46.67398844,5.121954918,0.123988439,36865.8679,410.253,7,13,210.46,-4.8516,6,11.43547108,-5.502394355,39.56,410.253,386.061,410.08663,152,1.24,1.88,2.48,2.790403366,1.885578281,453.0678486,18.99119935,13.25715858,15.25715858,11.3776292,7.513103356,10.8959856,6.076894318,9.326752001,3.937765595,6.564679082,2.675244887,4.629952089,0.34,184442.8721,21.63795519,8.147990042,6.178677591,143.8787923,143.3446911,53.35788168,16.34043675,10.21669833,44.36012989,13.15163837,15.10361181,79.06693616,13.57124149,13.34455882,210.46,53.96288979,29.99981699,14.15116714,14.52368616,13.64914615,49.85334714,32.08888152,-5.002938101,1.35986321,-10.8336961,25,7,13,13,7,15,6,-4.8516,80.6275,3,3,1,-7.42
pdb4frm.ent,0.086393089,44.82116631,7.886820412,-0.188984881,52223.0295,412.225,8,14,230.69,-6.1268,6,11.41150846,-5.557601927,39.56,412.225,390.049,412.0658946,152,1.12,1.76,2.32,2.708668567,1.930886079,452.7920023,18.99119935,12.70437218,14.70437218,11.39446595,7.210788729,10.59367097,5.614326824,8.864184507,3.672337021,6.299250508,2.537019115,4.491726317,0.3,181258.6831,21.59839957,8.12284233,5.88870225,142.3080839,141.7135416,58.46440908,16.34043675,10.21669833,43.54035908,13.15163837,15.10361181,90.27742995,13.57124149,6.420821623,230.69,60.06685617,35.10634439,14.15116714,14.52368616,13.32945637,49.4838389,41.54735296,-7.787285584,-0.702921012,-10.98155274,25,8,14,14,8,16,6,-6.1268,77.4703,4,4,1,-6.55
pdb4fre.ent,0.125,48.1705303,7.262056541,-0.133712121,30534.9019,412.225,8,14,230.69,-6.1268,6,11.41150846,-5.557601927,39.56,412.225,390.049,412.0658946,152,1.12,1.76,2.32,2.708668567,1.930886079,452.7920023,18.99119935,12.70437218,14.70437218,11.39446595,7.210788729,10.59367097,5.614326824,8.864184507,3.672337021,6.299250508,2.537019115,4.491726317,0.3,181258.6831,21.59839957,8.12284233,5.88870225,142.3080839,141.7135416,58.46440908,16.34043675,10.21669833,43.54035908,13.15163837,15.10361181,90.27742995,13.57124149,6.420821623,230.69,60.06685617,35.10634439,14.15116714,14.52368616,13.32945637,49.4838389,41.54735296,-7.787285584,-0.702921012,-10.98155274,25,8,14,14,8,16,6,-6.1268,77.4703,4,4,1,-6.82
pdb4fra.ent,0.125,51.58389706,8.323335838,-0.107720588,31624.322,412.225,8,14,230.69,-6.1268,6,11.41150846,-5.557601927,39.56,412.225,390.049,412.0658946,152,1.12,1.76,2.32,2.708668567,1.930886079,452.7920023,18.99119935,12.70437218,14.70437218,11.39446595,7.210788729,10.59367097,5.614326824,8.864184507,3.672337021,6.299250508,2.537019115,4.491726317,0.3,181258.6831,21.59839957,8.12284233,5.88870225,142.3080839,141.7135416,58.46440908,16.34043675,10.21669833,43.54035908,13.15163837,15.10361181,90.27742995,13.57124149,6.420821623,230.69,60.06685617,35.10634439,14.15116714,14.52368616,13.32945637,49.4838389,41.54735296,-7.787285584,-0.702921012,-10.98155274,25,8,14,14,8,16,6,-6.1268,77.4703,4,4,1,-6.85
pdb4fiy.ent,0.087579618,48.78757962,6.91687336,-0.265764331,70571.7561,412.225,8,14,230.69,-6.1268,6,11.41150846,-5.557601927,39.56,412.225,390.049,412.0658946,152,1.12,1.76,2.32,2.708668567,1.930886079,452.7920023,18.99119935,12.70437218,14.70437218,11.39446595,7.210788729,10.59367097,5.614326824,8.864184507,3.672337021,6.299250508,2.537019115,4.491726317,0.3,181258.6831,21.59839957,8.12284233,5.88870225,142.3080839,141.7135416,58.46440908,16.34043675,10.21669833,43.54035908,13.15163837,15.10361181,90.27742995,13.57124149,6.420821623,230.69,60.06685617,35.10634439,14.15116714,14.52368616,13.32945637,49.4838389,41.54735296,-7.787285584,-0.702921012,-10.98155274,25,8,14,14,8,16,6,-6.1268,77.4703,4,4,1,-7.09
pdb4fiy.ent,0.087579618,48.78757962,6.91687336,-0.265764331,70571.7561,412.225,8,14,230.69,-6.1268,6,11.41150846,-5.557601927,39.56,412.225,390.049,412.0658946,152,1.12,1.76,2.32,2.708668567,1.930886079,452.7920023,18.99119935,12.70437218,14.70437218,11.39446595,7.210788729,10.59367097,5.614326824,8.864184507,3.672337021,6.299250508,2.537019115,4.491726317,0.3,181258.6831,21.59839957,8.12284233,5.88870225,142.3080839,141.7135416,58.46440908,16.34043675,10.21669833,43.54035908,13.15163837,15.10361181,90.27742995,13.57124149,6.420821623,230.69,60.06685617,35.10634439,14.15116714,14.52368616,13.32945637,49.4838389,41.54735296,-7.787285584,-0.702921012,-10.98155274,25,8,14,14,8,16,6,-6.1268,77.4703,4,4,1,-7.03
pdb4f97.ent,0.080508475,35.82266949,5.338227272,-0.278601695,52280.138,453.282,10,16,260.54,-7.7055,6,11.54709042,-5.561978886,43.89285714,453.282,428.082,453.103677,168,1.142857143,1.821428571,2.464285714,3.060680238,1.61221445,558.3448456,20.85300667,14.28210261,16.28210261,12.8776292,8.263920344,11.64680258,6.634611811,9.884469494,4.603825105,7.230738592,3.404590485,5.359297687,0.22,1122914.608,22.89519417,8.392696728,5.09362707,159.3125762,158.8228629,53.35788168,16.34043675,20.85027554,49.26502834,13.27557315,31.47085649,97.44032822,13.57124149,0,260.54,72.21234706,29.99981699,24.78474434,20.25735364,13.69359817,50.34145757,39.07953278,-7.674005072,-0.628557901,-10.98929169,28,11,16,16,10,18,6,-7.7055,88.6693,3,3,1,-5.47
pdb4f97.ent,0.080851064,35.77212766,5.282070351,-0.264680851,52073.9367,453.282,10,16,260.54,-7.7055,6,11.54709042,-5.561978886,43.89285714,453.282,428.082,453.103677,168,1.142857143,1.821428571,2.464285714,3.060680238,1.61221445,558.3448456,20.85300667,14.28210261,16.28210261,12.8776292,8.263920344,11.64680258,6.634611811,9.884469494,4.603825105,7.230738592,3.404590485,5.359297687,0.22,1122914.608,22.89519417,8.392696728,5.09362707,159.3125762,158.8228629,53.35788168,16.34043675,20.85027554,49.26502834,13.27557315,31.47085649,97.44032822,13.57124149,0,260.54,72.21234706,29.99981699,24.78474434,20.25735364,13.69359817,50.34145757,39.07953278,-7.674005072,-0.628557901,-10.98929169,28,11,16,16,10,18,6,-7.7055,88.6693,3,3,1,-5.42
pdb4dec.ent,0.052816901,35.79299296,5.009470558,0.172535211,30514.7651,412.225,8,14,230.69,-6.1268,6,11.41150846,-5.557601927,39.56,412.225,390.049,412.0658946,152,1.12,1.76,2.32,2.708668567,1.930886079,452.7920023,18.99119935,12.70437218,14.70437218,11.39446595,7.210788729,10.59367097,5.614326824,8.864184507,3.672337021,6.299250508,2.537019115,4.491726317,0.3,181258.6831,21.59839957,8.12284233,5.88870225,142.3080839,141.7135416,58.46440908,16.34043675,10.21669833,43.54035908,13.15163837,15.10361181,90.27742995,13.57124149,6.420821623,230.69,60.06685617,35.10634439,14.15116714,14.52368616,13.32945637,49.4838389,41.54735296,-7.787285584,-0.702921012,-10.98155274,25,8,14,14,8,16,6,-6.1268,77.4703,4,4,1,-6.86
pdb3zy6.ent,0.117142857,41.33114286,6.87526722,-0.324,39621.8895,599.424,12,20,319.46,-8.8537,8,12.33831391,-5.796243185,47.73684211,599.424,564.144,599.1615858,226,0.947368421,1.631578947,2.315789474,3.345600874,1.316312131,823.2082461,28.15397158,19.87977772,21.87977772,17.59866187,11.63682474,14.98074168,9.409211667,12.84553076,6.673323438,9.79858904,4.681140377,7.27664346,0.06,149044923.1,31.00571308,11.74310627,6.582434112,216.3119557,216.1392731,73.04466238,16.34043675,20.85027554,86.89465782,13.27557315,31.47085649,138.5723911,22.8318516,6.9237372,319.46,102.9182393,50.21281078,24.78474434,19.73114055,24.10733508,46.01056189,69.00007991,-16.6286995,0.502013343,-11.50167623,38,13,20,20,12,22,8,-8.8537,119.8909,6,6,2,-7.42
pdb3zy3.ent,0.116477273,41.153125,6.886976051,-0.344886364,39907.1892,453.282,10,16,260.54,-7.7055,6,11.54709042,-5.561978886,43.89285714,453.282,428.082,453.103677,168,1.142857143,1.821428571,2.464285714,3.060680238,1.61221445,558.3448456,20.85300667,14.28210261,16.28210261,12.8776292,8.263920344,11.64680258,6.634611811,9.884469494,4.603825105,7.230738592,3.404590485,5.359297687,0.22,1122914.608,22.89519417,8.392696728,5.09362707,159.3125762,158.8228629,53.35788168,16.34043675,20.85027554,49.26502834,13.27557315,31.47085649,97.44032822,13.57124149,0,260.54,72.21234706,29.99981699,24.78474434,20.25735364,13.69359817,50.34145757,39.07953278,-7.674005072,-0.628557901,-10.98929169,28,11,16,16,10,18,6,-7.7055,88.6693,3,3,1,-6.03
pdb3zy3.ent,0.121037464,38.38011527,7.060221291,-0.291066282,39345.6826,453.282,10,16,260.54,-7.7055,6,11.54709042,-5.561978886,43.89285714,453.282,428.082,453.103677,168,1.142857143,1.821428571,2.464285714,3.060680238,1.61221445,558.3448456,20.85300667,14.28210261,16.28210261,12.8776292,8.263920344,11.64680258,6.634611811,9.884469494,4.603825105,7.230738592,3.404590485,5.359297687,0.22,1122914.608,22.89519417,8.392696728,5.09362707,159.3125762,158.8228629,53.35788168,16.34043675,20.85027554,49.26502834,13.27557315,31.47085649,97.44032822,13.57124149,0,260.54,72.21234706,29.99981699,24.78474434,20.25735364,13.69359817,50.34145757,39.07953278,-7.674005072,-0.628557901,-10.98929169,28,11,16,16,10,18,6,-7.7055,88.6693,3,3,1,-5.84
pdb3zf8.ent,0.100694444,59.87579861,5.570641899,-0.40625,33014.1119,453.282,10,16,260.54,-7.7055,6,11.54709042,-5.561978886,43.89285714,453.282,428.082,453.103677,168,1.142857143,1.821428571,2.464285714,3.060680238,1.61221445,558.3448456,20.85300667,14.28210261,16.28210261,12.8776292,8.263920344,11.64680258,6.634611811,9.884469494,4.603825105,7.230738592,3.404590485,5.359297687,0.22,1122914.608,22.89519417,8.392696728,5.09362707,159.3125762,158.8228629,53.35788168,16.34043675,20.85027554,49.26502834,13.27557315,31.47085649,97.44032822,13.57124149,0,260.54,72.21234706,29.99981699,24.78474434,20.25735364,13.69359817,50.34145757,39.07953278,-7.674005072,-0.628557901,-10.98929169,28,11,16,16,10,18,6,-7.7055,88.6693,3,3,1,-5.63
pdb3wag.ent,0.077694236,35.04310777,5.027545357,-0.057142857,43938.3414,410.253,7,13,210.46,-4.8516,6,11.43547108,-5.502394355,39.56,410.253,386.061,410.08663,152,1.24,1.88,2.48,2.790403366,1.885578281,453.0678486,18.99119935,13.25715858,15.25715858,11.3776292,7.513103356,10.8959856,6.076894318,9.326752001,3.937765595,6.564679082,2.675244887,4.629952089,0.34,184442.8721,21.63795519,8.147990042,6.178677591,143.8787923,143.3446911,53.35788168,16.34043675,10.21669833,44.36012989,13.15163837,15.10361181,79.06693616,13.57124149,13.34455882,210.46,53.96288979,29.99981699,14.15116714,14.52368616,13.64914615,49.85334714,32.08888152,-5.002938101,1.35986321,-10.8336961,25,7,13,13,7,15,6,-4.8516,80.6275,3,3,1,-6.8
pdb3wag.ent,0.077306733,36.01396509,5.087624168,-0.070074813,44181.6044,410.253,7,13,210.46,-4.8516,6,11.43547108,-5.502394355,39.56,410.253,386.061,410.08663,152,1.24,1.88,2.48,2.790403366,1.885578281,453.0678486,18.99119935,13.25715858,15.25715858,11.3776292,7.513103356,10.8959856,6.076894318,9.326752001,3.937765595,6.564679082,2.675244887,4.629952089,0.34,184442.8721,21.63795519,8.147990042,6.178677591,143.8787923,143.3446911,53.35788168,16.34043675,10.21669833,44.36012989,13.15163837,15.10361181,79.06693616,13.57124149,13.34455882,210.46,53.96288979,29.99981699,14.15116714,14.52368616,13.64914615,49.85334714,32.08888152,-5.002938101,1.35986321,-10.8336961,25,7,13,13,7,15,6,-4.8516,80.6275,3,3,1,-6.93
pdb3vuf.ent,0.092213115,26.11004098,7.205274391,-0.174795082,54262.9678,332.246,8,11,175.34,-4.2739,4,9.943468443,-4.741659148,43.19047619,332.246,311.078,332.0984669,126,1.142857143,1.80952381,2.380952381,2.63559112,1.957558821,356.6002527,15.78409257,10.9796273,11.9796273,9.687359167,6.394292148,8.144181225,5.013783046,6.450180738,3.421654696,3.975619698,2.346035531,2.733908755,-0.01,36879.82654,17.34552975,6.62366093,4.255676924,120.1748097,119.4458687,44.3669545,8.170218376,10.21669833,43.54035908,13.15163837,5.316788604,90.27742995,9.260610116,6.420821623,175.34,51.8966378,20.42610958,9.840535766,19.41709776,9.71903804,27.56138307,41.3285765,-6.840039192,-0.33285482,-4.741659148,21,8,11,11,8,12,4,-4.2739,68.0703,4,4,1,-6.52
pdb3v8z.ent,0.12109375,28.10585938,5.587977791,-0.08203125,28836.3763,412.225,8,14,230.69,-6.1268,6,11.41150846,-5.557601927,39.56,412.225,390.049,412.0658946,152,1.12,1.76,2.32,2.708668567,1.930886079,452.7920023,18.99119935,12.70437218,14.70437218,11.39446595,7.210788729,10.59367097,5.614326824,8.864184507,3.672337021,6.299250508,2.537019115,4.491726317,0.3,181258.6831,21.59839957,8.12284233,5.88870225,142.3080839,141.7135416,58.46440908,16.34043675,10.21669833,43.54035908,13.15163837,15.10361181,90.27742995,13.57124149,6.420821623,230.69,60.06685617,35.10634439,14.15116714,14.52368616,13.32945637,49.4838389,41.54735296,-7.787285584,-0.702921012,-10.98155274,25,8,14,14,8,16,6,-6.1268,77.4703,4,4,1,-6.66
pdb3uyl.ent,0.056451613,45.50403226,5.317140007,0.164516129,39462.8681,410.253,7,13,210.46,-4.8516,6,11.43547108,-5.502394355,39.56,410.253,386.061,410.08663,152,1.24,1.88,2.48,2.790403366,1.885578281,453.0678486,18.99119935,13.25715858,15.25715858,11.3776292,7.513103356,10.8959856,6.076894318,9.326752001,3.937765595,6.564679082,2.675244887,4.629952089,0.34,184442.8721,21.63795519,8.147990042,6.178677591,143.8787923,143.3446911,53.35788168,16.34043675,10.21669833,44.36012989,13.15163837,15.10361181,79.06693616,13.57124149,13.34455882,210.46,53.96288979,29.99981699,14.15116714,14.52368616,13.64914615,49.85334714,32.08888152,-5.002938101,1.35986321,-10.8336961,25,7,13,13,7,15,6,-4.8516,80.6275,3,3,1,-8.41
pdb3uyl.ent,0.056756757,45.92540541,5.232677269,0.175945946,39224.6249,410.253,7,13,210.46,-4.8516,6,11.43547108,-5.502394355,39.56,410.253,386.061,410.08663,152,1.24,1.88,2.48,2.790403366,1.885578281,453.0678486,18.99119935,13.25715858,15.25715858,11.3776292,7.513103356,10.8959856,6.076894318,9.326752001,3.937765595,6.564679082,2.675244887,4.629952089,0.34,184442.8721,21.63795519,8.147990042,6.178677591,143.8787923,143.3446911,53.35788168,16.34043675,10.21669833,44.36012989,13.15163837,15.10361181,79.06693616,13.57124149,13.34455882,210.46,53.96288979,29.99981699,14.15116714,14.52368616,13.64914615,49.85334714,32.08888152,-5.002938101,1.35986321,-10.8336961,25,7,13,13,7,15,6,-4.8516,80.6275,3,3,1,-8.32
pdb3u2u.ent,0.114068441,31.35551331,5.557057381,-0.04904943,29582.3698,412.225,8,14,230.69,-6.1268,6,11.41150846,-5.557601927,39.56,412.225,390.049,412.0658946,152,1.12,1.76,2.32,2.708668567,1.930886079,452.7920023,18.99119935,12.70437218,14.70437218,11.39446595,7.210788729,10.59367097,5.614326824,8.864184507,3.672337021,6.299250508,2.537019115,4.491726317,0.3,181258.6831,21.59839957,8.12284233,5.88870225,142.3080839,141.7135416,58.46440908,16.34043675,10.21669833,43.54035908,13.15163837,15.10361181,90.27742995,13.57124149,6.420821623,230.69,60.06685617,35.10634439,14.15116714,14.52368616,13.32945637,49.4838389,41.54735296,-7.787285584,-0.702921012,-10.98155274,25,8,14,14,8,16,6,-6.1268,77.4703,4,4,1,-7.21
pdb3u2u.ent,0.114068441,31.35551331,5.557057381,-0.04904943,29582.3698,412.225,8,14,230.69,-6.1268,6,11.41150846,-5.557601927,39.56,412.225,390.049,412.0658946,152,1.12,1.76,2.32,2.708668567,1.930886079,452.7920023,18.99119935,12.70437218,14.70437218,11.39446595,7.210788729,10.59367097,5.614326824,8.864184507,3.672337021,6.299250508,2.537019115,4.491726317,0.3,181258.6831,21.59839957,8.12284233,5.88870225,142.3080839,141.7135416,58.46440908,16.34043675,10.21669833,43.54035908,13.15163837,15.10361181,90.27742995,13.57124149,6.420821623,230.69,60.06685617,35.10634439,14.15116714,14.52368616,13.32945637,49.4838389,41.54735296,-7.787285584,-0.702921012,-10.98155274,25,8,14,14,8,16,6,-6.1268,77.4703,4,4,1,-7.19
pdb3siw.ent,0.110344828,54.21655172,5.917359734,-0.124137931,33143.605,453.282,10,16,260.54,-7.7055,6,11.54709042,-5.561978886,43.89285714,453.282,428.082,453.103677,168,1.142857143,1.821428571,2.464285714,3.060680238,1.61221445,558.3448456,20.85300667,14.28210261,16.28210261,12.8776292,8.263920344,11.64680258,6.634611811,9.884469494,4.603825105,7.230738592,3.404590485,5.359297687,0.22,1122914.608,22.89519417,8.392696728,5.09362707,159.3125762,158.8228629,53.35788168,16.34043675,20.85027554,49.26502834,13.27557315,31.47085649,97.44032822,13.57124149,0,260.54,72.21234706,29.99981699,24.78474434,20.25735364,13.69359817,50.34145757,39.07953278,-7.674005072,-0.628557901,-10.98929169,28,11,16,16,10,18,6,-7.7055,88.6693,3,3,1,-7.36
pdb3s2u.ent,0.045317221,43.42416918,8.690612221,0.176132931,35040.159,617.435,12,20,321.87,-8.367,11,12.52019331,-5.898921529,42.43589744,617.435,580.139,617.1609171,234,1,1.641025641,2.230769231,3.096424879,1.593295509,788.7224049,29.28372809,20.53371794,22.53371794,18.04735027,11.88551946,15.22943639,9.282665272,12.71898436,6.247939896,9.373205498,4.341384782,6.944071184,0.06,154682644.9,33.56077002,13.5723819,8.554755203,222.3814436,222.2259254,83.25771717,16.34043675,15.53348694,87.33576417,19.75852033,20.42040041,149.2886778,22.8318516,13.34455882,321.87,103.545406,60.42586557,19.46795574,13.99747307,24.25350732,46.18209235,83.99078265,-16.74896323,-0.542919531,-11.6788535,39,12,20,20,12,22,11,-8.367,122.7014,8,8,2,-8.61
pdb3s28.ent,0.104993598,34.62318822,5.800669289,-0.307810499,89771.8688,412.225,8,14,230.69,-6.1268,6,11.41150846,-5.557601927,39.56,412.225,390.049,412.0658946,152,1.12,1.76,2.32,2.708668567,1.930886079,452.7920023,18.99119935,12.70437218,14.70437218,11.39446595,7.210788729,10.59367097,5.614326824,8.864184507,3.672337021,6.299250508,2.537019115,4.491726317,0.3,181258.6831,21.59839957,8.12284233,5.88870225,142.3080839,141.7135416,58.46440908,16.34043675,10.21669833,43.54035908,13.15163837,15.10361181,90.27742995,13.57124149,6.420821623,230.69,60.06685617,35.10634439,14.15116714,14.52368616,13.32945637,49.4838389,41.54735296,-7.787285584,-0.702921012,-10.98155274,25,8,14,14,8,16,6,-6.1268,77.4703,4,4,1,-6.88
pdb3s28.ent,0.105128205,34.65475641,5.801010323,-0.303717949,89657.7662,412.225,8,14,230.69,-6.1268,6,11.41150846,-5.557601927,39.56,412.225,390.049,412.0658946,152,1.12,1.76,2.32,2.708668567,1.930886079,452.7920023,18.99119935,12.70437218,14.70437218,11.39446595,7.210788729,10.59367097,5.614326824,8.864184507,3.672337021,6.299250508,2.537019115,4.491726317,0.3,181258.6831,21.59839957,8.12284233,5.88870225,142.3080839,141.7135416,58.46440908,16.34043675,10.21669833,43.54035908,13.15163837,15.10361181,90.27742995,13.57124149,6.420821623,230.69,60.06685617,35.10634439,14.15116714,14.52368616,13.32945637,49.4838389,41.54735296,-7.787285584,-0.702921012,-10.98155274,25,8,14,14,8,16,6,-6.1268,77.4703,4,4,1,-6.93
pdb3s28.ent,0.104993598,34.62318822,5.800669289,-0.307810499,89771.8688,412.225,8,14,230.69,-6.1268,6,11.41150846,-5.557601927,39.56,412.225,390.049,412.0658946,152,1.12,1.76,2.32,2.708668567,1.930886079,452.7920023,18.99119935,12.70437218,14.70437218,11.39446595,7.210788729,10.59367097,5.614326824,8.864184507,3.672337021,6.299250508,2.537019115,4.491726317,0.3,181258.6831,21.59839957,8.12284233,5.88870225,142.3080839,141.7135416,58.46440908,16.34043675,10.21669833,43.54035908,13.15163837,15.10361181,90.27742995,13.57124149,6.420821623,230.69,60.06685617,35.10634439,14.15116714,14.52368616,13.32945637,49.4838389,41.54735296,-7.787285584,-0.702921012,-10.98155274,25,8,14,14,8,16,6,-6.1268,77.4703,4,4,1,-6.82
pdb3s28.ent,0.104993598,34.62318822,5.800669289,-0.307810499,89771.8688,412.225,8,14,230.69,-6.1268,6,11.41150846,-5.557601927,39.56,412.225,390.049,412.0658946,152,1.12,1.76,2.32,2.708668567,1.930886079,452.7920023,18.99119935,12.70437218,14.70437218,11.39446595,7.210788729,10.59367097,5.614326824,8.864184507,3.672337021,6.299250508,2.537019115,4.491726317,0.3,181258.6831,21.59839957,8.12284233,5.88870225,142.3080839,141.7135416,58.46440908,16.34043675,10.21669833,43.54035908,13.15163837,15.10361181,90.27742995,13.57124149,6.420821623,230.69,60.06685617,35.10634439,14.15116714,14.52368616,13.32945637,49.4838389,41.54735296,-7.787285584,-0.702921012,-10.98155274,25,8,14,14,8,16,6,-6.1268,77.4703,4,4,1,-6.85
pdb3s28.ent,0.104993598,34.62318822,5.800669289,-0.307810499,89771.8688,412.225,8,14,230.69,-6.1268,6,11.41150846,-5.557601927,39.56,412.225,390.049,412.0658946,152,1.12,1.76,2.32,2.708668567,1.930886079,452.7920023,18.99119935,12.70437218,14.70437218,11.39446595,7.210788729,10.59367097,5.614326824,8.864184507,3.672337021,6.299250508,2.537019115,4.491726317,0.3,181258.6831,21.59839957,8.12284233,5.88870225,142.3080839,141.7135416,58.46440908,16.34043675,10.21669833,43.54035908,13.15163837,15.10361181,90.27742995,13.57124149,6.420821623,230.69,60.06685617,35.10634439,14.15116714,14.52368616,13.32945637,49.4838389,41.54735296,-7.787285584,-0.702921012,-10.98155274,25,8,14,14,8,16,6,-6.1268,77.4703,4,4,1,-6.91
pdb3s28.ent,0.104993598,34.62318822,5.800669289,-0.307810499,89771.8688,412.225,8,14,230.69,-6.1268,6,11.41150846,-5.557601927,39.56,412.225,390.049,412.0658946,152,1.12,1.76,2.32,2.708668567,1.930886079,452.7920023,18.99119935,12.70437218,14.70437218,11.39446595,7.210788729,10.59367097,5.614326824,8.864184507,3.672337021,6.299250508,2.537019115,4.491726317,0.3,181258.6831,21.59839957,8.12284233,5.88870225,142.3080839,141.7135416,58.46440908,16.34043675,10.21669833,43.54035908,13.15163837,15.10361181,90.27742995,13.57124149,6.420821623,230.69,60.06685617,35.10634439,14.15116714,14.52368616,13.32945637,49.4838389,41.54735296,-7.787285584,-0.702921012,-10.98155274,25,8,14,14,8,16,6,-6.1268,77.4703,4,4,1,-6.89
pdb3s28.ent,0.104993598,34.62318822,5.800669289,-0.307810499,89771.8688,412.225,8,14,230.69,-6.1268,6,11.41150846,-5.557601927,39.56,412.225,390.049,412.0658946,152,1.12,1.76,2.32,2.708668567,1.930886079,452.7920023,18.99119935,12.70437218,14.70437218,11.39446595,7.210788729,10.59367097,5.614326824,8.864184507,3.672337021,6.299250508,2.537019115,4.491726317,0.3,181258.6831,21.59839957,8.12284233,5.88870225,142.3080839,141.7135416,58.46440908,16.34043675,10.21669833,43.54035908,13.15163837,15.10361181,90.27742995,13.57124149,6.420821623,230.69,60.06685617,35.10634439,14.15116714,14.52368616,13.32945637,49.4838389,41.54735296,-7.787285584,-0.702921012,-10.98155274,25,8,14,14,8,16,6,-6.1268,77.4703,4,4,1,-6.92
pdb3s28.ent,0.105128205,34.65475641,5.801010323,-0.303717949,89657.7662,412.225,8,14,230.69,-6.1268,6,11.41150846,-5.557601927,39.56,412.225,390.049,412.0658946,152,1.12,1.76,2.32,2.708668567,1.930886079,452.7920023,18.99119935,12.70437218,14.70437218,11.39446595,7.210788729,10.59367097,5.614326824,8.864184507,3.672337021,6.299250508,2.537019115,4.491726317,0.3,181258.6831,21.59839957,8.12284233,5.88870225,142.3080839,141.7135416,58.46440908,16.34043675,10.21669833,43.54035908,13.15163837,15.10361181,90.27742995,13.57124149,6.420821623,230.69,60.06685617,35.10634439,14.15116714,14.52368616,13.32945637,49.4838389,41.54735296,-7.787285584,-0.702921012,-10.98155274,25,8,14,14,8,16,6,-6.1268,77.4703,4,4,1,-6.95
pdb3rhz.ent,0.112121212,36.98730303,5.771397209,-0.18969697,38040.4177,412.225,8,14,230.69,-6.1268,6,11.41150846,-5.557601927,39.56,412.225,390.049,412.0658946,152,1.12,1.76,2.32,2.708668567,1.930886079,452.7920023,18.99119935,12.70437218,14.70437218,11.39446595,7.210788729,10.59367097,5.614326824,8.864184507,3.672337021,6.299250508,2.537019115,4.491726317,0.3,181258.6831,21.59839957,8.12284233,5.88870225,142.3080839,141.7135416,58.46440908,16.34043675,10.21669833,43.54035908,13.15163837,15.10361181,90.27742995,13.57124149,6.420821623,230.69,60.06685617,35.10634439,14.15116714,14.52368616,13.32945637,49.4838389,41.54735296,-7.787285584,-0.702921012,-10.98155274,25,8,14,14,8,16,6,-6.1268,77.4703,4,4,1,-7.61
pdb3rhz.ent,0.110429448,37.57886503,5.771397209,-0.195705521,37692.064,412.225,8,14,230.69,-6.1268,6,11.41150846,-5.557601927,39.56,412.225,390.049,412.0658946,152,1.12,1.76,2.32,2.708668567,1.930886079,452.7920023,18.99119935,12.70437218,14.70437218,11.39446595,7.210788729,10.59367097,5.614326824,8.864184507,3.672337021,6.299250508,2.537019115,4.491726317,0.3,181258.6831,21.59839957,8.12284233,5.88870225,142.3080839,141.7135416,58.46440908,16.34043675,10.21669833,43.54035908,13.15163837,15.10361181,90.27742995,13.57124149,6.420821623,230.69,60.06685617,35.10634439,14.15116714,14.52368616,13.32945637,49.4838389,41.54735296,-7.787285584,-0.702921012,-10.98155274,25,8,14,14,8,16,6,-6.1268,77.4703,4,4,1,-7.58
pdb3q3h.ent,0.098387097,48.45293548,5.785152245,-0.162258065,70485.612,412.225,8,14,230.69,-6.1268,6,11.41150846,-5.557601927,39.56,412.225,390.049,412.0658946,152,1.12,1.76,2.32,2.708668567,1.930886079,452.7920023,18.99119935,12.70437218,14.70437218,11.39446595,7.210788729,10.59367097,5.614326824,8.864184507,3.672337021,6.299250508,2.537019115,4.491726317,0.3,181258.6831,21.59839957,8.12284233,5.88870225,142.3080839,141.7135416,58.46440908,16.34043675,10.21669833,43.54035908,13.15163837,15.10361181,90.27742995,13.57124149,6.420821623,230.69,60.06685617,35.10634439,14.15116714,14.52368616,13.32945637,49.4838389,41.54735296,-7.787285584,-0.702921012,-10.98155274,25,8,14,14,8,16,6,-6.1268,77.4703,4,4,1,-7.09
pdb3q3h.ent,0.102521008,47.62692437,5.850119209,-0.120336134,67651.5294,412.225,8,14,230.69,-6.1268,6,11.41150846,-5.557601927,39.56,412.225,390.049,412.0658946,152,1.12,1.76,2.32,2.708668567,1.930886079,452.7920023,18.99119935,12.70437218,14.70437218,11.39446595,7.210788729,10.59367097,5.614326824,8.864184507,3.672337021,6.299250508,2.537019115,4.491726317,0.3,181258.6831,21.59839957,8.12284233,5.88870225,142.3080839,141.7135416,58.46440908,16.34043675,10.21669833,43.54035908,13.15163837,15.10361181,90.27742995,13.57124149,6.420821623,230.69,60.06685617,35.10634439,14.15116714,14.52368616,13.32945637,49.4838389,41.54735296,-7.787285584,-0.702921012,-10.98155274,25,8,14,14,8,16,6,-6.1268,77.4703,4,4,1,-6.75
pdb3oy7.ent,0.102040816,21.12783163,6.356384087,0.017857143,44085.2208,615.423,13,21,339.69,-9.8813,9,12.35448675,-5.89063094,46.82051282,615.423,580.143,615.1565005,232,0.897435897,1.564102564,2.230769231,3.379396058,1.319489365,837.4288618,28.86107836,20.0340981,22.0340981,18.13666667,11.78395053,15.12786747,9.425119187,12.86143828,6.713381304,9.838646906,4.735136403,7.330639486,0.02,253378350.3,31.94474267,12.32511588,6.987698773,221.1061895,220.9289453,78.15118978,16.34043675,20.85027554,79.97092062,19.88245512,31.47085649,150.2858004,22.8318516,0,339.69,109.5251213,55.31933817,29.30849151,15.20739338,23.89818993,46.05371397,78.21748079,-17.81426366,-1.693562908,-11.65375217,39,14,21,21,13,23,9,-9.8813,121.3027,7,7,2,-7.66
pdb3oy7.ent,0.102040816,21.12783163,6.356384087,0.017857143,44085.2208,615.423,13,21,339.69,-9.8813,9,12.35448675,-5.89063094,46.82051282,615.423,580.143,615.1565005,232,0.897435897,1.564102564,2.230769231,3.379396058,1.319489365,837.4288618,28.86107836,20.0340981,22.0340981,18.13666667,11.78395053,15.12786747,9.425119187,12.86143828,6.713381304,9.838646906,4.735136403,7.330639486,0.02,253378350.3,31.94474267,12.32511588,6.987698773,221.1061895,220.9289453,78.15118978,16.34043675,20.85027554,79.97092062,19.88245512,31.47085649,150.2858004,22.8318516,0,339.69,109.5251213,55.31933817,29.30849151,15.20739338,23.89818993,46.05371397,78.21748079,-17.81426366,-1.693562908,-11.65375217,39,14,21,21,13,23,9,-9.8813,121.3027,7,7,2,-7.51
pdb3otk.ent,0.113821138,41.66371274,8.023751259,-0.323306233,42690.7159,412.225,8,14,230.69,-6.1268,6,11.41150846,-5.557601927,39.56,412.225,390.049,412.0658946,152,1.12,1.76,2.32,2.708668567,1.930886079,452.7920023,18.99119935,12.70437218,14.70437218,11.39446595,7.210788729,10.59367097,5.614326824,8.864184507,3.672337021,6.299250508,2.537019115,4.491726317,0.3,181258.6831,21.59839957,8.12284233,5.88870225,142.3080839,141.7135416,58.46440908,16.34043675,10.21669833,43.54035908,13.15163837,15.10361181,90.27742995,13.57124149,6.420821623,230.69,60.06685617,35.10634439,14.15116714,14.52368616,13.32945637,49.4838389,41.54735296,-7.787285584,-0.702921012,-10.98155274,25,8,14,14,8,16,6,-6.1268,77.4703,4,4,1,-6.76
pdb3otk.ent,0.112947658,41.38019284,6.786086845,-0.304407713,41903.7516,412.225,8,14,230.69,-6.1268,6,11.41150846,-5.557601927,39.56,412.225,390.049,412.0658946,152,1.12,1.76,2.32,2.708668567,1.930886079,452.7920023,18.99119935,12.70437218,14.70437218,11.39446595,7.210788729,10.59367097,5.614326824,8.864184507,3.672337021,6.299250508,2.537019115,4.491726317,0.3,181258.6831,21.59839957,8.12284233,5.88870225,142.3080839,141.7135416,58.46440908,16.34043675,10.21669833,43.54035908,13.15163837,15.10361181,90.27742995,13.57124149,6.420821623,230.69,60.06685617,35.10634439,14.15116714,14.52368616,13.32945637,49.4838389,41.54735296,-7.787285584,-0.702921012,-10.98155274,25,8,14,14,8,16,6,-6.1268,77.4703,4,4,1,-6.72
pdb3otk.ent,0.113888889,41.10669444,6.786086845,-0.328055556,41576.3325,412.225,8,14,230.69,-6.1268,6,11.41150846,-5.557601927,39.56,412.225,390.049,412.0658946,152,1.12,1.76,2.32,2.708668567,1.930886079,452.7920023,18.99119935,12.70437218,14.70437218,11.39446595,7.210788729,10.59367097,5.614326824,8.864184507,3.672337021,6.299250508,2.537019115,4.491726317,0.3,181258.6831,21.59839957,8.12284233,5.88870225,142.3080839,141.7135416,58.46440908,16.34043675,10.21669833,43.54035908,13.15163837,15.10361181,90.27742995,13.57124149,6.420821623,230.69,60.06685617,35.10634439,14.15116714,14.52368616,13.32945637,49.4838389,41.54735296,-7.787285584,-0.702921012,-10.98155274,25,8,14,14,8,16,6,-6.1268,77.4703,4,4,1,-6.81
pdb3otk.ent,0.112637363,41.8231044,6.786086845,-0.292032967,42002.8826,412.225,8,14,230.69,-6.1268,6,11.41150846,-5.557601927,39.56,412.225,390.049,412.0658946,152,1.12,1.76,2.32,2.708668567,1.930886079,452.7920023,18.99119935,12.70437218,14.70437218,11.39446595,7.210788729,10.59367097,5.614326824,8.864184507,3.672337021,6.299250508,2.537019115,4.491726317,0.3,181258.6831,21.59839957,8.12284233,5.88870225,142.3080839,141.7135416,58.46440908,16.34043675,10.21669833,43.54035908,13.15163837,15.10361181,90.27742995,13.57124149,6.420821623,230.69,60.06685617,35.10634439,14.15116714,14.52368616,13.32945637,49.4838389,41.54735296,-7.787285584,-0.702921012,-10.98155274,25,8,14,14,8,16,6,-6.1268,77.4703,4,4,1,-6.92
pdb3oti.ent,0.055408971,37.32163588,5.255924416,0.089182058,40803.2274,410.253,7,13,210.46,-4.8516,6,11.43547108,-5.502394355,39.56,410.253,386.061,410.08663,152,1.24,1.88,2.48,2.790403366,1.885578281,453.0678486,18.99119935,13.25715858,15.25715858,11.3776292,7.513103356,10.8959856,6.076894318,9.326752001,3.937765595,6.564679082,2.675244887,4.629952089,0.34,184442.8721,21.63795519,8.147990042,6.178677591,143.8787923,143.3446911,53.35788168,16.34043675,10.21669833,44.36012989,13.15163837,15.10361181,79.06693616,13.57124149,13.34455882,210.46,53.96288979,29.99981699,14.15116714,14.52368616,13.64914615,49.85334714,32.08888152,-5.002938101,1.35986321,-10.8336961,25,7,13,13,7,15,6,-4.8516,80.6275,3,3,1,-7.53
pdb3oti.ent,0.055408971,37.32163588,5.255924416,0.089182058,40803.2274,410.253,7,13,210.46,-4.8516,6,11.43547108,-5.502394355,39.56,410.253,386.061,410.08663,152,1.24,1.88,2.48,2.790403366,1.885578281,453.0678486,18.99119935,13.25715858,15.25715858,11.3776292,7.513103356,10.8959856,6.076894318,9.326752001,3.937765595,6.564679082,2.675244887,4.629952089,0.34,184442.8721,21.63795519,8.147990042,6.178677591,143.8787923,143.3446911,53.35788168,16.34043675,10.21669833,44.36012989,13.15163837,15.10361181,79.06693616,13.57124149,13.34455882,210.46,53.96288979,29.99981699,14.15116714,14.52368616,13.64914615,49.85334714,32.08888152,-5.002938101,1.35986321,-10.8336961,25,7,13,13,7,15,6,-4.8516,80.6275,3,3,1,-7.55
pdb3okp.ent,0.063492063,42.4026455,6.205703926,-0.142063492,41038.3218,615.423,13,21,339.69,-9.8813,9,12.35448675,-5.89063094,46.82051282,615.423,580.143,615.1565005,232,0.897435897,1.564102564,2.230769231,3.379396058,1.319489365,837.4288618,28.86107836,20.0340981,22.0340981,18.13666667,11.78395053,15.12786747,9.425119187,12.86143828,6.713381304,9.838646906,4.735136403,7.330639486,0.02,253378350.3,31.94474267,12.32511588,6.987698773,221.1061895,220.9289453,78.15118978,16.34043675,20.85027554,79.97092062,19.88245512,31.47085649,150.2858004,22.8318516,0,339.69,109.5251213,55.31933817,29.30849151,15.20739338,23.89818993,46.05371397,78.21748079,-17.81426366,-1.693562908,-11.65375217,39,14,21,21,13,23,9,-9.8813,121.3027,7,7,2,-6.44
pdb3okc.ent,0.063492063,42.4026455,6.205703926,-0.142063492,41038.3218,453.282,10,16,260.54,-7.7055,6,11.54709042,-5.561978886,43.89285714,453.282,428.082,453.103677,168,1.142857143,1.821428571,2.464285714,3.060680238,1.61221445,558.3448456,20.85300667,14.28210261,16.28210261,12.8776292,8.263920344,11.64680258,6.634611811,9.884469494,4.603825105,7.230738592,3.404590485,5.359297687,0.22,1122914.608,22.89519417,8.392696728,5.09362707,159.3125762,158.8228629,53.35788168,16.34043675,20.85027554,49.26502834,13.27557315,31.47085649,97.44032822,13.57124149,0,260.54,72.21234706,29.99981699,24.78474434,20.25735364,13.69359817,50.34145757,39.07953278,-7.674005072,-0.628557901,-10.98929169,28,11,16,16,10,18,6,-7.7055,88.6693,3,3,1,-6.59
pdb3o3p.ent,0.081761006,44.47738994,5.092967033,-0.215408805,35191.4396,615.423,13,21,339.69,-9.8813,9,12.35448675,-5.89063094,46.82051282,615.423,580.143,615.1565005,232,0.897435897,1.564102564,2.230769231,3.379396058,1.319489365,837.4288618,28.86107836,20.0340981,22.0340981,18.13666667,11.78395053,15.12786747,9.425119187,12.86143828,6.713381304,9.838646906,4.735136403,7.330639486,0.02,253378350.3,31.94474267,12.32511588,6.987698773,221.1061895,220.9289453,78.15118978,16.34043675,20.85027554,79.97092062,19.88245512,31.47085649,150.2858004,22.8318516,0,339.69,109.5251213,55.31933817,29.30849151,15.20739338,23.89818993,46.05371397,78.21748079,-17.81426366,-1.693562908,-11.65375217,39,14,21,21,13,23,9,-9.8813,121.3027,7,7,2,-7.46
pdb3mbo.ent,0.077956989,33.4688172,5.350049782,-0.030376344,41790.5612,412.225,8,14,230.69,-6.1268,6,11.41150846,-5.557601927,39.56,412.225,390.049,412.0658946,152,1.12,1.76,2.32,2.708668567,1.930886079,452.7920023,18.99119935,12.70437218,14.70437218,11.39446595,7.210788729,10.59367097,5.614326824,8.864184507,3.672337021,6.299250508,2.537019115,4.491726317,0.3,181258.6831,21.59839957,8.12284233,5.88870225,142.3080839,141.7135416,58.46440908,16.34043675,10.21669833,43.54035908,13.15163837,15.10361181,90.27742995,13.57124149,6.420821623,230.69,60.06685617,35.10634439,14.15116714,14.52368616,13.32945637,49.4838389,41.54735296,-7.787285584,-0.702921012,-10.98155274,25,8,14,14,8,16,6,-6.1268,77.4703,4,4,1,-6.74
pdb3mbo.ent,0.077747989,33.17828418,5.502264595,-0.057908847,41943.7232,412.225,8,14,230.69,-6.1268,6,11.41150846,-5.557601927,39.56,412.225,390.049,412.0658946,152,1.12,1.76,2.32,2.708668567,1.930886079,452.7920023,18.99119935,12.70437218,14.70437218,11.39446595,7.210788729,10.59367097,5.614326824,8.864184507,3.672337021,6.299250508,2.537019115,4.491726317,0.3,181258.6831,21.59839957,8.12284233,5.88870225,142.3080839,141.7135416,58.46440908,16.34043675,10.21669833,43.54035908,13.15163837,15.10361181,90.27742995,13.57124149,6.420821623,230.69,60.06685617,35.10634439,14.15116714,14.52368616,13.32945637,49.4838389,41.54735296,-7.787285584,-0.702921012,-10.98155274,25,8,14,14,8,16,6,-6.1268,77.4703,4,4,1,-6.79
pdb3mbo.ent,0.077333333,33.68613333,5.502264595,-0.0568,42170.9834,412.225,8,14,230.69,-6.1268,6,11.41150846,-5.557601927,39.56,412.225,390.049,412.0658946,152,1.12,1.76,2.32,2.708668567,1.930886079,452.7920023,18.99119935,12.70437218,14.70437218,11.39446595,7.210788729,10.59367097,5.614326824,8.864184507,3.672337021,6.299250508,2.537019115,4.491726317,0.3,181258.6831,21.59839957,8.12284233,5.88870225,142.3080839,141.7135416,58.46440908,16.34043675,10.21669833,43.54035908,13.15163837,15.10361181,90.27742995,13.57124149,6.420821623,230.69,60.06685617,35.10634439,14.15116714,14.52368616,13.32945637,49.4838389,41.54735296,-7.787285584,-0.702921012,-10.98155274,25,8,14,14,8,16,6,-6.1268,77.4703,4,4,1,-6.63
pdb3mbo.ent,0.073170732,33.31626016,5.424793053,-0.040921409,41349.0613,412.225,8,14,230.69,-6.1268,6,11.41150846,-5.557601927,39.56,412.225,390.049,412.0658946,152,1.12,1.76,2.32,2.708668567,1.930886079,452.7920023,18.99119935,12.70437218,14.70437218,11.39446595,7.210788729,10.59367097,5.614326824,8.864184507,3.672337021,6.299250508,2.537019115,4.491726317,0.3,181258.6831,21.59839957,8.12284233,5.88870225,142.3080839,141.7135416,58.46440908,16.34043675,10.21669833,43.54035908,13.15163837,15.10361181,90.27742995,13.57124149,6.420821623,230.69,60.06685617,35.10634439,14.15116714,14.52368616,13.32945637,49.4838389,41.54735296,-7.787285584,-0.702921012,-10.98155274,25,8,14,14,8,16,6,-6.1268,77.4703,4,4,1,-6.41
pdb3lw6.ent,0.112033195,44.35103734,8.815938759,-0.430290456,28297.1597,412.225,8,14,230.69,-6.1268,6,11.41150846,-5.557601927,39.56,412.225,390.049,412.0658946,152,1.12,1.76,2.32,2.708668567,1.930886079,452.7920023,18.99119935,12.70437218,14.70437218,11.39446595,7.210788729,10.59367097,5.614326824,8.864184507,3.672337021,6.299250508,2.537019115,4.491726317,0.3,181258.6831,21.59839957,8.12284233,5.88870225,142.3080839,141.7135416,58.46440908,16.34043675,10.21669833,43.54035908,13.15163837,15.10361181,90.27742995,13.57124149,6.420821623,230.69,60.06685617,35.10634439,14.15116714,14.52368616,13.32945637,49.4838389,41.54735296,-7.787285584,-0.702921012,-10.98155274,25,8,14,14,8,16,6,-6.1268,77.4703,4,4,1,-6.72
pdb3jt1.ent,0.093069307,44.8879604,6.143237877,-0.325940594,57192.7228,412.225,8,14,230.69,-6.1268,6,11.41150846,-5.557601927,39.56,412.225,390.049,412.0658946,152,1.12,1.76,2.32,2.708668567,1.930886079,452.7920023,18.99119935,12.70437218,14.70437218,11.39446595,7.210788729,10.59367097,5.614326824,8.864184507,3.672337021,6.299250508,2.537019115,4.491726317,0.3,181258.6831,21.59839957,8.12284233,5.88870225,142.3080839,141.7135416,58.46440908,16.34043675,10.21669833,43.54035908,13.15163837,15.10361181,90.27742995,13.57124149,6.420821623,230.69,60.06685617,35.10634439,14.15116714,14.52368616,13.32945637,49.4838389,41.54735296,-7.787285584,-0.702921012,-10.98155274,25,8,14,14,8,16,6,-6.1268,77.4703,4,4,1,-6.77
pdb3e3n.ent,0.100861009,37.10114391,7.151220512,-0.355473555,93794.3936,356.296,8,12,187.79,-5.803,4,10.78689356,-4.952840235,46.08695652,356.296,333.112,356.1340583,136,1.260869565,2,2.695652174,3.007280518,1.640854509,428.8942351,16.7756564,12.20093535,13.20093535,10.77667556,7.299498732,9.010422504,5.863655324,7.249293869,4.342579467,4.885296154,3.18282888,3.564207887,-0.05,165343.2902,17.76276782,6.689274512,3.64598546,132.3850682,131.7655178,34.15389971,8.170218376,20.85027554,42.91319239,19.94426434,26.57744489,87.75724446,9.260610116,0,187.79,39.31690067,15.10646639,20.47411297,20.25735364,9.955578887,30.07731938,29.66112874,-4.918837567,0.346269196,-4.952840235,23,9,12,12,8,13,4,-5.803,75.9107,2,2,1,-5.36
pdb3e3n.ent,0.100737101,37.21183047,7.151732063,-0.357002457,93891.5088,356.296,8,12,187.79,-5.803,4,10.78689356,-4.952840235,46.08695652,356.296,333.112,356.1340583,136,1.260869565,2,2.695652174,3.007280518,1.640854509,428.8942351,16.7756564,12.20093535,13.20093535,10.77667556,7.299498732,9.010422504,5.863655324,7.249293869,4.342579467,4.885296154,3.18282888,3.564207887,-0.05,165343.2902,17.76276782,6.689274512,3.64598546,132.3850682,131.7655178,34.15389971,8.170218376,20.85027554,42.91319239,19.94426434,26.57744489,87.75724446,9.260610116,0,187.79,39.31690067,15.10646639,20.47411297,20.25735364,9.955578887,30.07731938,29.66112874,-4.918837567,0.346269196,-4.952840235,23,9,12,12,8,13,4,-5.803,75.9107,2,2,1,-5.17
pdb3e3n.ent,0.100861009,37.10114391,7.151220512,-0.355473555,93794.3936,356.296,8,12,187.79,-5.803,4,10.78689356,-4.952840235,46.08695652,356.296,333.112,356.1340583,136,1.260869565,2,2.695652174,3.007280518,1.640854509,428.8942351,16.7756564,12.20093535,13.20093535,10.77667556,7.299498732,9.010422504,5.863655324,7.249293869,4.342579467,4.885296154,3.18282888,3.564207887,-0.05,165343.2902,17.76276782,6.689274512,3.64598546,132.3850682,131.7655178,34.15389971,8.170218376,20.85027554,42.91319239,19.94426434,26.57744489,87.75724446,9.260610116,0,187.79,39.31690067,15.10646639,20.47411297,20.25735364,9.955578887,30.07731938,29.66112874,-4.918837567,0.346269196,-4.952840235,23,9,12,12,8,13,4,-5.803,75.9107,2,2,1,-5.33
pdb3e3n.ent,0.100737101,37.21183047,7.151732063,-0.357002457,93891.5088,356.296,8,12,187.79,-5.803,4,10.78689356,-4.952840235,46.08695652,356.296,333.112,356.1340583,136,1.260869565,2,2.695652174,3.007280518,1.640854509,428.8942351,16.7756564,12.20093535,13.20093535,10.77667556,7.299498732,9.010422504,5.863655324,7.249293869,4.342579467,4.885296154,3.18282888,3.564207887,-0.05,165343.2902,17.76276782,6.689274512,3.64598546,132.3850682,131.7655178,34.15389971,8.170218376,20.85027554,42.91319239,19.94426434,26.57744489,87.75724446,9.260610116,0,187.79,39.31690067,15.10646639,20.47411297,20.25735364,9.955578887,30.07731938,29.66112874,-4.918837567,0.346269196,-4.952840235,23,9,12,12,8,13,4,-5.803,75.9107,2,2,1,-5.22
pdb3e3n.ent,0.100861009,37.10114391,7.151220512,-0.355473555,93794.3936,356.296,8,12,187.79,-5.803,4,10.78689356,-4.952840235,46.08695652,356.296,333.112,356.1340583,136,1.260869565,2,2.695652174,3.007280518,1.640854509,428.8942351,16.7756564,12.20093535,13.20093535,10.77667556,7.299498732,9.010422504,5.863655324,7.249293869,4.342579467,4.885296154,3.18282888,3.564207887,-0.05,165343.2902,17.76276782,6.689274512,3.64598546,132.3850682,131.7655178,34.15389971,8.170218376,20.85027554,42.91319239,19.94426434,26.57744489,87.75724446,9.260610116,0,187.79,39.31690067,15.10646639,20.47411297,20.25735364,9.955578887,30.07731938,29.66112874,-4.918837567,0.346269196,-4.952840235,23,9,12,12,8,13,4,-5.803,75.9107,2,2,1,-5.56
pdb3e3n.ent,0.100861009,37.10114391,7.151220512,-0.355473555,93794.3936,356.296,8,12,187.79,-5.803,4,10.78689356,-4.952840235,46.08695652,356.296,333.112,356.1340583,136,1.260869565,2,2.695652174,3.007280518,1.640854509,428.8942351,16.7756564,12.20093535,13.20093535,10.77667556,7.299498732,9.010422504,5.863655324,7.249293869,4.342579467,4.885296154,3.18282888,3.564207887,-0.05,165343.2902,17.76276782,6.689274512,3.64598546,132.3850682,131.7655178,34.15389971,8.170218376,20.85027554,42.91319239,19.94426434,26.57744489,87.75724446,9.260610116,0,187.79,39.31690067,15.10646639,20.47411297,20.25735364,9.955578887,30.07731938,29.66112874,-4.918837567,0.346269196,-4.952840235,23,9,12,12,8,13,4,-5.803,75.9107,2,2,1,-5.21
pdb3e3n.ent,0.100861009,37.10114391,7.151220512,-0.355473555,93794.3936,356.296,8,12,187.79,-5.803,4,10.78689356,-4.952840235,46.08695652,356.296,333.112,356.1340583,136,1.260869565,2,2.695652174,3.007280518,1.640854509,428.8942351,16.7756564,12.20093535,13.20093535,10.77667556,7.299498732,9.010422504,5.863655324,7.249293869,4.342579467,4.885296154,3.18282888,3.564207887,-0.05,165343.2902,17.76276782,6.689274512,3.64598546,132.3850682,131.7655178,34.15389971,8.170218376,20.85027554,42.91319239,19.94426434,26.57744489,87.75724446,9.260610116,0,187.79,39.31690067,15.10646639,20.47411297,20.25735364,9.955578887,30.07731938,29.66112874,-4.918837567,0.346269196,-4.952840235,23,9,12,12,8,13,4,-5.803,75.9107,2,2,1,-5.3
pdb3e3n.ent,0.100861009,37.10114391,7.151220512,-0.355473555,93794.3936,356.296,8,12,187.79,-5.803,4,10.78689356,-4.952840235,46.08695652,356.296,333.112,356.1340583,136,1.260869565,2,2.695652174,3.007280518,1.640854509,428.8942351,16.7756564,12.20093535,13.20093535,10.77667556,7.299498732,9.010422504,5.863655324,7.249293869,4.342579467,4.885296154,3.18282888,3.564207887,-0.05,165343.2902,17.76276782,6.689274512,3.64598546,132.3850682,131.7655178,34.15389971,8.170218376,20.85027554,42.91319239,19.94426434,26.57744489,87.75724446,9.260610116,0,187.79,39.31690067,15.10646639,20.47411297,20.25735364,9.955578887,30.07731938,29.66112874,-4.918837567,0.346269196,-4.952840235,23,9,12,12,8,13,4,-5.803,75.9107,2,2,1,-5.22
pdb3e25.ent,0.055555556,40.47451852,4.99867115,0.193703704,29154.2903,412.225,8,14,230.69,-6.1268,6,11.41150846,-5.557601927,39.56,412.225,390.049,412.0658946,152,1.12,1.76,2.32,2.708668567,1.930886079,452.7920023,18.99119935,12.70437218,14.70437218,11.39446595,7.210788729,10.59367097,5.614326824,8.864184507,3.672337021,6.299250508,2.537019115,4.491726317,0.3,181258.6831,21.59839957,8.12284233,5.88870225,142.3080839,141.7135416,58.46440908,16.34043675,10.21669833,43.54035908,13.15163837,15.10361181,90.27742995,13.57124149,6.420821623,230.69,60.06685617,35.10634439,14.15116714,14.52368616,13.32945637,49.4838389,41.54735296,-7.787285584,-0.702921012,-10.98155274,25,8,14,14,8,16,6,-6.1268,77.4703,4,4,1,-6.78
pdb3cx4.ent,0.109243697,38.69014706,6.142783165,0.021848739,52635.5528,332.246,8,11,175.34,-4.2739,4,9.943468443,-4.741659148,43.19047619,332.246,311.078,332.0984669,126,1.142857143,1.80952381,2.380952381,2.63559112,1.957558821,356.6002527,15.78409257,10.9796273,11.9796273,9.687359167,6.394292148,8.144181225,5.013783046,6.450180738,3.421654696,3.975619698,2.346035531,2.733908755,-0.01,36879.82654,17.34552975,6.62366093,4.255676924,120.1748097,119.4458687,44.3669545,8.170218376,10.21669833,43.54035908,13.15163837,5.316788604,90.27742995,9.260610116,6.420821623,175.34,51.8966378,20.42610958,9.840535766,19.41709776,9.71903804,27.56138307,41.3285765,-6.840039192,-0.33285482,-4.741659148,21,8,11,11,8,12,4,-4.2739,68.0703,4,4,1,-6.64
pdb3ckv.ent,0.053333333,37.04036667,5.043630791,0.017,32277.4855,412.225,8,14,230.69,-6.1268,6,11.41150846,-5.557601927,39.56,412.225,390.049,412.0658946,152,1.12,1.76,2.32,2.708668567,1.930886079,452.7920023,18.99119935,12.70437218,14.70437218,11.39446595,7.210788729,10.59367097,5.614326824,8.864184507,3.672337021,6.299250508,2.537019115,4.491726317,0.3,181258.6831,21.59839957,8.12284233,5.88870225,142.3080839,141.7135416,58.46440908,16.34043675,10.21669833,43.54035908,13.15163837,15.10361181,90.27742995,13.57124149,6.420821623,230.69,60.06685617,35.10634439,14.15116714,14.52368616,13.32945637,49.4838389,41.54735296,-7.787285584,-0.702921012,-10.98155274,25,8,14,14,8,16,6,-6.1268,77.4703,4,4,1,-6.87
pdb3ckq.ent,0.052980132,37.26990066,5.043630791,0.028145695,32447.6944,574.366,11,19,309.84,-8.3026,9,12.21890479,-5.886253981,44.05555556,574.366,542.11,574.118718,216,0.861111111,1.5,2.111111111,3.055525205,1.546915006,723.5528683,26.99927104,18.45636767,20.45636767,16.65350342,10.73081892,14.07473585,8.4048342,11.84115329,5.78189322,8.907158822,3.867565033,6.463068116,0.1,41785932.71,30.63878108,12.09103866,7.186870793,204.1016972,203.819624,83.25771717,16.34043675,10.21669833,74.24625136,19.75852033,15.10361181,143.1229022,22.8318516,6.420821623,309.84,97.37963042,55.31933817,18.6749143,14.5802533,23.4629234,45.2772329,80.67692563,-17.94348998,-1.772023168,-11.64601323,36,11,19,19,11,21,9,-8.3026,110.1037,8,8,2,-8.09
pdb3ckn.ent,0.053333333,37.04036667,5.043630791,0.017,32277.4855,412.225,8,14,230.69,-6.1268,6,11.41150846,-5.557601927,39.56,412.225,390.049,412.0658946,152,1.12,1.76,2.32,2.708668567,1.930886079,452.7920023,18.99119935,12.70437218,14.70437218,11.39446595,7.210788729,10.59367097,5.614326824,8.864184507,3.672337021,6.299250508,2.537019115,4.491726317,0.3,181258.6831,21.59839957,8.12284233,5.88870225,142.3080839,141.7135416,58.46440908,16.34043675,10.21669833,43.54035908,13.15163837,15.10361181,90.27742995,13.57124149,6.420821623,230.69,60.06685617,35.10634439,14.15116714,14.52368616,13.32945637,49.4838389,41.54735296,-7.787285584,-0.702921012,-10.98155274,25,8,14,14,8,16,6,-6.1268,77.4703,4,4,1,-6.98
pdb3c4v.ent,0.061068702,42.10992366,5.163504219,-0.145801527,43016.2165,412.225,8,14,230.69,-6.1268,6,11.41150846,-5.557601927,39.56,412.225,390.049,412.0658946,152,1.12,1.76,2.32,2.708668567,1.930886079,452.7920023,18.99119935,12.70437218,14.70437218,11.39446595,7.210788729,10.59367097,5.614326824,8.864184507,3.672337021,6.299250508,2.537019115,4.491726317,0.3,181258.6831,21.59839957,8.12284233,5.88870225,142.3080839,141.7135416,58.46440908,16.34043675,10.21669833,43.54035908,13.15163837,15.10361181,90.27742995,13.57124149,6.420821623,230.69,60.06685617,35.10634439,14.15116714,14.52368616,13.32945637,49.4838389,41.54735296,-7.787285584,-0.702921012,-10.98155274,25,8,14,14,8,16,6,-6.1268,77.4703,4,4,1,-7.16
pdb3c4v.ent,0.061068702,42.49236641,5.163504219,-0.14605598,43002.1899,412.225,8,14,230.69,-6.1268,6,11.41150846,-5.557601927,39.56,412.225,390.049,412.0658946,152,1.12,1.76,2.32,2.708668567,1.930886079,452.7920023,18.99119935,12.70437218,14.70437218,11.39446595,7.210788729,10.59367097,5.614326824,8.864184507,3.672337021,6.299250508,2.537019115,4.491726317,0.3,181258.6831,21.59839957,8.12284233,5.88870225,142.3080839,141.7135416,58.46440908,16.34043675,10.21669833,43.54035908,13.15163837,15.10361181,90.27742995,13.57124149,6.420821623,230.69,60.06685617,35.10634439,14.15116714,14.52368616,13.32945637,49.4838389,41.54735296,-7.787285584,-0.702921012,-10.98155274,25,8,14,14,8,16,6,-6.1268,77.4703,4,4,1,-6.99
pdb2zwi.ent,0.105405405,45.74197297,5.161060143,-0.359189189,42376.5271,330.254,7,11,183.96,-4.9395,4,10.67352235,-4.975130222,43.19047619,330.254,309.086,330.1071748,126,1.333333333,2,2.571428571,2.63559112,1.957558821,358.3746902,15.78409257,11.07079867,12.07079867,9.687359167,6.44994394,8.160867711,5.079098769,6.464737313,3.475287206,4.018003893,2.378988625,2.760367631,-0.01,36879.82654,17.34552975,6.62366093,4.255676924,120.7204667,120.0108832,39.26042711,8.170218376,10.21669833,43.47823352,13.15163837,15.94386768,80.21536539,9.260610116,6.420821623,183.96,51.83451224,20.21299379,9.840535766,20.25735364,9.640965477,29.34896615,32.29611011,-5.973149334,-0.258009141,-4.975130222,21,8,11,11,7,12,4,-4.9395,67.8201,3,3,1,-6.77
pdb2zwi.ent,0.104557641,45.9255496,5.08864727,-0.3769437,42720.8476,330.254,7,11,183.96,-4.9395,4,10.67352235,-4.975130222,43.19047619,330.254,309.086,330.1071748,126,1.333333333,2,2.571428571,2.63559112,1.957558821,358.3746902,15.78409257,11.07079867,12.07079867,9.687359167,6.44994394,8.160867711,5.079098769,6.464737313,3.475287206,4.018003893,2.378988625,2.760367631,-0.01,36879.82654,17.34552975,6.62366093,4.255676924,120.7204667,120.0108832,39.26042711,8.170218376,10.21669833,43.47823352,13.15163837,15.94386768,80.21536539,9.260610116,6.420821623,183.96,51.83451224,20.21299379,9.840535766,20.25735364,9.640965477,29.34896615,32.29611011,-5.973149334,-0.258009141,-4.975130222,21,8,11,11,7,12,4,-4.9395,67.8201,3,3,1,-6.78
pdb2zu8.ent,0.092178771,22.48662011,5.869558144,-0.197765363,40681.2181,615.423,13,21,339.69,-9.8813,9,12.35448675,-5.89063094,46.82051282,615.423,580.143,615.1565005,232,0.897435897,1.564102564,2.230769231,3.379396058,1.319489365,837.4288618,28.86107836,20.0340981,22.0340981,18.13666667,11.78395053,15.12786747,9.425119187,12.86143828,6.713381304,9.838646906,4.735136403,7.330639486,0.02,253378350.3,31.94474267,12.32511588,6.987698773,221.1061895,220.9289453,78.15118978,16.34043675,20.85027554,79.97092062,19.88245512,31.47085649,150.2858004,22.8318516,0,339.69,109.5251213,55.31933817,29.30849151,15.20739338,23.89818993,46.05371397,78.21748079,-17.81426366,-1.693562908,-11.65375217,39,14,21,21,13,23,9,-9.8813,121.3027,7,7,2,-7.55
pdb2zu8.ent,0.087570621,24.16274011,5.716945457,-0.232485876,40223.6079,615.423,13,21,339.69,-9.8813,9,12.35448675,-5.89063094,46.82051282,615.423,580.143,615.1565005,232,0.897435897,1.564102564,2.230769231,3.379396058,1.319489365,837.4288618,28.86107836,20.0340981,22.0340981,18.13666667,11.78395053,15.12786747,9.425119187,12.86143828,6.713381304,9.838646906,4.735136403,7.330639486,0.02,253378350.3,31.94474267,12.32511588,6.987698773,221.1061895,220.9289453,78.15118978,16.34043675,20.85027554,79.97092062,19.88245512,31.47085649,150.2858004,22.8318516,0,339.69,109.5251213,55.31933817,29.30849151,15.20739338,23.89818993,46.05371397,78.21748079,-17.81426366,-1.693562908,-11.65375217,39,14,21,21,13,23,9,-9.8813,121.3027,7,7,2,-7.45
pdb2z4t.ent,0.097363083,31.17545639,4.959622765,-0.355780933,56141.6472,330.254,7,11,183.96,-4.9395,4,10.67352235,-4.975130222,43.19047619,330.254,309.086,330.1071748,126,1.333333333,2,2.571428571,2.63559112,1.957558821,358.3746902,15.78409257,11.07079867,12.07079867,9.687359167,6.44994394,8.160867711,5.079098769,6.464737313,3.475287206,4.018003893,2.378988625,2.760367631,-0.01,36879.82654,17.34552975,6.62366093,4.255676924,120.7204667,120.0108832,39.26042711,8.170218376,10.21669833,43.47823352,13.15163837,15.94386768,80.21536539,9.260610116,6.420821623,183.96,51.83451224,20.21299379,9.840535766,20.25735364,9.640965477,29.34896615,32.29611011,-5.973149334,-0.258009141,-4.975130222,21,8,11,11,7,12,4,-4.9395,67.8201,3,3,1,-7
pdb2yk7.ent,0.133540373,37.70220497,8.432674217,-0.275465839,37010.1613,643.532,14,20,335.83,-8.7998,12,15.5136689,-6.028466456,42.95238095,643.532,602.204,643.2244697,250,1.166666667,1.80952381,2.357142857,3.186431498,1.771230481,872.8947214,31.73132185,22.27445023,23.27445023,19.45093837,12.9650166,14.63697506,10.33537476,11.8758966,7.195980161,8.304437886,4.98952589,6.092611471,-0.44,646192646.4,36.03260737,14.32794434,7.67218078,238.4368893,238.2960171,83.76373243,8.170218376,15.53348694,105.3363916,19.75852033,21.26065629,172.6089483,18.52122023,13.34455882,335.83,113.375815,60.85209715,10.63357721,24.25488771,35.61142587,24.48348136,105.5637912,-24.39297455,-0.861552265,-6.028466456,42,15,20,20,14,22,12,-8.7998,131.1226,10,9,2,-7.15
pdb2y4m.ent,0.116710875,37.80692308,5.914915657,-0.31061008,44019.6769,615.423,13,21,339.69,-9.8813,9,12.35448675,-5.89063094,46.82051282,615.423,580.143,615.1565005,232,0.897435897,1.564102564,2.230769231,3.379396058,1.319489365,837.4288618,28.86107836,20.0340981,22.0340981,18.13666667,11.78395053,15.12786747,9.425119187,12.86143828,6.713381304,9.838646906,4.735136403,7.330639486,0.02,253378350.3,31.94474267,12.32511588,6.987698773,221.1061895,220.9289453,78.15118978,16.34043675,20.85027554,79.97092062,19.88245512,31.47085649,150.2858004,22.8318516,0,339.69,109.5251213,55.31933817,29.30849151,15.20739338,23.89818993,46.05371397,78.21748079,-17.81426366,-1.693562908,-11.65375217,39,14,21,21,13,23,9,-9.8813,121.3027,7,7,2,-8.01
pdb2y4m.ent,0.118421053,37.68871053,5.914858818,-0.313684211,44296.9527,615.423,13,21,339.69,-9.8813,9,12.35448675,-5.89063094,46.82051282,615.423,580.143,615.1565005,232,0.897435897,1.564102564,2.230769231,3.379396058,1.319489365,837.4288618,28.86107836,20.0340981,22.0340981,18.13666667,11.78395053,15.12786747,9.425119187,12.86143828,6.713381304,9.838646906,4.735136403,7.330639486,0.02,253378350.3,31.94474267,12.32511588,6.987698773,221.1061895,220.9289453,78.15118978,16.34043675,20.85027554,79.97092062,19.88245512,31.47085649,150.2858004,22.8318516,0,339.69,109.5251213,55.31933817,29.30849151,15.20739338,23.89818993,46.05371397,78.21748079,-17.81426366,-1.693562908,-11.65375217,39,14,21,21,13,23,9,-9.8813,121.3027,7,7,2,-8.06
pdb2y4l.ent,0.118421053,37.68871053,5.914858818,-0.313684211,44296.9527,453.282,10,16,260.54,-7.7055,6,11.54709042,-5.561978886,43.89285714,453.282,428.082,453.103677,168,1.142857143,1.821428571,2.464285714,3.060680238,1.61221445,558.3448456,20.85300667,14.28210261,16.28210261,12.8776292,8.263920344,11.64680258,6.634611811,9.884469494,4.603825105,7.230738592,3.404590485,5.359297687,0.22,1122914.608,22.89519417,8.392696728,5.09362707,159.3125762,158.8228629,53.35788168,16.34043675,20.85027554,49.26502834,13.27557315,31.47085649,97.44032822,13.57124149,0,260.54,72.21234706,29.99981699,24.78474434,20.25735364,13.69359817,50.34145757,39.07953278,-7.674005072,-0.628557901,-10.98929169,28,11,16,16,10,18,6,-7.7055,88.6693,3,3,1,-6.67
pdb2y4l.ent,0.119363395,37.90904509,5.799703026,-0.300530504,43932.5498,453.282,10,16,260.54,-7.7055,6,11.54709042,-5.561978886,43.89285714,453.282,428.082,453.103677,168,1.142857143,1.821428571,2.464285714,3.060680238,1.61221445,558.3448456,20.85300667,14.28210261,16.28210261,12.8776292,8.263920344,11.64680258,6.634611811,9.884469494,4.603825105,7.230738592,3.404590485,5.359297687,0.22,1122914.608,22.89519417,8.392696728,5.09362707,159.3125762,158.8228629,53.35788168,16.34043675,20.85027554,49.26502834,13.27557315,31.47085649,97.44032822,13.57124149,0,260.54,72.21234706,29.99981699,24.78474434,20.25735364,13.69359817,50.34145757,39.07953278,-7.674005072,-0.628557901,-10.98929169,28,11,16,16,10,18,6,-7.7055,88.6693,3,3,1,-6.49
pdb2y4k.ent,0.118421053,37.68871053,5.914858818,-0.313684211,44296.9527,453.282,10,16,260.54,-7.7055,6,11.54709042,-5.561978886,43.89285714,453.282,428.082,453.103677,168,1.142857143,1.821428571,2.464285714,3.060680238,1.61221445,558.3448456,20.85300667,14.28210261,16.28210261,12.8776292,8.263920344,11.64680258,6.634611811,9.884469494,4.603825105,7.230738592,3.404590485,5.359297687,0.22,1122914.608,22.89519417,8.392696728,5.09362707,159.3125762,158.8228629,53.35788168,16.34043675,20.85027554,49.26502834,13.27557315,31.47085649,97.44032822,13.57124149,0,260.54,72.21234706,29.99981699,24.78474434,20.25735364,13.69359817,50.34145757,39.07953278,-7.674005072,-0.628557901,-10.98929169,28,11,16,16,10,18,6,-7.7055,88.6693,3,3,1,-6.47
pdb2y4k.ent,0.119047619,38.05981481,5.794019127,-0.314285714,44004.5727,453.282,10,16,260.54,-7.7055,6,11.54709042,-5.561978886,43.89285714,453.282,428.082,453.103677,168,1.142857143,1.821428571,2.464285714,3.060680238,1.61221445,558.3448456,20.85300667,14.28210261,16.28210261,12.8776292,8.263920344,11.64680258,6.634611811,9.884469494,4.603825105,7.230738592,3.404590485,5.359297687,0.22,1122914.608,22.89519417,8.392696728,5.09362707,159.3125762,158.8228629,53.35788168,16.34043675,20.85027554,49.26502834,13.27557315,31.47085649,97.44032822,13.57124149,0,260.54,72.21234706,29.99981699,24.78474434,20.25735364,13.69359817,50.34145757,39.07953278,-7.674005072,-0.628557901,-10.98929169,28,11,16,16,10,18,6,-7.7055,88.6693,3,3,1,-6.66
pdb2xmp.ent,0.104116223,45.43174334,6.267942619,-0.280145278,47792.5717,412.225,8,14,230.69,-6.1268,6,11.41150846,-5.557601927,39.56,412.225,390.049,412.0658946,152,1.12,1.76,2.32,2.708668567,1.930886079,452.7920023,18.99119935,12.70437218,14.70437218,11.39446595,7.210788729,10.59367097,5.614326824,8.864184507,3.672337021,6.299250508,2.537019115,4.491726317,0.3,181258.6831,21.59839957,8.12284233,5.88870225,142.3080839,141.7135416,58.46440908,16.34043675,10.21669833,43.54035908,13.15163837,15.10361181,90.27742995,13.57124149,6.420821623,230.69,60.06685617,35.10634439,14.15116714,14.52368616,13.32945637,49.4838389,41.54735296,-7.787285584,-0.702921012,-10.98155274,25,8,14,14,8,16,6,-6.1268,77.4703,4,4,1,-6.42
pdb2xmp.ent,0.104116223,45.43174334,6.267942619,-0.280145278,47792.5717,412.225,8,14,230.69,-6.1268,6,11.41150846,-5.557601927,39.56,412.225,390.049,412.0658946,152,1.12,1.76,2.32,2.708668567,1.930886079,452.7920023,18.99119935,12.70437218,14.70437218,11.39446595,7.210788729,10.59367097,5.614326824,8.864184507,3.672337021,6.299250508,2.537019115,4.491726317,0.3,181258.6831,21.59839957,8.12284233,5.88870225,142.3080839,141.7135416,58.46440908,16.34043675,10.21669833,43.54035908,13.15163837,15.10361181,90.27742995,13.57124149,6.420821623,230.69,60.06685617,35.10634439,14.15116714,14.52368616,13.32945637,49.4838389,41.54735296,-7.787285584,-0.702921012,-10.98155274,25,8,14,14,8,16,6,-6.1268,77.4703,4,4,1,-6.48
pdb2xcu.ent,0.113314448,29.22354108,9.418589211,-0.139093484,40699.5253,330.254,7,11,183.96,-4.9395,4,10.67352235,-4.975130222,43.19047619,330.254,309.086,330.1071748,126,1.333333333,2,2.571428571,2.63559112,1.957558821,358.3746902,15.78409257,11.07079867,12.07079867,9.687359167,6.44994394,8.160867711,5.079098769,6.464737313,3.475287206,4.018003893,2.378988625,2.760367631,-0.01,36879.82654,17.34552975,6.62366093,4.255676924,120.7204667,120.0108832,39.26042711,8.170218376,10.21669833,43.47823352,13.15163837,15.94386768,80.21536539,9.260610116,6.420821623,183.96,51.83451224,20.21299379,9.840535766,20.25735364,9.640965477,29.34896615,32.29611011,-5.973149334,-0.258009141,-4.975130222,21,8,11,11,7,12,4,-4.9395,67.8201,3,3,1,-6.27
pdb2xcu.ent,0.113636364,29.27815341,9.418266869,-0.130397727,40562.386,330.254,7,11,183.96,-4.9395,4,10.67352235,-4.975130222,43.19047619,330.254,309.086,330.1071748,126,1.333333333,2,2.571428571,2.63559112,1.957558821,358.3746902,15.78409257,11.07079867,12.07079867,9.687359167,6.44994394,8.160867711,5.079098769,6.464737313,3.475287206,4.018003893,2.378988625,2.760367631,-0.01,36879.82654,17.34552975,6.62366093,4.255676924,120.7204667,120.0108832,39.26042711,8.170218376,10.21669833,43.47823352,13.15163837,15.94386768,80.21536539,9.260610116,6.420821623,183.96,51.83451224,20.21299379,9.840535766,20.25735364,9.640965477,29.34896615,32.29611011,-5.973149334,-0.258009141,-4.975130222,21,8,11,11,7,12,4,-4.9395,67.8201,3,3,1,-6.32
pdb2xcu.ent,0.113314448,29.22354108,9.418589211,-0.139093484,40699.5253,330.254,7,11,183.96,-4.9395,4,10.67352235,-4.975130222,43.19047619,330.254,309.086,330.1071748,126,1.333333333,2,2.571428571,2.63559112,1.957558821,358.3746902,15.78409257,11.07079867,12.07079867,9.687359167,6.44994394,8.160867711,5.079098769,6.464737313,3.475287206,4.018003893,2.378988625,2.760367631,-0.01,36879.82654,17.34552975,6.62366093,4.255676924,120.7204667,120.0108832,39.26042711,8.170218376,10.21669833,43.47823352,13.15163837,15.94386768,80.21536539,9.260610116,6.420821623,183.96,51.83451224,20.21299379,9.840535766,20.25735364,9.640965477,29.34896615,32.29611011,-5.973149334,-0.258009141,-4.975130222,21,8,11,11,7,12,4,-4.9395,67.8201,3,3,1,-6.28
pdb2xcu.ent,0.113636364,29.27815341,9.418266869,-0.130397727,40562.386,330.254,7,11,183.96,-4.9395,4,10.67352235,-4.975130222,43.19047619,330.254,309.086,330.1071748,126,1.333333333,2,2.571428571,2.63559112,1.957558821,358.3746902,15.78409257,11.07079867,12.07079867,9.687359167,6.44994394,8.160867711,5.079098769,6.464737313,3.475287206,4.018003893,2.378988625,2.760367631,-0.01,36879.82654,17.34552975,6.62366093,4.255676924,120.7204667,120.0108832,39.26042711,8.170218376,10.21669833,43.47823352,13.15163837,15.94386768,80.21536539,9.260610116,6.420821623,183.96,51.83451224,20.21299379,9.840535766,20.25735364,9.640965477,29.34896615,32.29611011,-5.973149334,-0.258009141,-4.975130222,21,8,11,11,7,12,4,-4.9395,67.8201,3,3,1,-6.39
pdb2xa2.ent,0.104116223,45.43174334,6.267942619,-0.280145278,47792.5717,574.366,11,19,309.84,-8.3026,9,12.21890479,-5.886253981,44.05555556,574.366,542.11,574.118718,216,0.861111111,1.5,2.111111111,3.055525205,1.546915006,723.5528683,26.99927104,18.45636767,20.45636767,16.65350342,10.73081892,14.07473585,8.4048342,11.84115329,5.78189322,8.907158822,3.867565033,6.463068116,0.1,41785932.71,30.63878108,12.09103866,7.186870793,204.1016972,203.819624,83.25771717,16.34043675,10.21669833,74.24625136,19.75852033,15.10361181,143.1229022,22.8318516,6.420821623,309.84,97.37963042,55.31933817,18.6749143,14.5802533,23.4629234,45.2772329,80.67692563,-17.94348998,-1.772023168,-11.64601323,36,11,19,19,11,21,9,-8.3026,110.1037,8,8,2,-7.62
pdb2xa2.ent,0.104116223,45.43174334,6.267942619,-0.280145278,47792.5717,574.366,11,19,309.84,-8.3026,9,12.21890479,-5.886253981,44.05555556,574.366,542.11,574.118718,216,0.861111111,1.5,2.111111111,3.055525205,1.546915006,723.5528683,26.99927104,18.45636767,20.45636767,16.65350342,10.73081892,14.07473585,8.4048342,11.84115329,5.78189322,8.907158822,3.867565033,6.463068116,0.1,41785932.71,30.63878108,12.09103866,7.186870793,204.1016972,203.819624,83.25771717,16.34043675,10.21669833,74.24625136,19.75852033,15.10361181,143.1229022,22.8318516,6.420821623,309.84,97.37963042,55.31933817,18.6749143,14.5802533,23.4629234,45.2772329,80.67692563,-17.94348998,-1.772023168,-11.64601323,36,11,19,19,11,21,9,-8.3026,110.1037,8,8,2,-7.68
pdb2x0e.ent,0.130319149,43.81946809,8.329911613,-0.346542553,43617.3893,410.253,7,13,210.46,-4.8516,6,11.43547108,-5.502394355,39.56,410.253,386.061,410.08663,152,1.24,1.88,2.48,2.790403366,1.885578281,453.0678486,18.99119935,13.25715858,15.25715858,11.3776292,7.513103356,10.8959856,6.076894318,9.326752001,3.937765595,6.564679082,2.675244887,4.629952089,0.34,184442.8721,21.63795519,8.147990042,6.178677591,143.8787923,143.3446911,53.35788168,16.34043675,10.21669833,44.36012989,13.15163837,15.10361181,79.06693616,13.57124149,13.34455882,210.46,53.96288979,29.99981699,14.15116714,14.52368616,13.64914615,49.85334714,32.08888152,-5.002938101,1.35986321,-10.8336961,25,7,13,13,7,15,6,-4.8516,80.6275,3,3,1,-7.39
pdb2x0e.ent,0.132275132,44.80296296,8.309475136,-0.325396825,43877.7207,410.253,7,13,210.46,-4.8516,6,11.43547108,-5.502394355,39.56,410.253,386.061,410.08663,152,1.24,1.88,2.48,2.790403366,1.885578281,453.0678486,18.99119935,13.25715858,15.25715858,11.3776292,7.513103356,10.8959856,6.076894318,9.326752001,3.937765595,6.564679082,2.675244887,4.629952089,0.34,184442.8721,21.63795519,8.147990042,6.178677591,143.8787923,143.3446911,53.35788168,16.34043675,10.21669833,44.36012989,13.15163837,15.10361181,79.06693616,13.57124149,13.34455882,210.46,53.96288979,29.99981699,14.15116714,14.52368616,13.64914615,49.85334714,32.08888152,-5.002938101,1.35986321,-10.8336961,25,7,13,13,7,15,6,-4.8516,80.6275,3,3,1,-7.29
pdb2wzf.ent,0.097087379,46.76935922,6.579079247,-0.358446602,58493.1408,412.225,8,14,230.69,-6.1268,6,11.41150846,-5.557601927,39.56,412.225,390.049,412.0658946,152,1.12,1.76,2.32,2.708668567,1.930886079,452.7920023,18.99119935,12.70437218,14.70437218,11.39446595,7.210788729,10.59367097,5.614326824,8.864184507,3.672337021,6.299250508,2.537019115,4.491726317,0.3,181258.6831,21.59839957,8.12284233,5.88870225,142.3080839,141.7135416,58.46440908,16.34043675,10.21669833,43.54035908,13.15163837,15.10361181,90.27742995,13.57124149,6.420821623,230.69,60.06685617,35.10634439,14.15116714,14.52368616,13.32945637,49.4838389,41.54735296,-7.787285584,-0.702921012,-10.98155274,25,8,14,14,8,16,6,-6.1268,77.4703,4,4,1,-7.13
pdb2wvl.ent,0.072727273,50.4787013,5.765883827,-0.132987013,42877.5936,615.423,13,21,339.69,-9.8813,9,12.35448675,-5.89063094,46.82051282,615.423,580.143,615.1565005,232,0.897435897,1.564102564,2.230769231,3.379396058,1.319489365,837.4288618,28.86107836,20.0340981,22.0340981,18.13666667,11.78395053,15.12786747,9.425119187,12.86143828,6.713381304,9.838646906,4.735136403,7.330639486,0.02,253378350.3,31.94474267,12.32511588,6.987698773,221.1061895,220.9289453,78.15118978,16.34043675,20.85027554,79.97092062,19.88245512,31.47085649,150.2858004,22.8318516,0,339.69,109.5251213,55.31933817,29.30849151,15.20739338,23.89818993,46.05371397,78.21748079,-17.81426366,-1.693562908,-11.65375217,39,14,21,21,13,23,9,-9.8813,121.3027,7,7,2,-7
pdb2wvl.ent,0.070680628,50.96910995,5.680966377,-0.116230366,42489.1329,615.423,13,21,339.69,-9.8813,9,12.35448675,-5.89063094,46.82051282,615.423,580.143,615.1565005,232,0.897435897,1.564102564,2.230769231,3.379396058,1.319489365,837.4288618,28.86107836,20.0340981,22.0340981,18.13666667,11.78395053,15.12786747,9.425119187,12.86143828,6.713381304,9.838646906,4.735136403,7.330639486,0.02,253378350.3,31.94474267,12.32511588,6.987698773,221.1061895,220.9289453,78.15118978,16.34043675,20.85027554,79.97092062,19.88245512,31.47085649,150.2858004,22.8318516,0,339.69,109.5251213,55.31933817,29.30849151,15.20739338,23.89818993,46.05371397,78.21748079,-17.81426366,-1.693562908,-11.65375217,39,14,21,21,13,23,9,-9.8813,121.3027,7,7,2,-7.08
pdb2wtx.ent,0.103070175,32.19890351,6.241796684,-0.265789474,51621.2337,412.225,8,14,230.69,-6.1268,6,11.41150846,-5.557601927,39.56,412.225,390.049,412.0658946,152,1.12,1.76,2.32,2.708668567,1.930886079,452.7920023,18.99119935,12.70437218,14.70437218,11.39446595,7.210788729,10.59367097,5.614326824,8.864184507,3.672337021,6.299250508,2.537019115,4.491726317,0.3,181258.6831,21.59839957,8.12284233,5.88870225,142.3080839,141.7135416,58.46440908,16.34043675,10.21669833,43.54035908,13.15163837,15.10361181,90.27742995,13.57124149,6.420821623,230.69,60.06685617,35.10634439,14.15116714,14.52368616,13.32945637,49.4838389,41.54735296,-7.787285584,-0.702921012,-10.98155274,25,8,14,14,8,16,6,-6.1268,77.4703,4,4,1,-6.86
pdb2wtx.ent,0.103524229,33.85484581,6.323815346,-0.257929515,51370.9798,412.225,8,14,230.69,-6.1268,6,11.41150846,-5.557601927,39.56,412.225,390.049,412.0658946,152,1.12,1.76,2.32,2.708668567,1.930886079,452.7920023,18.99119935,12.70437218,14.70437218,11.39446595,7.210788729,10.59367097,5.614326824,8.864184507,3.672337021,6.299250508,2.537019115,4.491726317,0.3,181258.6831,21.59839957,8.12284233,5.88870225,142.3080839,141.7135416,58.46440908,16.34043675,10.21669833,43.54035908,13.15163837,15.10361181,90.27742995,13.57124149,6.420821623,230.69,60.06685617,35.10634439,14.15116714,14.52368616,13.32945637,49.4838389,41.54735296,-7.787285584,-0.702921012,-10.98155274,25,8,14,14,8,16,6,-6.1268,77.4703,4,4,1,-6.94
pdb2wtx.ent,0.106818182,31.77681818,6.640294838,-0.243409091,49992.4962,412.225,8,14,230.69,-6.1268,6,11.41150846,-5.557601927,39.56,412.225,390.049,412.0658946,152,1.12,1.76,2.32,2.708668567,1.930886079,452.7920023,18.99119935,12.70437218,14.70437218,11.39446595,7.210788729,10.59367097,5.614326824,8.864184507,3.672337021,6.299250508,2.537019115,4.491726317,0.3,181258.6831,21.59839957,8.12284233,5.88870225,142.3080839,141.7135416,58.46440908,16.34043675,10.21669833,43.54035908,13.15163837,15.10361181,90.27742995,13.57124149,6.420821623,230.69,60.06685617,35.10634439,14.15116714,14.52368616,13.32945637,49.4838389,41.54735296,-7.787285584,-0.702921012,-10.98155274,25,8,14,14,8,16,6,-6.1268,77.4703,4,4,1,-6.65
pdb2wtx.ent,0.102844639,33.11181619,6.241796684,-0.266958425,51708.311,412.225,8,14,230.69,-6.1268,6,11.41150846,-5.557601927,39.56,412.225,390.049,412.0658946,152,1.12,1.76,2.32,2.708668567,1.930886079,452.7920023,18.99119935,12.70437218,14.70437218,11.39446595,7.210788729,10.59367097,5.614326824,8.864184507,3.672337021,6.299250508,2.537019115,4.491726317,0.3,181258.6831,21.59839957,8.12284233,5.88870225,142.3080839,141.7135416,58.46440908,16.34043675,10.21669833,43.54035908,13.15163837,15.10361181,90.27742995,13.57124149,6.420821623,230.69,60.06685617,35.10634439,14.15116714,14.52368616,13.32945637,49.4838389,41.54735296,-7.787285584,-0.702921012,-10.98155274,25,8,14,14,8,16,6,-6.1268,77.4703,4,4,1,-6.72
pdb2wnb.ent,0.114814815,44.69592593,8.197300148,-0.443333333,31199.039,330.254,7,11,183.96,-4.9395,4,10.67352235,-4.975130222,43.19047619,330.254,309.086,330.1071748,126,1.333333333,2,2.571428571,2.63559112,1.957558821,358.3746902,15.78409257,11.07079867,12.07079867,9.687359167,6.44994394,8.160867711,5.079098769,6.464737313,3.475287206,4.018003893,2.378988625,2.760367631,-0.01,36879.82654,17.34552975,6.62366093,4.255676924,120.7204667,120.0108832,39.26042711,8.170218376,10.21669833,43.47823352,13.15163837,15.94386768,80.21536539,9.260610116,6.420821623,183.96,51.83451224,20.21299379,9.840535766,20.25735364,9.640965477,29.34896615,32.29611011,-5.973149334,-0.258009141,-4.975130222,21,8,11,11,7,12,4,-4.9395,67.8201,3,3,1,-6.23
pdb2vsn.ent,0.074906367,42.88859551,6.344220543,-0.012921348,57533.7562,412.225,8,14,230.69,-6.1268,6,11.41150846,-5.557601927,39.56,412.225,390.049,412.0658946,152,1.12,1.76,2.32,2.708668567,1.930886079,452.7920023,18.99119935,12.70437218,14.70437218,11.39446595,7.210788729,10.59367097,5.614326824,8.864184507,3.672337021,6.299250508,2.537019115,4.491726317,0.3,181258.6831,21.59839957,8.12284233,5.88870225,142.3080839,141.7135416,58.46440908,16.34043675,10.21669833,43.54035908,13.15163837,15.10361181,90.27742995,13.57124149,6.420821623,230.69,60.06685617,35.10634439,14.15116714,14.52368616,13.32945637,49.4838389,41.54735296,-7.787285584,-0.702921012,-10.98155274,25,8,14,14,8,16,6,-6.1268,77.4703,4,4,1,-6.8
pdb2vsn.ent,0.074906367,42.85207865,6.430217934,0.010486891,57485.8009,412.225,8,14,230.69,-6.1268,6,11.41150846,-5.557601927,39.56,412.225,390.049,412.0658946,152,1.12,1.76,2.32,2.708668567,1.930886079,452.7920023,18.99119935,12.70437218,14.70437218,11.39446595,7.210788729,10.59367097,5.614326824,8.864184507,3.672337021,6.299250508,2.537019115,4.491726317,0.3,181258.6831,21.59839957,8.12284233,5.88870225,142.3080839,141.7135416,58.46440908,16.34043675,10.21669833,43.54035908,13.15163837,15.10361181,90.27742995,13.57124149,6.420821623,230.69,60.06685617,35.10634439,14.15116714,14.52368616,13.32945637,49.4838389,41.54735296,-7.787285584,-0.702921012,-10.98155274,25,8,14,14,8,16,6,-6.1268,77.4703,4,4,1,-6.77
pdb2vs5.ent,0.148409894,49.98946996,7.282859612,-0.318727915,33371.1089,412.225,8,14,230.69,-6.1268,6,11.41150846,-5.557601927,39.56,412.225,390.049,412.0658946,152,1.12,1.76,2.32,2.708668567,1.930886079,452.7920023,18.99119935,12.70437218,14.70437218,11.39446595,7.210788729,10.59367097,5.614326824,8.864184507,3.672337021,6.299250508,2.537019115,4.491726317,0.3,181258.6831,21.59839957,8.12284233,5.88870225,142.3080839,141.7135416,58.46440908,16.34043675,10.21669833,43.54035908,13.15163837,15.10361181,90.27742995,13.57124149,6.420821623,230.69,60.06685617,35.10634439,14.15116714,14.52368616,13.32945637,49.4838389,41.54735296,-7.787285584,-0.702921012,-10.98155274,25,8,14,14,8,16,6,-6.1268,77.4703,4,4,1,-8.65
pdb2vs5.ent,0.147482014,50.40330935,7.834665489,-0.322661871,32738.4437,412.225,8,14,230.69,-6.1268,6,11.41150846,-5.557601927,39.56,412.225,390.049,412.0658946,152,1.12,1.76,2.32,2.708668567,1.930886079,452.7920023,18.99119935,12.70437218,14.70437218,11.39446595,7.210788729,10.59367097,5.614326824,8.864184507,3.672337021,6.299250508,2.537019115,4.491726317,0.3,181258.6831,21.59839957,8.12284233,5.88870225,142.3080839,141.7135416,58.46440908,16.34043675,10.21669833,43.54035908,13.15163837,15.10361181,90.27742995,13.57124149,6.420821623,230.69,60.06685617,35.10634439,14.15116714,14.52368616,13.32945637,49.4838389,41.54735296,-7.787285584,-0.702921012,-10.98155274,25,8,14,14,8,16,6,-6.1268,77.4703,4,4,1,-8.43
pdb2vkd.ent,0.112546125,32.74671587,5.088022041,-0.521217712,63121.8069,574.366,11,19,309.84,-8.3026,9,12.21890479,-5.886253981,44.05555556,574.366,542.11,574.118718,216,0.861111111,1.5,2.111111111,3.055525205,1.546915006,723.5528683,26.99927104,18.45636767,20.45636767,16.65350342,10.73081892,14.07473585,8.4048342,11.84115329,5.78189322,8.907158822,3.867565033,6.463068116,0.1,41785932.71,30.63878108,12.09103866,7.186870793,204.1016972,203.819624,83.25771717,16.34043675,10.21669833,74.24625136,19.75852033,15.10361181,143.1229022,22.8318516,6.420821623,309.84,97.37963042,55.31933817,18.6749143,14.5802533,23.4629234,45.2772329,80.67692563,-17.94348998,-1.772023168,-11.64601323,36,11,19,19,11,21,9,-8.3026,110.1037,8,8,2,-8.69
pdb2vkd.ent,0.1133829,33.07364312,5.100640297,-0.52472119,62748.3791,574.366,11,19,309.84,-8.3026,9,12.21890479,-5.886253981,44.05555556,574.366,542.11,574.118718,216,0.861111111,1.5,2.111111111,3.055525205,1.546915006,723.5528683,26.99927104,18.45636767,20.45636767,16.65350342,10.73081892,14.07473585,8.4048342,11.84115329,5.78189322,8.907158822,3.867565033,6.463068116,0.1,41785932.71,30.63878108,12.09103866,7.186870793,204.1016972,203.819624,83.25771717,16.34043675,10.21669833,74.24625136,19.75852033,15.10361181,143.1229022,22.8318516,6.420821623,309.84,97.37963042,55.31933817,18.6749143,14.5802533,23.4629234,45.2772329,80.67692563,-17.94348998,-1.772023168,-11.64601323,36,11,19,19,11,21,9,-8.3026,110.1037,8,8,2,-8.61
pdb2vkd.ent,0.112754159,32.94569316,5.088022041,-0.525508318,63050.729,574.366,11,19,309.84,-8.3026,9,12.21890479,-5.886253981,44.05555556,574.366,542.11,574.118718,216,0.861111111,1.5,2.111111111,3.055525205,1.546915006,723.5528683,26.99927104,18.45636767,20.45636767,16.65350342,10.73081892,14.07473585,8.4048342,11.84115329,5.78189322,8.907158822,3.867565033,6.463068116,0.1,41785932.71,30.63878108,12.09103866,7.186870793,204.1016972,203.819624,83.25771717,16.34043675,10.21669833,74.24625136,19.75852033,15.10361181,143.1229022,22.8318516,6.420821623,309.84,97.37963042,55.31933817,18.6749143,14.5802533,23.4629234,45.2772329,80.67692563,-17.94348998,-1.772023168,-11.64601323,36,11,19,19,11,21,9,-8.3026,110.1037,8,8,2,-8.41
pdb2vg8.ent,0.081545064,50.44766094,5.838069344,-0.096351931,51344.3917,412.225,8,14,230.69,-6.1268,6,11.41150846,-5.557601927,39.56,412.225,390.049,412.0658946,152,1.12,1.76,2.32,2.708668567,1.930886079,452.7920023,18.99119935,12.70437218,14.70437218,11.39446595,7.210788729,10.59367097,5.614326824,8.864184507,3.672337021,6.299250508,2.537019115,4.491726317,0.3,181258.6831,21.59839957,8.12284233,5.88870225,142.3080839,141.7135416,58.46440908,16.34043675,10.21669833,43.54035908,13.15163837,15.10361181,90.27742995,13.57124149,6.420821623,230.69,60.06685617,35.10634439,14.15116714,14.52368616,13.32945637,49.4838389,41.54735296,-7.787285584,-0.702921012,-10.98155274,25,8,14,14,8,16,6,-6.1268,77.4703,4,4,1,-7.22
pdb2qzs.ent,0.109014675,38.45201258,6.144658852,0.002515723,52821.7612,332.246,8,11,175.34,-4.2739,4,9.943468443,-4.741659148,43.19047619,332.246,311.078,332.0984669,126,1.142857143,1.80952381,2.380952381,2.63559112,1.957558821,356.6002527,15.78409257,10.9796273,11.9796273,9.687359167,6.394292148,8.144181225,5.013783046,6.450180738,3.421654696,3.975619698,2.346035531,2.733908755,-0.01,36879.82654,17.34552975,6.62366093,4.255676924,120.1748097,119.4458687,44.3669545,8.170218376,10.21669833,43.54035908,13.15163837,5.316788604,90.27742995,9.260610116,6.420821623,175.34,51.8966378,20.42610958,9.840535766,19.41709776,9.71903804,27.56138307,41.3285765,-6.840039192,-0.33285482,-4.741659148,21,8,11,11,8,12,4,-4.2739,68.0703,4,4,1,-6.63
pdb2q6v.ent,0.113513514,38.41324324,8.300836372,-0.131081081,41559.9152,412.225,8,14,230.69,-6.1268,6,11.41150846,-5.557601927,39.56,412.225,390.049,412.0658946,152,1.12,1.76,2.32,2.708668567,1.930886079,452.7920023,18.99119935,12.70437218,14.70437218,11.39446595,7.210788729,10.59367097,5.614326824,8.864184507,3.672337021,6.299250508,2.537019115,4.491726317,0.3,181258.6831,21.59839957,8.12284233,5.88870225,142.3080839,141.7135416,58.46440908,16.34043675,10.21669833,43.54035908,13.15163837,15.10361181,90.27742995,13.57124149,6.420821623,230.69,60.06685617,35.10634439,14.15116714,14.52368616,13.32945637,49.4838389,41.54735296,-7.787285584,-0.702921012,-10.98155274,25,8,14,14,8,16,6,-6.1268,77.4703,4,4,1,-7.38
pdb2p2v.ent,0.16,45.66927273,7.685222816,-0.241818182,32241.6652,643.532,14,20,335.83,-8.7998,12,15.5136689,-6.028466456,42.95238095,643.532,602.204,643.2244697,250,1.166666667,1.80952381,2.357142857,3.186431498,1.771230481,872.8947214,31.73132185,22.27445023,23.27445023,19.45093837,12.9650166,14.63697506,10.33537476,11.8758966,7.195980161,8.304437886,4.98952589,6.092611471,-0.44,646192646.4,36.03260737,14.32794434,7.67218078,238.4368893,238.2960171,83.76373243,8.170218376,15.53348694,105.3363916,19.75852033,21.26065629,172.6089483,18.52122023,13.34455882,335.83,113.375815,60.85209715,10.63357721,24.25488771,35.61142587,24.48348136,105.5637912,-24.39297455,-0.861552265,-6.028466456,42,15,20,20,14,22,12,-8.7998,131.1226,10,9,2,-9.62
pdb2nzx.ent,0.158823529,29.27920588,5.942823601,-0.515294118,39415.8017,453.282,10,16,260.54,-7.7055,6,11.54709042,-5.561978886,43.89285714,453.282,428.082,453.103677,168,1.142857143,1.821428571,2.464285714,3.060680238,1.61221445,558.3448456,20.85300667,14.28210261,16.28210261,12.8776292,8.263920344,11.64680258,6.634611811,9.884469494,4.603825105,7.230738592,3.404590485,5.359297687,0.22,1122914.608,22.89519417,8.392696728,5.09362707,159.3125762,158.8228629,53.35788168,16.34043675,20.85027554,49.26502834,13.27557315,31.47085649,97.44032822,13.57124149,0,260.54,72.21234706,29.99981699,24.78474434,20.25735364,13.69359817,50.34145757,39.07953278,-7.674005072,-0.628557901,-10.98929169,28,11,16,16,10,18,6,-7.7055,88.6693,3,3,1,-5.38
pdb2nzx.ent,0.156804734,30.04831361,5.942823601,-0.509763314,39155.5133,453.282,10,16,260.54,-7.7055,6,11.54709042,-5.561978886,43.89285714,453.282,428.082,453.103677,168,1.142857143,1.821428571,2.464285714,3.060680238,1.61221445,558.3448456,20.85300667,14.28210261,16.28210261,12.8776292,8.263920344,11.64680258,6.634611811,9.884469494,4.603825105,7.230738592,3.404590485,5.359297687,0.22,1122914.608,22.89519417,8.392696728,5.09362707,159.3125762,158.8228629,53.35788168,16.34043675,20.85027554,49.26502834,13.27557315,31.47085649,97.44032822,13.57124149,0,260.54,72.21234706,29.99981699,24.78474434,20.25735364,13.69359817,50.34145757,39.07953278,-7.674005072,-0.628557901,-10.98929169,28,11,16,16,10,18,6,-7.7055,88.6693,3,3,1,-5.36
pdb2nzx.ent,0.157142857,29.58637143,6.214570808,-0.482571429,40489.0901,453.282,10,16,260.54,-7.7055,6,11.54709042,-5.561978886,43.89285714,453.282,428.082,453.103677,168,1.142857143,1.821428571,2.464285714,3.060680238,1.61221445,558.3448456,20.85300667,14.28210261,16.28210261,12.8776292,8.263920344,11.64680258,6.634611811,9.884469494,4.603825105,7.230738592,3.404590485,5.359297687,0.22,1122914.608,22.89519417,8.392696728,5.09362707,159.3125762,158.8228629,53.35788168,16.34043675,20.85027554,49.26502834,13.27557315,31.47085649,97.44032822,13.57124149,0,260.54,72.21234706,29.99981699,24.78474434,20.25735364,13.69359817,50.34145757,39.07953278,-7.674005072,-0.628557901,-10.98929169,28,11,16,16,10,18,6,-7.7055,88.6693,3,3,1,-5.16
pdb2iya.ent,0.079081633,36.57859694,4.57357235,-0.041071429,42571.4234,412.225,8,14,230.69,-6.1268,6,11.41150846,-5.557601927,39.56,412.225,390.049,412.0658946,152,1.12,1.76,2.32,2.708668567,1.930886079,452.7920023,18.99119935,12.70437218,14.70437218,11.39446595,7.210788729,10.59367097,5.614326824,8.864184507,3.672337021,6.299250508,2.537019115,4.491726317,0.3,181258.6831,21.59839957,8.12284233,5.88870225,142.3080839,141.7135416,58.46440908,16.34043675,10.21669833,43.54035908,13.15163837,15.10361181,90.27742995,13.57124149,6.420821623,230.69,60.06685617,35.10634439,14.15116714,14.52368616,13.32945637,49.4838389,41.54735296,-7.787285584,-0.702921012,-10.98155274,25,8,14,14,8,16,6,-6.1268,77.4703,4,4,1,-7.01
pdb2iya.ent,0.080729167,36.80106771,4.58704319,0.013802083,41791.7115,412.225,8,14,230.69,-6.1268,6,11.41150846,-5.557601927,39.56,412.225,390.049,412.0658946,152,1.12,1.76,2.32,2.708668567,1.930886079,452.7920023,18.99119935,12.70437218,14.70437218,11.39446595,7.210788729,10.59367097,5.614326824,8.864184507,3.672337021,6.299250508,2.537019115,4.491726317,0.3,181258.6831,21.59839957,8.12284233,5.88870225,142.3080839,141.7135416,58.46440908,16.34043675,10.21669833,43.54035908,13.15163837,15.10361181,90.27742995,13.57124149,6.420821623,230.69,60.06685617,35.10634439,14.15116714,14.52368616,13.32945637,49.4838389,41.54735296,-7.787285584,-0.702921012,-10.98155274,25,8,14,14,8,16,6,-6.1268,77.4703,4,4,1,-6.83
pdb2iy7.ent,0.126344086,40.16508065,5.507777977,-0.422849462,43174.1857,643.532,14,20,335.83,-8.7998,12,15.5136689,-6.028466456,42.95238095,643.532,602.204,643.2244697,250,1.166666667,1.80952381,2.357142857,3.186431498,1.771230481,872.8947214,31.73132185,22.27445023,23.27445023,19.45093837,12.9650166,14.63697506,10.33537476,11.8758966,7.195980161,8.304437886,4.98952589,6.092611471,-0.44,646192646.4,36.03260737,14.32794434,7.67218078,238.4368893,238.2960171,83.76373243,8.170218376,15.53348694,105.3363916,19.75852033,21.26065629,172.6089483,18.52122023,13.34455882,335.83,113.375815,60.85209715,10.63357721,24.25488771,35.61142587,24.48348136,105.5637912,-24.39297455,-0.861552265,-6.028466456,42,15,20,20,14,22,12,-8.7998,131.1226,10,9,2,-8.85
pdb2iv3.ent,0.071216617,46.65934718,5.482257271,0.040059347,35503.8591,412.225,8,14,230.69,-6.1268,6,11.41150846,-5.557601927,39.56,412.225,390.049,412.0658946,152,1.12,1.76,2.32,2.708668567,1.930886079,452.7920023,18.99119935,12.70437218,14.70437218,11.39446595,7.210788729,10.59367097,5.614326824,8.864184507,3.672337021,6.299250508,2.537019115,4.491726317,0.3,181258.6831,21.59839957,8.12284233,5.88870225,142.3080839,141.7135416,58.46440908,16.34043675,10.21669833,43.54035908,13.15163837,15.10361181,90.27742995,13.57124149,6.420821623,230.69,60.06685617,35.10634439,14.15116714,14.52368616,13.32945637,49.4838389,41.54735296,-7.787285584,-0.702921012,-10.98155274,25,8,14,14,8,16,6,-6.1268,77.4703,4,4,1,-7.24
pdb2iv3.ent,0.068862275,47.59251497,5.591899681,0.026646707,35288.6544,412.225,8,14,230.69,-6.1268,6,11.41150846,-5.557601927,39.56,412.225,390.049,412.0658946,152,1.12,1.76,2.32,2.708668567,1.930886079,452.7920023,18.99119935,12.70437218,14.70437218,11.39446595,7.210788729,10.59367097,5.614326824,8.864184507,3.672337021,6.299250508,2.537019115,4.491726317,0.3,181258.6831,21.59839957,8.12284233,5.88870225,142.3080839,141.7135416,58.46440908,16.34043675,10.21669833,43.54035908,13.15163837,15.10361181,90.27742995,13.57124149,6.420821623,230.69,60.06685617,35.10634439,14.15116714,14.52368616,13.32945637,49.4838389,41.54735296,-7.787285584,-0.702921012,-10.98155274,25,8,14,14,8,16,6,-6.1268,77.4703,4,4,1,-7.3
pdb2iv3.ent,0.070588235,46.90235294,5.591899681,0.020588235,35814.2113,412.225,8,14,230.69,-6.1268,6,11.41150846,-5.557601927,39.56,412.225,390.049,412.0658946,152,1.12,1.76,2.32,2.708668567,1.930886079,452.7920023,18.99119935,12.70437218,14.70437218,11.39446595,7.210788729,10.59367097,5.614326824,8.864184507,3.672337021,6.299250508,2.537019115,4.491726317,0.3,181258.6831,21.59839957,8.12284233,5.88870225,142.3080839,141.7135416,58.46440908,16.34043675,10.21669833,43.54035908,13.15163837,15.10361181,90.27742995,13.57124149,6.420821623,230.69,60.06685617,35.10634439,14.15116714,14.52368616,13.32945637,49.4838389,41.54735296,-7.787285584,-0.702921012,-10.98155274,25,8,14,14,8,16,6,-6.1268,77.4703,4,4,1,-7.22
pdb2iv3.ent,0.071005917,46.18579882,5.591899681,0.016568047,35686.0821,412.225,8,14,230.69,-6.1268,6,11.41150846,-5.557601927,39.56,412.225,390.049,412.0658946,152,1.12,1.76,2.32,2.708668567,1.930886079,452.7920023,18.99119935,12.70437218,14.70437218,11.39446595,7.210788729,10.59367097,5.614326824,8.864184507,3.672337021,6.299250508,2.537019115,4.491726317,0.3,181258.6831,21.59839957,8.12284233,5.88870225,142.3080839,141.7135416,58.46440908,16.34043675,10.21669833,43.54035908,13.15163837,15.10361181,90.27742995,13.57124149,6.420821623,230.69,60.06685617,35.10634439,14.15116714,14.52368616,13.32945637,49.4838389,41.54735296,-7.787285584,-0.702921012,-10.98155274,25,8,14,14,8,16,6,-6.1268,77.4703,4,4,1,-7.24
pdb2iiq.ent,0.121134021,40.4825,5.700575829,-0.411082474,45174.8116,330.254,7,11,183.96,-4.9395,4,10.67352235,-4.975130222,43.19047619,330.254,309.086,330.1071748,126,1.333333333,2,2.571428571,2.63559112,1.957558821,358.3746902,15.78409257,11.07079867,12.07079867,9.687359167,6.44994394,8.160867711,5.079098769,6.464737313,3.475287206,4.018003893,2.378988625,2.760367631,-0.01,36879.82654,17.34552975,6.62366093,4.255676924,120.7204667,120.0108832,39.26042711,8.170218376,10.21669833,43.47823352,13.15163837,15.94386768,80.21536539,9.260610116,6.420821623,183.96,51.83451224,20.21299379,9.840535766,20.25735364,9.640965477,29.34896615,32.29611011,-5.973149334,-0.258009141,-4.975130222,21,8,11,11,7,12,4,-4.9395,67.8201,3,3,1,-6.31
pdb2iiq.ent,0.121134021,40.4825,5.700575829,-0.411082474,45174.8116,330.254,7,11,183.96,-4.9395,4,10.67352235,-4.975130222,43.19047619,330.254,309.086,330.1071748,126,1.333333333,2,2.571428571,2.63559112,1.957558821,358.3746902,15.78409257,11.07079867,12.07079867,9.687359167,6.44994394,8.160867711,5.079098769,6.464737313,3.475287206,4.018003893,2.378988625,2.760367631,-0.01,36879.82654,17.34552975,6.62366093,4.255676924,120.7204667,120.0108832,39.26042711,8.170218376,10.21669833,43.47823352,13.15163837,15.94386768,80.21536539,9.260610116,6.420821623,183.96,51.83451224,20.21299379,9.840535766,20.25735364,9.640965477,29.34896615,32.29611011,-5.973149334,-0.258009141,-4.975130222,21,8,11,11,7,12,4,-4.9395,67.8201,3,3,1,-6.32
pdb2ihj.ent,0.124338624,39.80320106,5.592297554,-0.378835979,43990.469,643.532,14,20,335.83,-8.7998,12,15.5136689,-6.028466456,42.95238095,643.532,602.204,643.2244697,250,1.166666667,1.80952381,2.357142857,3.186431498,1.771230481,872.8947214,31.73132185,22.27445023,23.27445023,19.45093837,12.9650166,14.63697506,10.33537476,11.8758966,7.195980161,8.304437886,4.98952589,6.092611471,-0.44,646192646.4,36.03260737,14.32794434,7.67218078,238.4368893,238.2960171,83.76373243,8.170218376,15.53348694,105.3363916,19.75852033,21.26065629,172.6089483,18.52122023,13.34455882,335.83,113.375815,60.85209715,10.63357721,24.25488771,35.61142587,24.48348136,105.5637912,-24.39297455,-0.861552265,-6.028466456,42,15,20,20,14,22,12,-8.7998,131.1226,10,9,2,-8.73
pdb2h1f.ent,0.084375,33.26253125,9.008312416,-0.241875,35577.3075,332.246,8,11,175.34,-4.2739,4,9.943468443,-4.741659148,43.19047619,332.246,311.078,332.0984669,126,1.142857143,1.80952381,2.380952381,2.63559112,1.957558821,356.6002527,15.78409257,10.9796273,11.9796273,9.687359167,6.394292148,8.144181225,5.013783046,6.450180738,3.421654696,3.975619698,2.346035531,2.733908755,-0.01,36879.82654,17.34552975,6.62366093,4.255676924,120.1748097,119.4458687,44.3669545,8.170218376,10.21669833,43.54035908,13.15163837,5.316788604,90.27742995,9.260610116,6.420821623,175.34,51.8966378,20.42610958,9.840535766,19.41709776,9.71903804,27.56138307,41.3285765,-6.840039192,-0.33285482,-4.741659148,21,8,11,11,8,12,4,-4.2739,68.0703,4,4,1,-6.29
pdb2h1f.ent,0.079207921,34.58980198,9.040997887,-0.257755776,33876.4415,332.246,8,11,175.34,-4.2739,4,9.943468443,-4.741659148,43.19047619,332.246,311.078,332.0984669,126,1.142857143,1.80952381,2.380952381,2.63559112,1.957558821,356.6002527,15.78409257,10.9796273,11.9796273,9.687359167,6.394292148,8.144181225,5.013783046,6.450180738,3.421654696,3.975619698,2.346035531,2.733908755,-0.01,36879.82654,17.34552975,6.62366093,4.255676924,120.1748097,119.4458687,44.3669545,8.170218376,10.21669833,43.54035908,13.15163837,5.316788604,90.27742995,9.260610116,6.420821623,175.34,51.8966378,20.42610958,9.840535766,19.41709776,9.71903804,27.56138307,41.3285765,-6.840039192,-0.33285482,-4.741659148,21,8,11,11,8,12,4,-4.2739,68.0703,4,4,1,-6.68
pdb2gej.ent,0.063711911,32.55872576,5.38278904,0.113850416,38636.7362,615.423,13,21,339.69,-9.8813,9,12.35448675,-5.89063094,46.82051282,615.423,580.143,615.1565005,232,0.897435897,1.564102564,2.230769231,3.379396058,1.319489365,837.4288618,28.86107836,20.0340981,22.0340981,18.13666667,11.78395053,15.12786747,9.425119187,12.86143828,6.713381304,9.838646906,4.735136403,7.330639486,0.02,253378350.3,31.94474267,12.32511588,6.987698773,221.1061895,220.9289453,78.15118978,16.34043675,20.85027554,79.97092062,19.88245512,31.47085649,150.2858004,22.8318516,0,339.69,109.5251213,55.31933817,29.30849151,15.20739338,23.89818993,46.05371397,78.21748079,-17.81426366,-1.693562908,-11.65375217,39,14,21,21,13,23,9,-9.8813,121.3027,7,7,2,-7.25
pdb2fyb.ent,0.121323529,41.16433824,7.84220829,-0.286764706,31073.0729,412.225,8,14,230.69,-6.1268,6,11.41150846,-5.557601927,39.56,412.225,390.049,412.0658946,152,1.12,1.76,2.32,2.708668567,1.930886079,452.7920023,18.99119935,12.70437218,14.70437218,11.39446595,7.210788729,10.59367097,5.614326824,8.864184507,3.672337021,6.299250508,2.537019115,4.491726317,0.3,181258.6831,21.59839957,8.12284233,5.88870225,142.3080839,141.7135416,58.46440908,16.34043675,10.21669833,43.54035908,13.15163837,15.10361181,90.27742995,13.57124149,6.420821623,230.69,60.06685617,35.10634439,14.15116714,14.52368616,13.32945637,49.4838389,41.54735296,-7.787285584,-0.702921012,-10.98155274,25,8,14,14,8,16,6,-6.1268,77.4703,4,4,1,-6.53
pdb2ffv.ent,0.09406953,45.10392638,8.351959801,-0.482413088,55831.986,412.225,8,14,230.69,-6.1268,6,11.41150846,-5.557601927,39.56,412.225,390.049,412.0658946,152,1.12,1.76,2.32,2.708668567,1.930886079,452.7920023,18.99119935,12.70437218,14.70437218,11.39446595,7.210788729,10.59367097,5.614326824,8.864184507,3.672337021,6.299250508,2.537019115,4.491726317,0.3,181258.6831,21.59839957,8.12284233,5.88870225,142.3080839,141.7135416,58.46440908,16.34043675,10.21669833,43.54035908,13.15163837,15.10361181,90.27742995,13.57124149,6.420821623,230.69,60.06685617,35.10634439,14.15116714,14.52368616,13.32945637,49.4838389,41.54735296,-7.787285584,-0.702921012,-10.98155274,25,8,14,14,8,16,6,-6.1268,77.4703,4,4,1,-7.07
pdb2ffv.ent,0.093555094,44.44661123,8.189112663,-0.45987526,54915.9938,412.225,8,14,230.69,-6.1268,6,11.41150846,-5.557601927,39.56,412.225,390.049,412.0658946,152,1.12,1.76,2.32,2.708668567,1.930886079,452.7920023,18.99119935,12.70437218,14.70437218,11.39446595,7.210788729,10.59367097,5.614326824,8.864184507,3.672337021,6.299250508,2.537019115,4.491726317,0.3,181258.6831,21.59839957,8.12284233,5.88870225,142.3080839,141.7135416,58.46440908,16.34043675,10.21669833,43.54035908,13.15163837,15.10361181,90.27742995,13.57124149,6.420821623,230.69,60.06685617,35.10634439,14.15116714,14.52368616,13.32945637,49.4838389,41.54735296,-7.787285584,-0.702921012,-10.98155274,25,8,14,14,8,16,6,-6.1268,77.4703,4,4,1,-6.82
pdb2d7i.ent,0.108208955,39.87222015,8.304575539,-0.564179104,61867.7878,412.225,8,14,230.69,-6.1268,6,11.41150846,-5.557601927,39.56,412.225,390.049,412.0658946,152,1.12,1.76,2.32,2.708668567,1.930886079,452.7920023,18.99119935,12.70437218,14.70437218,11.39446595,7.210788729,10.59367097,5.614326824,8.864184507,3.672337021,6.299250508,2.537019115,4.491726317,0.3,181258.6831,21.59839957,8.12284233,5.88870225,142.3080839,141.7135416,58.46440908,16.34043675,10.21669833,43.54035908,13.15163837,15.10361181,90.27742995,13.57124149,6.420821623,230.69,60.06685617,35.10634439,14.15116714,14.52368616,13.32945637,49.4838389,41.54735296,-7.787285584,-0.702921012,-10.98155274,25,8,14,14,8,16,6,-6.1268,77.4703,4,4,1,-7.1
pdb2c1x.ent,0.096774194,39.96843318,6.131358528,0.05483871,47742.3385,412.225,8,14,230.69,-6.1268,6,11.41150846,-5.557601927,39.56,412.225,390.049,412.0658946,152,1.12,1.76,2.32,2.708668567,1.930886079,452.7920023,18.99119935,12.70437218,14.70437218,11.39446595,7.210788729,10.59367097,5.614326824,8.864184507,3.672337021,6.299250508,2.537019115,4.491726317,0.3,181258.6831,21.59839957,8.12284233,5.88870225,142.3080839,141.7135416,58.46440908,16.34043675,10.21669833,43.54035908,13.15163837,15.10361181,90.27742995,13.57124149,6.420821623,230.69,60.06685617,35.10634439,14.15116714,14.52368616,13.32945637,49.4838389,41.54735296,-7.787285584,-0.702921012,-10.98155274,25,8,14,14,8,16,6,-6.1268,77.4703,4,4,1,-6.79
pdb2bo8.ent,0.118110236,38.12154856,5.910482216,-0.349868766,44525.1579,615.423,13,21,339.69,-9.8813,9,12.35448675,-5.89063094,46.82051282,615.423,580.143,615.1565005,232,0.897435897,1.564102564,2.230769231,3.379396058,1.319489365,837.4288618,28.86107836,20.0340981,22.0340981,18.13666667,11.78395053,15.12786747,9.425119187,12.86143828,6.713381304,9.838646906,4.735136403,7.330639486,0.02,253378350.3,31.94474267,12.32511588,6.987698773,221.1061895,220.9289453,78.15118978,16.34043675,20.85027554,79.97092062,19.88245512,31.47085649,150.2858004,22.8318516,0,339.69,109.5251213,55.31933817,29.30849151,15.20739338,23.89818993,46.05371397,78.21748079,-17.81426366,-1.693562908,-11.65375217,39,14,21,21,13,23,9,-9.8813,121.3027,7,7,2,-8.1
pdb2bo8.ent,0.118110236,38.12154856,5.910482216,-0.349868766,44525.1579,615.423,13,21,339.69,-9.8813,9,12.35448675,-5.89063094,46.82051282,615.423,580.143,615.1565005,232,0.897435897,1.564102564,2.230769231,3.379396058,1.319489365,837.4288618,28.86107836,20.0340981,22.0340981,18.13666667,11.78395053,15.12786747,9.425119187,12.86143828,6.713381304,9.838646906,4.735136403,7.330639486,0.02,253378350.3,31.94474267,12.32511588,6.987698773,221.1061895,220.9289453,78.15118978,16.34043675,20.85027554,79.97092062,19.88245512,31.47085649,150.2858004,22.8318516,0,339.69,109.5251213,55.31933817,29.30849151,15.20739338,23.89818993,46.05371397,78.21748079,-17.81426366,-1.693562908,-11.65375217,39,14,21,21,13,23,9,-9.8813,121.3027,7,7,2,-8.14
pdb2bo8.ent,0.118110236,38.12154856,5.910482216,-0.349868766,44525.1579,615.423,13,21,339.69,-9.8813,9,12.35448675,-5.89063094,46.82051282,615.423,580.143,615.1565005,232,0.897435897,1.564102564,2.230769231,3.379396058,1.319489365,837.4288618,28.86107836,20.0340981,22.0340981,18.13666667,11.78395053,15.12786747,9.425119187,12.86143828,6.713381304,9.838646906,4.735136403,7.330639486,0.02,253378350.3,31.94474267,12.32511588,6.987698773,221.1061895,220.9289453,78.15118978,16.34043675,20.85027554,79.97092062,19.88245512,31.47085649,150.2858004,22.8318516,0,339.69,109.5251213,55.31933817,29.30849151,15.20739338,23.89818993,46.05371397,78.21748079,-17.81426366,-1.693562908,-11.65375217,39,14,21,21,13,23,9,-9.8813,121.3027,7,7,2,-8
pdb2bo8.ent,0.118110236,38.12154856,5.910482216,-0.349868766,44525.1579,615.423,13,21,339.69,-9.8813,9,12.35448675,-5.89063094,46.82051282,615.423,580.143,615.1565005,232,0.897435897,1.564102564,2.230769231,3.379396058,1.319489365,837.4288618,28.86107836,20.0340981,22.0340981,18.13666667,11.78395053,15.12786747,9.425119187,12.86143828,6.713381304,9.838646906,4.735136403,7.330639486,0.02,253378350.3,31.94474267,12.32511588,6.987698773,221.1061895,220.9289453,78.15118978,16.34043675,20.85027554,79.97092062,19.88245512,31.47085649,150.2858004,22.8318516,0,339.69,109.5251213,55.31933817,29.30849151,15.20739338,23.89818993,46.05371397,78.21748079,-17.81426366,-1.693562908,-11.65375217,39,14,21,21,13,23,9,-9.8813,121.3027,7,7,2,-8.01
pdb2bo8.ent,0.118110236,38.12154856,5.910482216,-0.349868766,44525.1579,615.423,13,21,339.69,-9.8813,9,12.35448675,-5.89063094,46.82051282,615.423,580.143,615.1565005,232,0.897435897,1.564102564,2.230769231,3.379396058,1.319489365,837.4288618,28.86107836,20.0340981,22.0340981,18.13666667,11.78395053,15.12786747,9.425119187,12.86143828,6.713381304,9.838646906,4.735136403,7.330639486,0.02,253378350.3,31.94474267,12.32511588,6.987698773,221.1061895,220.9289453,78.15118978,16.34043675,20.85027554,79.97092062,19.88245512,31.47085649,150.2858004,22.8318516,0,339.69,109.5251213,55.31933817,29.30849151,15.20739338,23.89818993,46.05371397,78.21748079,-17.81426366,-1.693562908,-11.65375217,39,14,21,21,13,23,9,-9.8813,121.3027,7,7,2,-8.17
pdb2bo8.ent,0.118110236,38.12154856,5.910482216,-0.349868766,44525.1579,615.423,13,21,339.69,-9.8813,9,12.35448675,-5.89063094,46.82051282,615.423,580.143,615.1565005,232,0.897435897,1.564102564,2.230769231,3.379396058,1.319489365,837.4288618,28.86107836,20.0340981,22.0340981,18.13666667,11.78395053,15.12786747,9.425119187,12.86143828,6.713381304,9.838646906,4.735136403,7.330639486,0.02,253378350.3,31.94474267,12.32511588,6.987698773,221.1061895,220.9289453,78.15118978,16.34043675,20.85027554,79.97092062,19.88245512,31.47085649,150.2858004,22.8318516,0,339.69,109.5251213,55.31933817,29.30849151,15.20739338,23.89818993,46.05371397,78.21748079,-17.81426366,-1.693562908,-11.65375217,39,14,21,21,13,23,9,-9.8813,121.3027,7,7,2,-8.04
pdb2bo8.ent,0.118110236,38.12154856,5.910482216,-0.349868766,44525.1579,615.423,13,21,339.69,-9.8813,9,12.35448675,-5.89063094,46.82051282,615.423,580.143,615.1565005,232,0.897435897,1.564102564,2.230769231,3.379396058,1.319489365,837.4288618,28.86107836,20.0340981,22.0340981,18.13666667,11.78395053,15.12786747,9.425119187,12.86143828,6.713381304,9.838646906,4.735136403,7.330639486,0.02,253378350.3,31.94474267,12.32511588,6.987698773,221.1061895,220.9289453,78.15118978,16.34043675,20.85027554,79.97092062,19.88245512,31.47085649,150.2858004,22.8318516,0,339.69,109.5251213,55.31933817,29.30849151,15.20739338,23.89818993,46.05371397,78.21748079,-17.81426366,-1.693562908,-11.65375217,39,14,21,21,13,23,9,-9.8813,121.3027,7,7,2,-8.11
pdb2bo8.ent,0.118110236,38.12154856,5.910482216,-0.349868766,44525.1579,615.423,13,21,339.69,-9.8813,9,12.35448675,-5.89063094,46.82051282,615.423,580.143,615.1565005,232,0.897435897,1.564102564,2.230769231,3.379396058,1.319489365,837.4288618,28.86107836,20.0340981,22.0340981,18.13666667,11.78395053,15.12786747,9.425119187,12.86143828,6.713381304,9.838646906,4.735136403,7.330639486,0.02,253378350.3,31.94474267,12.32511588,6.987698773,221.1061895,220.9289453,78.15118978,16.34043675,20.85027554,79.97092062,19.88245512,31.47085649,150.2858004,22.8318516,0,339.69,109.5251213,55.31933817,29.30849151,15.20739338,23.89818993,46.05371397,78.21748079,-17.81426366,-1.693562908,-11.65375217,39,14,21,21,13,23,9,-9.8813,121.3027,7,7,2,-8.11
pdb2bo8.ent,0.118110236,38.12154856,5.910482216,-0.349868766,44525.1579,615.423,13,21,339.69,-9.8813,9,12.35448675,-5.89063094,46.82051282,615.423,580.143,615.1565005,232,0.897435897,1.564102564,2.230769231,3.379396058,1.319489365,837.4288618,28.86107836,20.0340981,22.0340981,18.13666667,11.78395053,15.12786747,9.425119187,12.86143828,6.713381304,9.838646906,4.735136403,7.330639486,0.02,253378350.3,31.94474267,12.32511588,6.987698773,221.1061895,220.9289453,78.15118978,16.34043675,20.85027554,79.97092062,19.88245512,31.47085649,150.2858004,22.8318516,0,339.69,109.5251213,55.31933817,29.30849151,15.20739338,23.89818993,46.05371397,78.21748079,-17.81426366,-1.693562908,-11.65375217,39,14,21,21,13,23,9,-9.8813,121.3027,7,7,2,-8.16
pdb2bo8.ent,0.118110236,38.12154856,5.910482216,-0.349868766,44525.1579,615.423,13,21,339.69,-9.8813,9,12.35448675,-5.89063094,46.82051282,615.423,580.143,615.1565005,232,0.897435897,1.564102564,2.230769231,3.379396058,1.319489365,837.4288618,28.86107836,20.0340981,22.0340981,18.13666667,11.78395053,15.12786747,9.425119187,12.86143828,6.713381304,9.838646906,4.735136403,7.330639486,0.02,253378350.3,31.94474267,12.32511588,6.987698773,221.1061895,220.9289453,78.15118978,16.34043675,20.85027554,79.97092062,19.88245512,31.47085649,150.2858004,22.8318516,0,339.69,109.5251213,55.31933817,29.30849151,15.20739338,23.89818993,46.05371397,78.21748079,-17.81426366,-1.693562908,-11.65375217,39,14,21,21,13,23,9,-9.8813,121.3027,7,7,2,-8.07
pdb2bo7.ent,0.117021277,38.3931117,5.984316063,-0.349734043,44019.6371,453.282,10,16,260.54,-7.7055,6,11.54709042,-5.561978886,43.89285714,453.282,428.082,453.103677,168,1.142857143,1.821428571,2.464285714,3.060680238,1.61221445,558.3448456,20.85300667,14.28210261,16.28210261,12.8776292,8.263920344,11.64680258,6.634611811,9.884469494,4.603825105,7.230738592,3.404590485,5.359297687,0.22,1122914.608,22.89519417,8.392696728,5.09362707,159.3125762,158.8228629,53.35788168,16.34043675,20.85027554,49.26502834,13.27557315,31.47085649,97.44032822,13.57124149,0,260.54,72.21234706,29.99981699,24.78474434,20.25735364,13.69359817,50.34145757,39.07953278,-7.674005072,-0.628557901,-10.98929169,28,11,16,16,10,18,6,-7.7055,88.6693,3,3,1,-6.61
pdb2bo7.ent,0.117021277,38.3931117,5.984316063,-0.349734043,44019.6371,453.282,10,16,260.54,-7.7055,6,11.54709042,-5.561978886,43.89285714,453.282,428.082,453.103677,168,1.142857143,1.821428571,2.464285714,3.060680238,1.61221445,558.3448456,20.85300667,14.28210261,16.28210261,12.8776292,8.263920344,11.64680258,6.634611811,9.884469494,4.603825105,7.230738592,3.404590485,5.359297687,0.22,1122914.608,22.89519417,8.392696728,5.09362707,159.3125762,158.8228629,53.35788168,16.34043675,20.85027554,49.26502834,13.27557315,31.47085649,97.44032822,13.57124149,0,260.54,72.21234706,29.99981699,24.78474434,20.25735364,13.69359817,50.34145757,39.07953278,-7.674005072,-0.628557901,-10.98929169,28,11,16,16,10,18,6,-7.7055,88.6693,3,3,1,-6.6
pdb2bo7.ent,0.117021277,38.3931117,5.984316063,-0.349734043,44019.6371,453.282,10,16,260.54,-7.7055,6,11.54709042,-5.561978886,43.89285714,453.282,428.082,453.103677,168,1.142857143,1.821428571,2.464285714,3.060680238,1.61221445,558.3448456,20.85300667,14.28210261,16.28210261,12.8776292,8.263920344,11.64680258,6.634611811,9.884469494,4.603825105,7.230738592,3.404590485,5.359297687,0.22,1122914.608,22.89519417,8.392696728,5.09362707,159.3125762,158.8228629,53.35788168,16.34043675,20.85027554,49.26502834,13.27557315,31.47085649,97.44032822,13.57124149,0,260.54,72.21234706,29.99981699,24.78474434,20.25735364,13.69359817,50.34145757,39.07953278,-7.674005072,-0.628557901,-10.98929169,28,11,16,16,10,18,6,-7.7055,88.6693,3,3,1,-6.58
pdb2bo7.ent,0.117021277,38.3931117,5.984316063,-0.349734043,44019.6371,453.282,10,16,260.54,-7.7055,6,11.54709042,-5.561978886,43.89285714,453.282,428.082,453.103677,168,1.142857143,1.821428571,2.464285714,3.060680238,1.61221445,558.3448456,20.85300667,14.28210261,16.28210261,12.8776292,8.263920344,11.64680258,6.634611811,9.884469494,4.603825105,7.230738592,3.404590485,5.359297687,0.22,1122914.608,22.89519417,8.392696728,5.09362707,159.3125762,158.8228629,53.35788168,16.34043675,20.85027554,49.26502834,13.27557315,31.47085649,97.44032822,13.57124149,0,260.54,72.21234706,29.99981699,24.78474434,20.25735364,13.69359817,50.34145757,39.07953278,-7.674005072,-0.628557901,-10.98929169,28,11,16,16,10,18,6,-7.7055,88.6693,3,3,1,-6.55
pdb2bo7.ent,0.117021277,38.3931117,5.984316063,-0.349734043,44019.6371,453.282,10,16,260.54,-7.7055,6,11.54709042,-5.561978886,43.89285714,453.282,428.082,453.103677,168,1.142857143,1.821428571,2.464285714,3.060680238,1.61221445,558.3448456,20.85300667,14.28210261,16.28210261,12.8776292,8.263920344,11.64680258,6.634611811,9.884469494,4.603825105,7.230738592,3.404590485,5.359297687,0.22,1122914.608,22.89519417,8.392696728,5.09362707,159.3125762,158.8228629,53.35788168,16.34043675,20.85027554,49.26502834,13.27557315,31.47085649,97.44032822,13.57124149,0,260.54,72.21234706,29.99981699,24.78474434,20.25735364,13.69359817,50.34145757,39.07953278,-7.674005072,-0.628557901,-10.98929169,28,11,16,16,10,18,6,-7.7055,88.6693,3,3,1,-6.61
pdb2bo7.ent,0.117021277,38.3931117,5.984316063,-0.349734043,44019.6371,453.282,10,16,260.54,-7.7055,6,11.54709042,-5.561978886,43.89285714,453.282,428.082,453.103677,168,1.142857143,1.821428571,2.464285714,3.060680238,1.61221445,558.3448456,20.85300667,14.28210261,16.28210261,12.8776292,8.263920344,11.64680258,6.634611811,9.884469494,4.603825105,7.230738592,3.404590485,5.359297687,0.22,1122914.608,22.89519417,8.392696728,5.09362707,159.3125762,158.8228629,53.35788168,16.34043675,20.85027554,49.26502834,13.27557315,31.47085649,97.44032822,13.57124149,0,260.54,72.21234706,29.99981699,24.78474434,20.25735364,13.69359817,50.34145757,39.07953278,-7.674005072,-0.628557901,-10.98929169,28,11,16,16,10,18,6,-7.7055,88.6693,3,3,1,-6.55
pdb2bo7.ent,0.117021277,38.3931117,5.984316063,-0.349734043,44019.6371,453.282,10,16,260.54,-7.7055,6,11.54709042,-5.561978886,43.89285714,453.282,428.082,453.103677,168,1.142857143,1.821428571,2.464285714,3.060680238,1.61221445,558.3448456,20.85300667,14.28210261,16.28210261,12.8776292,8.263920344,11.64680258,6.634611811,9.884469494,4.603825105,7.230738592,3.404590485,5.359297687,0.22,1122914.608,22.89519417,8.392696728,5.09362707,159.3125762,158.8228629,53.35788168,16.34043675,20.85027554,49.26502834,13.27557315,31.47085649,97.44032822,13.57124149,0,260.54,72.21234706,29.99981699,24.78474434,20.25735364,13.69359817,50.34145757,39.07953278,-7.674005072,-0.628557901,-10.98929169,28,11,16,16,10,18,6,-7.7055,88.6693,3,3,1,-6.55
pdb2bo7.ent,0.117021277,38.3931117,5.984316063,-0.349734043,44019.6371,453.282,10,16,260.54,-7.7055,6,11.54709042,-5.561978886,43.89285714,453.282,428.082,453.103677,168,1.142857143,1.821428571,2.464285714,3.060680238,1.61221445,558.3448456,20.85300667,14.28210261,16.28210261,12.8776292,8.263920344,11.64680258,6.634611811,9.884469494,4.603825105,7.230738592,3.404590485,5.359297687,0.22,1122914.608,22.89519417,8.392696728,5.09362707,159.3125762,158.8228629,53.35788168,16.34043675,20.85027554,49.26502834,13.27557315,31.47085649,97.44032822,13.57124149,0,260.54,72.21234706,29.99981699,24.78474434,20.25735364,13.69359817,50.34145757,39.07953278,-7.674005072,-0.628557901,-10.98929169,28,11,16,16,10,18,6,-7.7055,88.6693,3,3,1,-6.56
pdb2bo7.ent,0.117021277,38.3931117,5.984316063,-0.349734043,44019.6371,453.282,10,16,260.54,-7.7055,6,11.54709042,-5.561978886,43.89285714,453.282,428.082,453.103677,168,1.142857143,1.821428571,2.464285714,3.060680238,1.61221445,558.3448456,20.85300667,14.28210261,16.28210261,12.8776292,8.263920344,11.64680258,6.634611811,9.884469494,4.603825105,7.230738592,3.404590485,5.359297687,0.22,1122914.608,22.89519417,8.392696728,5.09362707,159.3125762,158.8228629,53.35788168,16.34043675,20.85027554,49.26502834,13.27557315,31.47085649,97.44032822,13.57124149,0,260.54,72.21234706,29.99981699,24.78474434,20.25735364,13.69359817,50.34145757,39.07953278,-7.674005072,-0.628557901,-10.98929169,28,11,16,16,10,18,6,-7.7055,88.6693,3,3,1,-6.55
pdb2bo7.ent,0.117021277,38.3931117,5.984316063,-0.349734043,44019.6371,453.282,10,16,260.54,-7.7055,6,11.54709042,-5.561978886,43.89285714,453.282,428.082,453.103677,168,1.142857143,1.821428571,2.464285714,3.060680238,1.61221445,558.3448456,20.85300667,14.28210261,16.28210261,12.8776292,8.263920344,11.64680258,6.634611811,9.884469494,4.603825105,7.230738592,3.404590485,5.359297687,0.22,1122914.608,22.89519417,8.392696728,5.09362707,159.3125762,158.8228629,53.35788168,16.34043675,20.85027554,49.26502834,13.27557315,31.47085649,97.44032822,13.57124149,0,260.54,72.21234706,29.99981699,24.78474434,20.25735364,13.69359817,50.34145757,39.07953278,-7.674005072,-0.628557901,-10.98929169,28,11,16,16,10,18,6,-7.7055,88.6693,3,3,1,-6.61
pdb2bis.ent,0.115909091,25.07865909,5.805443764,-0.014318182,49265.0578,412.225,8,14,230.69,-6.1268,6,11.41150846,-5.557601927,39.56,412.225,390.049,412.0658946,152,1.12,1.76,2.32,2.708668567,1.930886079,452.7920023,18.99119935,12.70437218,14.70437218,11.39446595,7.210788729,10.59367097,5.614326824,8.864184507,3.672337021,6.299250508,2.537019115,4.491726317,0.3,181258.6831,21.59839957,8.12284233,5.88870225,142.3080839,141.7135416,58.46440908,16.34043675,10.21669833,43.54035908,13.15163837,15.10361181,90.27742995,13.57124149,6.420821623,230.69,60.06685617,35.10634439,14.15116714,14.52368616,13.32945637,49.4838389,41.54735296,-7.787285584,-0.702921012,-10.98155274,25,8,14,14,8,16,6,-6.1268,77.4703,4,4,1,-5.26
pdb2am5.ent,0.134502924,40.98654971,8.488697243,-0.402923977,39671.7405,412.225,8,14,230.69,-6.1268,6,11.41150846,-5.557601927,39.56,412.225,390.049,412.0658946,152,1.12,1.76,2.32,2.708668567,1.930886079,452.7920023,18.99119935,12.70437218,14.70437218,11.39446595,7.210788729,10.59367097,5.614326824,8.864184507,3.672337021,6.299250508,2.537019115,4.491726317,0.3,181258.6831,21.59839957,8.12284233,5.88870225,142.3080839,141.7135416,58.46440908,16.34043675,10.21669833,43.54035908,13.15163837,15.10361181,90.27742995,13.57124149,6.420821623,230.69,60.06685617,35.10634439,14.15116714,14.52368616,13.32945637,49.4838389,41.54735296,-7.787285584,-0.702921012,-10.98155274,25,8,14,14,8,16,6,-6.1268,77.4703,4,4,1,-6.88
pdb2am3.ent,0.134502924,40.98654971,8.488697243,-0.402923977,39671.7405,574.366,11,19,309.84,-8.3026,9,12.21890479,-5.886253981,44.05555556,574.366,542.11,574.118718,216,0.861111111,1.5,2.111111111,3.055525205,1.546915006,723.5528683,26.99927104,18.45636767,20.45636767,16.65350342,10.73081892,14.07473585,8.4048342,11.84115329,5.78189322,8.907158822,3.867565033,6.463068116,0.1,41785932.71,30.63878108,12.09103866,7.186870793,204.1016972,203.819624,83.25771717,16.34043675,10.21669833,74.24625136,19.75852033,15.10361181,143.1229022,22.8318516,6.420821623,309.84,97.37963042,55.31933817,18.6749143,14.5802533,23.4629234,45.2772329,80.67692563,-17.94348998,-1.772023168,-11.64601323,36,11,19,19,11,21,9,-8.3026,110.1037,8,8,2,-8.19
pdb1zdg.ent,0.120155039,29.07868217,5.762814522,-0.066666667,29026.6395,574.366,11,19,309.84,-8.3026,9,12.21890479,-5.886253981,44.05555556,574.366,542.11,574.118718,216,0.861111111,1.5,2.111111111,3.055525205,1.546915006,723.5528683,26.99927104,18.45636767,20.45636767,16.65350342,10.73081892,14.07473585,8.4048342,11.84115329,5.78189322,8.907158822,3.867565033,6.463068116,0.1,41785932.71,30.63878108,12.09103866,7.186870793,204.1016972,203.819624,83.25771717,16.34043675,10.21669833,74.24625136,19.75852033,15.10361181,143.1229022,22.8318516,6.420821623,309.84,97.37963042,55.31933817,18.6749143,14.5802533,23.4629234,45.2772329,80.67692563,-17.94348998,-1.772023168,-11.64601323,36,11,19,19,11,21,9,-8.3026,110.1037,8,8,2,-7.83
pdb1z8d.ent,0.103785104,37.02799756,6.815870476,-0.37008547,94626.183,356.296,8,12,187.79,-5.803,4,10.78689356,-4.952840235,46.08695652,356.296,333.112,356.1340583,136,1.260869565,2,2.695652174,3.007280518,1.640854509,428.8942351,16.7756564,12.20093535,13.20093535,10.77667556,7.299498732,9.010422504,5.863655324,7.249293869,4.342579467,4.885296154,3.18282888,3.564207887,-0.05,165343.2902,17.76276782,6.689274512,3.64598546,132.3850682,131.7655178,34.15389971,8.170218376,20.85027554,42.91319239,19.94426434,26.57744489,87.75724446,9.260610116,0,187.79,39.31690067,15.10646639,20.47411297,20.25735364,9.955578887,30.07731938,29.66112874,-4.918837567,0.346269196,-4.952840235,23,9,12,12,8,13,4,-5.803,75.9107,2,2,1,-5.1
pdb1y8z.ent,0.120822622,35.25323907,7.274561119,-0.507455013,45363.1112,412.225,8,14,230.69,-6.1268,6,11.41150846,-5.557601927,39.56,412.225,390.049,412.0658946,152,1.12,1.76,2.32,2.708668567,1.930886079,452.7920023,18.99119935,12.70437218,14.70437218,11.39446595,7.210788729,10.59367097,5.614326824,8.864184507,3.672337021,6.299250508,2.537019115,4.491726317,0.3,181258.6831,21.59839957,8.12284233,5.88870225,142.3080839,141.7135416,58.46440908,16.34043675,10.21669833,43.54035908,13.15163837,15.10361181,90.27742995,13.57124149,6.420821623,230.69,60.06685617,35.10634439,14.15116714,14.52368616,13.32945637,49.4838389,41.54735296,-7.787285584,-0.702921012,-10.98155274,25,8,14,14,8,16,6,-6.1268,77.4703,4,4,1,-7.53
pdb1y8z.ent,0.118598383,35.71161725,7.786314201,-0.485444744,43255.7676,412.225,8,14,230.69,-6.1268,6,11.41150846,-5.557601927,39.56,412.225,390.049,412.0658946,152,1.12,1.76,2.32,2.708668567,1.930886079,452.7920023,18.99119935,12.70437218,14.70437218,11.39446595,7.210788729,10.59367097,5.614326824,8.864184507,3.672337021,6.299250508,2.537019115,4.491726317,0.3,181258.6831,21.59839957,8.12284233,5.88870225,142.3080839,141.7135416,58.46440908,16.34043675,10.21669833,43.54035908,13.15163837,15.10361181,90.27742995,13.57124149,6.420821623,230.69,60.06685617,35.10634439,14.15116714,14.52368616,13.32945637,49.4838389,41.54735296,-7.787285584,-0.702921012,-10.98155274,25,8,14,14,8,16,6,-6.1268,77.4703,4,4,1,-7.38
pdb1v84.ent,0.089795918,47.3477551,10.1151701,-0.368571429,28154.1482,412.225,8,14,230.69,-6.1268,6,11.41150846,-5.557601927,39.56,412.225,390.049,412.0658946,152,1.12,1.76,2.32,2.708668567,1.930886079,452.7920023,18.99119935,12.70437218,14.70437218,11.39446595,7.210788729,10.59367097,5.614326824,8.864184507,3.672337021,6.299250508,2.537019115,4.491726317,0.3,181258.6831,21.59839957,8.12284233,5.88870225,142.3080839,141.7135416,58.46440908,16.34043675,10.21669833,43.54035908,13.15163837,15.10361181,90.27742995,13.57124149,6.420821623,230.69,60.06685617,35.10634439,14.15116714,14.52368616,13.32945637,49.4838389,41.54735296,-7.787285584,-0.702921012,-10.98155274,25,8,14,14,8,16,6,-6.1268,77.4703,4,4,1,-6.83
pdb1v84.ent,0.090534979,47.21193416,9.987200356,-0.34526749,27827.7105,412.225,8,14,230.69,-6.1268,6,11.41150846,-5.557601927,39.56,412.225,390.049,412.0658946,152,1.12,1.76,2.32,2.708668567,1.930886079,452.7920023,18.99119935,12.70437218,14.70437218,11.39446595,7.210788729,10.59367097,5.614326824,8.864184507,3.672337021,6.299250508,2.537019115,4.491726317,0.3,181258.6831,21.59839957,8.12284233,5.88870225,142.3080839,141.7135416,58.46440908,16.34043675,10.21669833,43.54035908,13.15163837,15.10361181,90.27742995,13.57124149,6.420821623,230.69,60.06685617,35.10634439,14.15116714,14.52368616,13.32945637,49.4838389,41.54735296,-7.787285584,-0.702921012,-10.98155274,25,8,14,14,8,16,6,-6.1268,77.4703,4,4,1,-6.67
pdb1uqu.ent,0.103982301,32.98827434,6.323815346,-0.261283186,51212.8246,574.366,11,19,309.84,-8.3026,9,12.21890479,-5.886253981,44.05555556,574.366,542.11,574.118718,216,0.861111111,1.5,2.111111111,3.055525205,1.546915006,723.5528683,26.99927104,18.45636767,20.45636767,16.65350342,10.73081892,14.07473585,8.4048342,11.84115329,5.78189322,8.907158822,3.867565033,6.463068116,0.1,41785932.71,30.63878108,12.09103866,7.186870793,204.1016972,203.819624,83.25771717,16.34043675,10.21669833,74.24625136,19.75852033,15.10361181,143.1229022,22.8318516,6.420821623,309.84,97.37963042,55.31933817,18.6749143,14.5802533,23.4629234,45.2772329,80.67692563,-17.94348998,-1.772023168,-11.64601323,36,11,19,19,11,21,9,-8.3026,110.1037,8,8,2,-8.43
pdb1sxq.ent,0.116809117,27.76071225,9.045704079,-0.306837607,40665.4426,412.225,8,14,230.69,-6.1268,6,11.41150846,-5.557601927,39.56,412.225,390.049,412.0658946,152,1.12,1.76,2.32,2.708668567,1.930886079,452.7920023,18.99119935,12.70437218,14.70437218,11.39446595,7.210788729,10.59367097,5.614326824,8.864184507,3.672337021,6.299250508,2.537019115,4.491726317,0.3,181258.6831,21.59839957,8.12284233,5.88870225,142.3080839,141.7135416,58.46440908,16.34043675,10.21669833,43.54035908,13.15163837,15.10361181,90.27742995,13.57124149,6.420821623,230.69,60.06685617,35.10634439,14.15116714,14.52368616,13.32945637,49.4838389,41.54735296,-7.787285584,-0.702921012,-10.98155274,25,8,14,14,8,16,6,-6.1268,77.4703,4,4,1,-7.18
pdb1sxq.ent,0.116809117,27.76071225,9.045704079,-0.306837607,40665.4426,412.225,8,14,230.69,-6.1268,6,11.41150846,-5.557601927,39.56,412.225,390.049,412.0658946,152,1.12,1.76,2.32,2.708668567,1.930886079,452.7920023,18.99119935,12.70437218,14.70437218,11.39446595,7.210788729,10.59367097,5.614326824,8.864184507,3.672337021,6.299250508,2.537019115,4.491726317,0.3,181258.6831,21.59839957,8.12284233,5.88870225,142.3080839,141.7135416,58.46440908,16.34043675,10.21669833,43.54035908,13.15163837,15.10361181,90.27742995,13.57124149,6.420821623,230.69,60.06685617,35.10634439,14.15116714,14.52368616,13.32945637,49.4838389,41.54735296,-7.787285584,-0.702921012,-10.98155274,25,8,14,14,8,16,6,-6.1268,77.4703,4,4,1,-7.14
pdb1s4o.ent,0.182089552,37.85823881,5.655729866,-0.702686567,39954.4059,453.282,10,16,260.54,-7.7055,6,11.54709042,-5.561978886,43.89285714,453.282,428.082,453.103677,168,1.142857143,1.821428571,2.464285714,3.060680238,1.61221445,558.3448456,20.85300667,14.28210261,16.28210261,12.8776292,8.263920344,11.64680258,6.634611811,9.884469494,4.603825105,7.230738592,3.404590485,5.359297687,0.22,1122914.608,22.89519417,8.392696728,5.09362707,159.3125762,158.8228629,53.35788168,16.34043675,20.85027554,49.26502834,13.27557315,31.47085649,97.44032822,13.57124149,0,260.54,72.21234706,29.99981699,24.78474434,20.25735364,13.69359817,50.34145757,39.07953278,-7.674005072,-0.628557901,-10.98929169,28,11,16,16,10,18,6,-7.7055,88.6693,3,3,1,-6.86
pdb1s4o.ent,0.182089552,37.66301493,5.650728035,-0.70358209,39998.4585,453.282,10,16,260.54,-7.7055,6,11.54709042,-5.561978886,43.89285714,453.282,428.082,453.103677,168,1.142857143,1.821428571,2.464285714,3.060680238,1.61221445,558.3448456,20.85300667,14.28210261,16.28210261,12.8776292,8.263920344,11.64680258,6.634611811,9.884469494,4.603825105,7.230738592,3.404590485,5.359297687,0.22,1122914.608,22.89519417,8.392696728,5.09362707,159.3125762,158.8228629,53.35788168,16.34043675,20.85027554,49.26502834,13.27557315,31.47085649,97.44032822,13.57124149,0,260.54,72.21234706,29.99981699,24.78474434,20.25735364,13.69359817,50.34145757,39.07953278,-7.674005072,-0.628557901,-10.98929169,28,11,16,16,10,18,6,-7.7055,88.6693,3,3,1,-6.84
pdb1rzu.ent,0.081761006,29.95052411,5.882176399,0.101048218,51386.2811,332.246,8,11,175.34,-4.2739,4,9.943468443,-4.741659148,43.19047619,332.246,311.078,332.0984669,126,1.142857143,1.80952381,2.380952381,2.63559112,1.957558821,356.6002527,15.78409257,10.9796273,11.9796273,9.687359167,6.394292148,8.144181225,5.013783046,6.450180738,3.421654696,3.975619698,2.346035531,2.733908755,-0.01,36879.82654,17.34552975,6.62366093,4.255676924,120.1748097,119.4458687,44.3669545,8.170218376,10.21669833,43.54035908,13.15163837,5.316788604,90.27742995,9.260610116,6.420821623,175.34,51.8966378,20.42610958,9.840535766,19.41709776,9.71903804,27.56138307,41.3285765,-6.840039192,-0.33285482,-4.741659148,21,8,11,11,8,12,4,-4.2739,68.0703,4,4,1,-6.18
pdb1rzu.ent,0.081589958,29.90878661,5.967264366,0.092677824,51514.4534,332.246,8,11,175.34,-4.2739,4,9.943468443,-4.741659148,43.19047619,332.246,311.078,332.0984669,126,1.142857143,1.80952381,2.380952381,2.63559112,1.957558821,356.6002527,15.78409257,10.9796273,11.9796273,9.687359167,6.394292148,8.144181225,5.013783046,6.450180738,3.421654696,3.975619698,2.346035531,2.733908755,-0.01,36879.82654,17.34552975,6.62366093,4.255676924,120.1748097,119.4458687,44.3669545,8.170218376,10.21669833,43.54035908,13.15163837,5.316788604,90.27742995,9.260610116,6.420821623,175.34,51.8966378,20.42610958,9.840535766,19.41709776,9.71903804,27.56138307,41.3285765,-6.840039192,-0.33285482,-4.741659148,21,8,11,11,8,12,4,-4.2739,68.0703,4,4,1,-6.3
pdb1rrv.ent,0.052369077,46.12396509,5.019246864,0.105486284,42098.6025,410.253,7,13,210.46,-4.8516,6,11.43547108,-5.502394355,39.56,410.253,386.061,410.08663,152,1.24,1.88,2.48,2.790403366,1.885578281,453.0678486,18.99119935,13.25715858,15.25715858,11.3776292,7.513103356,10.8959856,6.076894318,9.326752001,3.937765595,6.564679082,2.675244887,4.629952089,0.34,184442.8721,21.63795519,8.147990042,6.178677591,143.8787923,143.3446911,53.35788168,16.34043675,10.21669833,44.36012989,13.15163837,15.10361181,79.06693616,13.57124149,13.34455882,210.46,53.96288979,29.99981699,14.15116714,14.52368616,13.64914615,49.85334714,32.08888152,-5.002938101,1.35986321,-10.8336961,25,7,13,13,7,15,6,-4.8516,80.6275,3,3,1,-6.98
pdb1rrv.ent,0.0525,46.214275,4.96155529,0.117,41942.4168,410.253,7,13,210.46,-4.8516,6,11.43547108,-5.502394355,39.56,410.253,386.061,410.08663,152,1.24,1.88,2.48,2.790403366,1.885578281,453.0678486,18.99119935,13.25715858,15.25715858,11.3776292,7.513103356,10.8959856,6.076894318,9.326752001,3.937765595,6.564679082,2.675244887,4.629952089,0.34,184442.8721,21.63795519,8.147990042,6.178677591,143.8787923,143.3446911,53.35788168,16.34043675,10.21669833,44.36012989,13.15163837,15.10361181,79.06693616,13.57124149,13.34455882,210.46,53.96288979,29.99981699,14.15116714,14.52368616,13.64914615,49.85334714,32.08888152,-5.002938101,1.35986321,-10.8336961,25,7,13,13,7,15,6,-4.8516,80.6275,3,3,1,-7.03
pdb1r81.ent,0.127819549,44.61360902,7.724498558,-0.091353383,30759.2226,617.435,12,20,321.87,-8.367,11,12.52019331,-5.898921529,42.43589744,617.435,580.139,617.1609171,234,1,1.641025641,2.230769231,3.096424879,1.593295509,788.7224049,29.28372809,20.53371794,22.53371794,18.04735027,11.88551946,15.22943639,9.282665272,12.71898436,6.247939896,9.373205498,4.341384782,6.944071184,0.06,154682644.9,33.56077002,13.5723819,8.554755203,222.3814436,222.2259254,83.25771717,16.34043675,15.53348694,87.33576417,19.75852033,20.42040041,149.2886778,22.8318516,13.34455882,321.87,103.545406,60.42586557,19.46795574,13.99747307,24.25350732,46.18209235,83.99078265,-16.74896323,-0.542919531,-11.6788535,39,12,20,20,12,22,11,-8.367,122.7014,8,8,2,-6.31
pdb1qgs.ent,0.12605042,46.5405042,5.63805294,-0.494537815,27923.299,412.225,8,14,230.69,-6.1268,6,11.41150846,-5.557601927,39.56,412.225,390.049,412.0658946,152,1.12,1.76,2.32,2.708668567,1.930886079,452.7920023,18.99119935,12.70437218,14.70437218,11.39446595,7.210788729,10.59367097,5.614326824,8.864184507,3.672337021,6.299250508,2.537019115,4.491726317,0.3,181258.6831,21.59839957,8.12284233,5.88870225,142.3080839,141.7135416,58.46440908,16.34043675,10.21669833,43.54035908,13.15163837,15.10361181,90.27742995,13.57124149,6.420821623,230.69,60.06685617,35.10634439,14.15116714,14.52368616,13.32945637,49.4838389,41.54735296,-7.787285584,-0.702921012,-10.98155274,25,8,14,14,8,16,6,-6.1268,77.4703,4,4,1,-6.89
pdb1qgq.ent,0.12605042,46.5405042,5.63805294,-0.494537815,27923.299,412.225,8,14,230.69,-6.1268,6,11.41150846,-5.557601927,39.56,412.225,390.049,412.0658946,152,1.12,1.76,2.32,2.708668567,1.930886079,452.7920023,18.99119935,12.70437218,14.70437218,11.39446595,7.210788729,10.59367097,5.614326824,8.864184507,3.672337021,6.299250508,2.537019115,4.491726317,0.3,181258.6831,21.59839957,8.12284233,5.88870225,142.3080839,141.7135416,58.46440908,16.34043675,10.21669833,43.54035908,13.15163837,15.10361181,90.27742995,13.57124149,6.420821623,230.69,60.06685617,35.10634439,14.15116714,14.52368616,13.32945637,49.4838389,41.54735296,-7.787285584,-0.702921012,-10.98155274,25,8,14,14,8,16,6,-6.1268,77.4703,4,4,1,-6.93
pdb1pnv.ent,0.052356021,34.39712042,4.848900414,0.128272251,40213.3322,410.253,7,13,210.46,-4.8516,6,11.43547108,-5.502394355,39.56,410.253,386.061,410.08663,152,1.24,1.88,2.48,2.790403366,1.885578281,453.0678486,18.99119935,13.25715858,15.25715858,11.3776292,7.513103356,10.8959856,6.076894318,9.326752001,3.937765595,6.564679082,2.675244887,4.629952089,0.34,184442.8721,21.63795519,8.147990042,6.178677591,143.8787923,143.3446911,53.35788168,16.34043675,10.21669833,44.36012989,13.15163837,15.10361181,79.06693616,13.57124149,13.34455882,210.46,53.96288979,29.99981699,14.15116714,14.52368616,13.64914615,49.85334714,32.08888152,-5.002938101,1.35986321,-10.8336961,25,7,13,13,7,15,6,-4.8516,80.6275,3,3,1,-7.02
pdb1oqm.ent,0.121323529,35.39264706,8.685970497,-0.354411765,31475.8353,617.435,12,20,321.87,-8.367,11,12.52019331,-5.898921529,42.43589744,617.435,580.139,617.1609171,234,1,1.641025641,2.230769231,3.096424879,1.593295509,788.7224049,29.28372809,20.53371794,22.53371794,18.04735027,11.88551946,15.22943639,9.282665272,12.71898436,6.247939896,9.373205498,4.341384782,6.944071184,0.06,154682644.9,33.56077002,13.5723819,8.554755203,222.3814436,222.2259254,83.25771717,16.34043675,15.53348694,87.33576417,19.75852033,20.42040041,149.2886778,22.8318516,13.34455882,321.87,103.545406,60.42586557,19.46795574,13.99747307,24.25350732,46.18209235,83.99078265,-16.74896323,-0.542919531,-11.6788535,39,12,20,20,12,22,11,-8.367,122.7014,8,8,2,-8.68
pdb1oqm.ent,0.121323529,35.39264706,8.685970497,-0.354411765,31475.8353,617.435,12,20,321.87,-8.367,11,12.52019331,-5.898921529,42.43589744,617.435,580.139,617.1609171,234,1,1.641025641,2.230769231,3.096424879,1.593295509,788.7224049,29.28372809,20.53371794,22.53371794,18.04735027,11.88551946,15.22943639,9.282665272,12.71898436,6.247939896,9.373205498,4.341384782,6.944071184,0.06,154682644.9,33.56077002,13.5723819,8.554755203,222.3814436,222.2259254,83.25771717,16.34043675,15.53348694,87.33576417,19.75852033,20.42040041,149.2886778,22.8318516,13.34455882,321.87,103.545406,60.42586557,19.46795574,13.99747307,24.25350732,46.18209235,83.99078265,-16.74896323,-0.542919531,-11.6788535,39,12,20,20,12,22,11,-8.367,122.7014,8,8,2,-8.61
pdb1on8.ent,0.116981132,34.9909434,6.533778572,-0.169811321,30118.1572,412.225,8,14,230.69,-6.1268,6,11.41150846,-5.557601927,39.56,412.225,390.049,412.0658946,152,1.12,1.76,2.32,2.708668567,1.930886079,452.7920023,18.99119935,12.70437218,14.70437218,11.39446595,7.210788729,10.59367097,5.614326824,8.864184507,3.672337021,6.299250508,2.537019115,4.491726317,0.3,181258.6831,21.59839957,8.12284233,5.88870225,142.3080839,141.7135416,58.46440908,16.34043675,10.21669833,43.54035908,13.15163837,15.10361181,90.27742995,13.57124149,6.420821623,230.69,60.06685617,35.10634439,14.15116714,14.52368616,13.32945637,49.4838389,41.54735296,-7.787285584,-0.702921012,-10.98155274,25,8,14,14,8,16,6,-6.1268,77.4703,4,4,1,-7.22
pdb1on8.ent,0.114503817,36.74847328,6.533835411,-0.151908397,29783.8301,412.225,8,14,230.69,-6.1268,6,11.41150846,-5.557601927,39.56,412.225,390.049,412.0658946,152,1.12,1.76,2.32,2.708668567,1.930886079,452.7920023,18.99119935,12.70437218,14.70437218,11.39446595,7.210788729,10.59367097,5.614326824,8.864184507,3.672337021,6.299250508,2.537019115,4.491726317,0.3,181258.6831,21.59839957,8.12284233,5.88870225,142.3080839,141.7135416,58.46440908,16.34043675,10.21669833,43.54035908,13.15163837,15.10361181,90.27742995,13.57124149,6.420821623,230.69,60.06685617,35.10634439,14.15116714,14.52368616,13.32945637,49.4838389,41.54735296,-7.787285584,-0.702921012,-10.98155274,25,8,14,14,8,16,6,-6.1268,77.4703,4,4,1,-7.14
pdb1on6.ent,0.114173228,36.65866142,6.473642921,-0.111417323,28826.7661,617.435,12,20,321.87,-8.367,11,12.52019331,-5.898921529,42.43589744,617.435,580.139,617.1609171,234,1,1.641025641,2.230769231,3.096424879,1.593295509,788.7224049,29.28372809,20.53371794,22.53371794,18.04735027,11.88551946,15.22943639,9.282665272,12.71898436,6.247939896,9.373205498,4.341384782,6.944071184,0.06,154682644.9,33.56077002,13.5723819,8.554755203,222.3814436,222.2259254,83.25771717,16.34043675,15.53348694,87.33576417,19.75852033,20.42040041,149.2886778,22.8318516,13.34455882,321.87,103.545406,60.42586557,19.46795574,13.99747307,24.25350732,46.18209235,83.99078265,-16.74896323,-0.542919531,-11.6788535,39,12,20,20,12,22,11,-8.367,122.7014,8,8,2,-8.06
pdb1on6.ent,0.112840467,36.34747082,6.431923103,-0.142023346,29171.1297,617.435,12,20,321.87,-8.367,11,12.52019331,-5.898921529,42.43589744,617.435,580.139,617.1609171,234,1,1.641025641,2.230769231,3.096424879,1.593295509,788.7224049,29.28372809,20.53371794,22.53371794,18.04735027,11.88551946,15.22943639,9.282665272,12.71898436,6.247939896,9.373205498,4.341384782,6.944071184,0.06,154682644.9,33.56077002,13.5723819,8.554755203,222.3814436,222.2259254,83.25771717,16.34043675,15.53348694,87.33576417,19.75852033,20.42040041,149.2886778,22.8318516,13.34455882,321.87,103.545406,60.42586557,19.46795574,13.99747307,24.25350732,46.18209235,83.99078265,-16.74896323,-0.542919531,-11.6788535,39,12,20,20,12,22,11,-8.367,122.7014,8,8,2,-8.26
pdb1omz.ent,0.114624506,36.76403162,6.245320702,-0.094071146,28670.5804,617.435,12,20,321.87,-8.367,11,12.52019331,-5.898921529,42.43589744,617.435,580.139,617.1609171,234,1,1.641025641,2.230769231,3.096424879,1.593295509,788.7224049,29.28372809,20.53371794,22.53371794,18.04735027,11.88551946,15.22943639,9.282665272,12.71898436,6.247939896,9.373205498,4.341384782,6.944071184,0.06,154682644.9,33.56077002,13.5723819,8.554755203,222.3814436,222.2259254,83.25771717,16.34043675,15.53348694,87.33576417,19.75852033,20.42040041,149.2886778,22.8318516,13.34455882,321.87,103.545406,60.42586557,19.46795574,13.99747307,24.25350732,46.18209235,83.99078265,-16.74896323,-0.542919531,-11.6788535,39,12,20,20,12,22,11,-8.367,122.7014,8,8,2,-8.11
pdb1omz.ent,0.11372549,36.55411765,6.429592705,-0.114117647,28913.8434,617.435,12,20,321.87,-8.367,11,12.52019331,-5.898921529,42.43589744,617.435,580.139,617.1609171,234,1,1.641025641,2.230769231,3.096424879,1.593295509,788.7224049,29.28372809,20.53371794,22.53371794,18.04735027,11.88551946,15.22943639,9.282665272,12.71898436,6.247939896,9.373205498,4.341384782,6.944071184,0.06,154682644.9,33.56077002,13.5723819,8.554755203,222.3814436,222.2259254,83.25771717,16.34043675,15.53348694,87.33576417,19.75852033,20.42040041,149.2886778,22.8318516,13.34455882,321.87,103.545406,60.42586557,19.46795574,13.99747307,24.25350732,46.18209235,83.99078265,-16.74896323,-0.542919531,-11.6788535,39,12,20,20,12,22,11,-8.367,122.7014,8,8,2,-8.22
pdb1nlm.ent,0.062857143,39.24771429,9.735838127,0.049428571,37353.7693,617.435,12,20,321.87,-8.367,11,12.52019331,-5.898921529,42.43589744,617.435,580.139,617.1609171,234,1,1.641025641,2.230769231,3.096424879,1.593295509,788.7224049,29.28372809,20.53371794,22.53371794,18.04735027,11.88551946,15.22943639,9.282665272,12.71898436,6.247939896,9.373205498,4.341384782,6.944071184,0.06,154682644.9,33.56077002,13.5723819,8.554755203,222.3814436,222.2259254,83.25771717,16.34043675,15.53348694,87.33576417,19.75852033,20.42040041,149.2886778,22.8318516,13.34455882,321.87,103.545406,60.42586557,19.46795574,13.99747307,24.25350732,46.18209235,83.99078265,-16.74896323,-0.542919531,-11.6788535,39,12,20,20,12,22,11,-8.367,122.7014,8,8,2,-8.33
pdb1nlm.ent,0.062857143,39.24771429,9.735838127,0.049428571,37353.7693,617.435,12,20,321.87,-8.367,11,12.52019331,-5.898921529,42.43589744,617.435,580.139,617.1609171,234,1,1.641025641,2.230769231,3.096424879,1.593295509,788.7224049,29.28372809,20.53371794,22.53371794,18.04735027,11.88551946,15.22943639,9.282665272,12.71898436,6.247939896,9.373205498,4.341384782,6.944071184,0.06,154682644.9,33.56077002,13.5723819,8.554755203,222.3814436,222.2259254,83.25771717,16.34043675,15.53348694,87.33576417,19.75852033,20.42040041,149.2886778,22.8318516,13.34455882,321.87,103.545406,60.42586557,19.46795574,13.99747307,24.25350732,46.18209235,83.99078265,-16.74896323,-0.542919531,-11.6788535,39,12,20,20,12,22,11,-8.367,122.7014,8,8,2,-7.87
pdb1nhe.ent,0.125475285,33.17072243,8.685970497,-0.431558935,30295.0713,412.225,8,14,230.69,-6.1268,6,11.41150846,-5.557601927,39.56,412.225,390.049,412.0658946,152,1.12,1.76,2.32,2.708668567,1.930886079,452.7920023,18.99119935,12.70437218,14.70437218,11.39446595,7.210788729,10.59367097,5.614326824,8.864184507,3.672337021,6.299250508,2.537019115,4.491726317,0.3,181258.6831,21.59839957,8.12284233,5.88870225,142.3080839,141.7135416,58.46440908,16.34043675,10.21669833,43.54035908,13.15163837,15.10361181,90.27742995,13.57124149,6.420821623,230.69,60.06685617,35.10634439,14.15116714,14.52368616,13.32945637,49.4838389,41.54735296,-7.787285584,-0.702921012,-10.98155274,25,8,14,14,8,16,6,-6.1268,77.4703,4,4,1,-6.48
pdb1nhe.ent,0.125475285,33.17072243,8.685970497,-0.431558935,30295.0713,412.225,8,14,230.69,-6.1268,6,11.41150846,-5.557601927,39.56,412.225,390.049,412.0658946,152,1.12,1.76,2.32,2.708668567,1.930886079,452.7920023,18.99119935,12.70437218,14.70437218,11.39446595,7.210788729,10.59367097,5.614326824,8.864184507,3.672337021,6.299250508,2.537019115,4.491726317,0.3,181258.6831,21.59839957,8.12284233,5.88870225,142.3080839,141.7135416,58.46440908,16.34043675,10.21669833,43.54035908,13.15163837,15.10361181,90.27742995,13.57124149,6.420821623,230.69,60.06685617,35.10634439,14.15116714,14.52368616,13.32945637,49.4838389,41.54735296,-7.787285584,-0.702921012,-10.98155274,25,8,14,14,8,16,6,-6.1268,77.4703,4,4,1,-6.54
pdb1m5r.ent,0.116809117,27.76071225,9.045704079,-0.306837607,40665.4426,412.225,8,14,230.69,-6.1268,6,11.41150846,-5.557601927,39.56,412.225,390.049,412.0658946,152,1.12,1.76,2.32,2.708668567,1.930886079,452.7920023,18.99119935,12.70437218,14.70437218,11.39446595,7.210788729,10.59367097,5.614326824,8.864184507,3.672337021,6.299250508,2.537019115,4.491726317,0.3,181258.6831,21.59839957,8.12284233,5.88870225,142.3080839,141.7135416,58.46440908,16.34043675,10.21669833,43.54035908,13.15163837,15.10361181,90.27742995,13.57124149,6.420821623,230.69,60.06685617,35.10634439,14.15116714,14.52368616,13.32945637,49.4838389,41.54735296,-7.787285584,-0.702921012,-10.98155274,25,8,14,14,8,16,6,-6.1268,77.4703,4,4,1,-7.07
pdb1m5r.ent,0.116809117,27.76071225,9.045704079,-0.306837607,40665.4426,412.225,8,14,230.69,-6.1268,6,11.41150846,-5.557601927,39.56,412.225,390.049,412.0658946,152,1.12,1.76,2.32,2.708668567,1.930886079,452.7920023,18.99119935,12.70437218,14.70437218,11.39446595,7.210788729,10.59367097,5.614326824,8.864184507,3.672337021,6.299250508,2.537019115,4.491726317,0.3,181258.6831,21.59839957,8.12284233,5.88870225,142.3080839,141.7135416,58.46440908,16.34043675,10.21669833,43.54035908,13.15163837,15.10361181,90.27742995,13.57124149,6.420821623,230.69,60.06685617,35.10634439,14.15116714,14.52368616,13.32945637,49.4838389,41.54735296,-7.787285584,-0.702921012,-10.98155274,25,8,14,14,8,16,6,-6.1268,77.4703,4,4,1,-7.08
pdb1lzi.ent,0.125,44.87583333,7.728249931,-0.093939394,30524.9715,412.225,8,14,230.69,-6.1268,6,11.41150846,-5.557601927,39.56,412.225,390.049,412.0658946,152,1.12,1.76,2.32,2.708668567,1.930886079,452.7920023,18.99119935,12.70437218,14.70437218,11.39446595,7.210788729,10.59367097,5.614326824,8.864184507,3.672337021,6.299250508,2.537019115,4.491726317,0.3,181258.6831,21.59839957,8.12284233,5.88870225,142.3080839,141.7135416,58.46440908,16.34043675,10.21669833,43.54035908,13.15163837,15.10361181,90.27742995,13.57124149,6.420821623,230.69,60.06685617,35.10634439,14.15116714,14.52368616,13.32945637,49.4838389,41.54735296,-7.787285584,-0.702921012,-10.98155274,25,8,14,14,8,16,6,-6.1268,77.4703,4,4,1,-6.5
pdb1ll2.ent,0.117647059,28.47254902,5.587977791,-0.093333333,28689.2025,574.366,11,19,309.84,-8.3026,9,12.21890479,-5.886253981,44.05555556,574.366,542.11,574.118718,216,0.861111111,1.5,2.111111111,3.055525205,1.546915006,723.5528683,26.99927104,18.45636767,20.45636767,16.65350342,10.73081892,14.07473585,8.4048342,11.84115329,5.78189322,8.907158822,3.867565033,6.463068116,0.1,41785932.71,30.63878108,12.09103866,7.186870793,204.1016972,203.819624,83.25771717,16.34043675,10.21669833,74.24625136,19.75852033,15.10361181,143.1229022,22.8318516,6.420821623,309.84,97.37963042,55.31933817,18.6749143,14.5802533,23.4629234,45.2772329,80.67692563,-17.94348998,-1.772023168,-11.64601323,36,11,19,19,11,21,9,-8.3026,110.1037,8,8,2,-7.77
pdb1jiv.ent,0.116809117,27.76071225,9.045704079,-0.306837607,40665.4426,412.225,8,14,230.69,-6.1268,6,11.41150846,-5.557601927,39.56,412.225,390.049,412.0658946,152,1.12,1.76,2.32,2.708668567,1.930886079,452.7920023,18.99119935,12.70437218,14.70437218,11.39446595,7.210788729,10.59367097,5.614326824,8.864184507,3.672337021,6.299250508,2.537019115,4.491726317,0.3,181258.6831,21.59839957,8.12284233,5.88870225,142.3080839,141.7135416,58.46440908,16.34043675,10.21669833,43.54035908,13.15163837,15.10361181,90.27742995,13.57124149,6.420821623,230.69,60.06685617,35.10634439,14.15116714,14.52368616,13.32945637,49.4838389,41.54735296,-7.787285584,-0.702921012,-10.98155274,25,8,14,14,8,16,6,-6.1268,77.4703,4,4,1,-7.2
pdb1jg7.ent,0.116809117,27.76071225,9.045704079,-0.306837607,40665.4426,412.225,8,14,230.69,-6.1268,6,11.41150846,-5.557601927,39.56,412.225,390.049,412.0658946,152,1.12,1.76,2.32,2.708668567,1.930886079,452.7920023,18.99119935,12.70437218,14.70437218,11.39446595,7.210788729,10.59367097,5.614326824,8.864184507,3.672337021,6.299250508,2.537019115,4.491726317,0.3,181258.6831,21.59839957,8.12284233,5.88870225,142.3080839,141.7135416,58.46440908,16.34043675,10.21669833,43.54035908,13.15163837,15.10361181,90.27742995,13.57124149,6.420821623,230.69,60.06685617,35.10634439,14.15116714,14.52368616,13.32945637,49.4838389,41.54735296,-7.787285584,-0.702921012,-10.98155274,25,8,14,14,8,16,6,-6.1268,77.4703,4,4,1,-7.12
pdb1j39.ent,0.113372093,29.21921512,8.94951725,-0.317732558,39915.5865,574.366,11,19,309.84,-8.3026,9,12.21890479,-5.886253981,44.05555556,574.366,542.11,574.118718,216,0.861111111,1.5,2.111111111,3.055525205,1.546915006,723.5528683,26.99927104,18.45636767,20.45636767,16.65350342,10.73081892,14.07473585,8.4048342,11.84115329,5.78189322,8.907158822,3.867565033,6.463068116,0.1,41785932.71,30.63878108,12.09103866,7.186870793,204.1016972,203.819624,83.25771717,16.34043675,10.21669833,74.24625136,19.75852033,15.10361181,143.1229022,22.8318516,6.420821623,309.84,97.37963042,55.31933817,18.6749143,14.5802533,23.4629234,45.2772329,80.67692563,-17.94348998,-1.772023168,-11.64601323,36,11,19,19,11,21,9,-8.3026,110.1037,8,8,2,-8.55
pdb1ixy.ent,0.116809117,27.76071225,9.045704079,-0.306837607,40665.4426,412.225,8,14,230.69,-6.1268,6,11.41150846,-5.557601927,39.56,412.225,390.049,412.0658946,152,1.12,1.76,2.32,2.708668567,1.930886079,452.7920023,18.99119935,12.70437218,14.70437218,11.39446595,7.210788729,10.59367097,5.614326824,8.864184507,3.672337021,6.299250508,2.537019115,4.491726317,0.3,181258.6831,21.59839957,8.12284233,5.88870225,142.3080839,141.7135416,58.46440908,16.34043675,10.21669833,43.54035908,13.15163837,15.10361181,90.27742995,13.57124149,6.420821623,230.69,60.06685617,35.10634439,14.15116714,14.52368616,13.32945637,49.4838389,41.54735296,-7.787285584,-0.702921012,-10.98155274,25,8,14,14,8,16,6,-6.1268,77.4703,4,4,1,-7.02
pdb1ixy.ent,0.116809117,27.76071225,9.045704079,-0.306837607,40665.4426,412.225,8,14,230.69,-6.1268,6,11.41150846,-5.557601927,39.56,412.225,390.049,412.0658946,152,1.12,1.76,2.32,2.708668567,1.930886079,452.7920023,18.99119935,12.70437218,14.70437218,11.39446595,7.210788729,10.59367097,5.614326824,8.864184507,3.672337021,6.299250508,2.537019115,4.491726317,0.3,181258.6831,21.59839957,8.12284233,5.88870225,142.3080839,141.7135416,58.46440908,16.34043675,10.21669833,43.54035908,13.15163837,15.10361181,90.27742995,13.57124149,6.420821623,230.69,60.06685617,35.10634439,14.15116714,14.52368616,13.32945637,49.4838389,41.54735296,-7.787285584,-0.702921012,-10.98155274,25,8,14,14,8,16,6,-6.1268,77.4703,4,4,1,-7.08
pdb1h7q.ent,0.125,45.4335,5.485553932,-0.519583333,28152.489,410.253,7,13,210.46,-4.8516,6,11.43547108,-5.502394355,39.56,410.253,386.061,410.08663,152,1.24,1.88,2.48,2.790403366,1.885578281,453.0678486,18.99119935,13.25715858,15.25715858,11.3776292,7.513103356,10.8959856,6.076894318,9.326752001,3.937765595,6.564679082,2.675244887,4.629952089,0.34,184442.8721,21.63795519,8.147990042,6.178677591,143.8787923,143.3446911,53.35788168,16.34043675,10.21669833,44.36012989,13.15163837,15.10361181,79.06693616,13.57124149,13.34455882,210.46,53.96288979,29.99981699,14.15116714,14.52368616,13.64914615,49.85334714,32.08888152,-5.002938101,1.35986321,-10.8336961,25,7,13,13,7,15,6,-4.8516,80.6275,3,3,1,-7.06
pdb1h7l.ent,0.125523013,44.95288703,5.63805294,-0.507112971,28037.4016,410.253,7,13,210.46,-4.8516,6,11.43547108,-5.502394355,39.56,410.253,386.061,410.08663,152,1.24,1.88,2.48,2.790403366,1.885578281,453.0678486,18.99119935,13.25715858,15.25715858,11.3776292,7.513103356,10.8959856,6.076894318,9.326752001,3.937765595,6.564679082,2.675244887,4.629952089,0.34,184442.8721,21.63795519,8.147990042,6.178677591,143.8787923,143.3446911,53.35788168,16.34043675,10.21669833,44.36012989,13.15163837,15.10361181,79.06693616,13.57124149,13.34455882,210.46,53.96288979,29.99981699,14.15116714,14.52368616,13.64914615,49.85334714,32.08888152,-5.002938101,1.35986321,-10.8336961,25,7,13,13,7,15,6,-4.8516,80.6275,3,3,1,-7.08
8j30.pdb,0.100328947,46.16138158,5.783447075,-0.132236842,68941.8682,574.366,11,19,309.84,-8.3026,9,12.21890479,-5.886253981,44.05555556,574.366,542.11,574.118718,216,0.861111111,1.5,2.111111111,3.055525205,1.546915006,723.5528683,26.99927104,18.45636767,20.45636767,16.65350342,10.73081892,14.07473585,8.4048342,11.84115329,5.78189322,8.907158822,3.867565033,6.463068116,0.1,41785932.71,30.63878108,12.09103866,7.186870793,204.1016972,203.819624,83.25771717,16.34043675,10.21669833,74.24625136,19.75852033,15.10361181,143.1229022,22.8318516,6.420821623,309.84,97.37963042,55.31933817,18.6749143,14.5802533,23.4629234,45.2772329,80.67692563,-17.94348998,-1.772023168,-11.64601323,36,11,19,19,11,21,9,-8.3026,110.1037,8,8,2,-8.13
8j30.pdb,0.102348993,45.62838926,5.877572441,-0.112751678,67602.3942,412.225,8,14,230.69,-6.1268,6,11.41150846,-5.557601927,39.56,412.225,390.049,412.0658946,152,1.12,1.76,2.32,2.708668567,1.930886079,452.7920023,18.99119935,12.70437218,14.70437218,11.39446595,7.210788729,10.59367097,5.614326824,8.864184507,3.672337021,6.299250508,2.537019115,4.491726317,0.3,181258.6831,21.59839957,8.12284233,5.88870225,142.3080839,141.7135416,58.46440908,16.34043675,10.21669833,43.54035908,13.15163837,15.10361181,90.27742995,13.57124149,6.420821623,230.69,60.06685617,35.10634439,14.15116714,14.52368616,13.32945637,49.4838389,41.54735296,-7.787285584,-0.702921012,-10.98155274,25,8,14,14,8,16,6,-6.1268,77.4703,4,4,1,-6.95
8csb.pdb,0.117048346,40.36956743,4.971729469,-0.061577608,44167.3283,552.447,12,18,303.57,-8.0443,9,12.64894602,-5.651802046,44.19444444,552.447,517.167,552.1811276,214,1.138888889,1.805555556,2.388888889,3.074007347,1.659605392,726.7979807,26.99927104,18.92432814,19.92432814,16.70885086,11.14035916,12.81231763,8.936497087,10.47701892,6.291138614,7.426082776,4.297633428,5.4049386,-0.29,45609557.3,30.25422363,11.84322473,6.461931768,204.8324316,204.5379531,74.26678999,8.170218376,10.21669833,86.39205858,19.75852033,15.94386768,149.0610036,18.52122023,12.84164325,303.57,101.3552193,50.63904236,5.316788604,29.3614151,20.25143503,24.13369626,91.98576991,-18.26921549,-1.650307177,-5.651802046,36,13,18,18,12,19,9,-8.0443,112.2391,9,8,2,-8.33
8csb.pdb,0.117948718,40.79651282,4.964567757,-0.054615385,43787.9174,552.447,12,18,303.57,-8.0443,9,12.64894602,-5.651802046,44.19444444,552.447,517.167,552.1811276,214,1.138888889,1.805555556,2.388888889,3.074007347,1.659605392,726.7979807,26.99927104,18.92432814,19.92432814,16.70885086,11.14035916,12.81231763,8.936497087,10.47701892,6.291138614,7.426082776,4.297633428,5.4049386,-0.29,45609557.3,30.25422363,11.84322473,6.461931768,204.8324316,204.5379531,74.26678999,8.170218376,10.21669833,86.39205858,19.75852033,15.94386768,149.0610036,18.52122023,12.84164325,303.57,101.3552193,50.63904236,5.316788604,29.3614151,20.25143503,24.13369626,91.98576991,-18.26921549,-1.650307177,-5.651802046,36,13,18,18,12,19,9,-8.0443,112.2391,9,8,2,-8.19
8csb.pdb,0.117048346,40.36956743,4.971729469,-0.061577608,44167.3283,330.254,7,11,183.96,-4.9395,4,10.67352235,-4.975130222,43.19047619,330.254,309.086,330.1071748,126,1.333333333,2,2.571428571,2.63559112,1.957558821,358.3746902,15.78409257,11.07079867,12.07079867,9.687359167,6.44994394,8.160867711,5.079098769,6.464737313,3.475287206,4.018003893,2.378988625,2.760367631,-0.01,36879.82654,17.34552975,6.62366093,4.255676924,120.7204667,120.0108832,39.26042711,8.170218376,10.21669833,43.47823352,13.15163837,15.94386768,80.21536539,9.260610116,6.420821623,183.96,51.83451224,20.21299379,9.840535766,20.25735364,9.640965477,29.34896615,32.29611011,-5.973149334,-0.258009141,-4.975130222,21,8,11,11,7,12,4,-4.9395,67.8201,3,3,1,-6.32
8csb.pdb,0.117948718,40.79651282,4.964567757,-0.054615385,43787.9174,330.254,7,11,183.96,-4.9395,4,10.67352235,-4.975130222,43.19047619,330.254,309.086,330.1071748,126,1.333333333,2,2.571428571,2.63559112,1.957558821,358.3746902,15.78409257,11.07079867,12.07079867,9.687359167,6.44994394,8.160867711,5.079098769,6.464737313,3.475287206,4.018003893,2.378988625,2.760367631,-0.01,36879.82654,17.34552975,6.62366093,4.255676924,120.7204667,120.0108832,39.26042711,8.170218376,10.21669833,43.47823352,13.15163837,15.94386768,80.21536539,9.260610116,6.420821623,183.96,51.83451224,20.21299379,9.840535766,20.25735364,9.640965477,29.34896615,32.29611011,-5.973149334,-0.258009141,-4.975130222,21,8,11,11,7,12,4,-4.9395,67.8201,3,3,1,-6.2
8b63.pdb,0.098630137,54.4030137,7.102736855,-0.182465753,41182.7381,412.225,8,14,230.69,-6.1268,6,11.41150846,-5.557601927,39.56,412.225,390.049,412.0658946,152,1.12,1.76,2.32,2.708668567,1.930886079,452.7920023,18.99119935,12.70437218,14.70437218,11.39446595,7.210788729,10.59367097,5.614326824,8.864184507,3.672337021,6.299250508,2.537019115,4.491726317,0.3,181258.6831,21.59839957,8.12284233,5.88870225,142.3080839,141.7135416,58.46440908,16.34043675,10.21669833,43.54035908,13.15163837,15.10361181,90.27742995,13.57124149,6.420821623,230.69,60.06685617,35.10634439,14.15116714,14.52368616,13.32945637,49.4838389,41.54735296,-7.787285584,-0.702921012,-10.98155274,25,8,14,14,8,16,6,-6.1268,77.4703,4,4,1,-8.47
8b63.pdb,0.098901099,54.18598901,7.276323128,-0.188186813,41051.5421,412.225,8,14,230.69,-6.1268,6,11.41150846,-5.557601927,39.56,412.225,390.049,412.0658946,152,1.12,1.76,2.32,2.708668567,1.930886079,452.7920023,18.99119935,12.70437218,14.70437218,11.39446595,7.210788729,10.59367097,5.614326824,8.864184507,3.672337021,6.299250508,2.537019115,4.491726317,0.3,181258.6831,21.59839957,8.12284233,5.88870225,142.3080839,141.7135416,58.46440908,16.34043675,10.21669833,43.54035908,13.15163837,15.10361181,90.27742995,13.57124149,6.420821623,230.69,60.06685617,35.10634439,14.15116714,14.52368616,13.32945637,49.4838389,41.54735296,-7.787285584,-0.702921012,-10.98155274,25,8,14,14,8,16,6,-6.1268,77.4703,4,4,1,-7.19
7sp8.pdb,0.154,30.36524,8.107495689,0.1934,57775.5011,617.435,12,20,321.87,-8.367,11,12.52019331,-5.898921529,42.43589744,617.435,580.139,617.1609171,234,1,1.641025641,2.230769231,3.096424879,1.593295509,788.7224049,29.28372809,20.53371794,22.53371794,18.04735027,11.88551946,15.22943639,9.282665272,12.71898436,6.247939896,9.373205498,4.341384782,6.944071184,0.06,154682644.9,33.56077002,13.5723819,8.554755203,222.3814436,222.2259254,83.25771717,16.34043675,15.53348694,87.33576417,19.75852033,20.42040041,149.2886778,22.8318516,13.34455882,321.87,103.545406,60.42586557,19.46795574,13.99747307,24.25350732,46.18209235,83.99078265,-16.74896323,-0.542919531,-11.6788535,39,12,20,20,12,22,11,-8.367,122.7014,8,8,2,-7.8
7sp7.pdb,0.154929577,30.08816901,7.840145302,0.207042254,57434.1349,412.225,8,14,230.69,-6.1268,6,11.41150846,-5.557601927,39.56,412.225,390.049,412.0658946,152,1.12,1.76,2.32,2.708668567,1.930886079,452.7920023,18.99119935,12.70437218,14.70437218,11.39446595,7.210788729,10.59367097,5.614326824,8.864184507,3.672337021,6.299250508,2.537019115,4.491726317,0.3,181258.6831,21.59839957,8.12284233,5.88870225,142.3080839,141.7135416,58.46440908,16.34043675,10.21669833,43.54035908,13.15163837,15.10361181,90.27742995,13.57124149,6.420821623,230.69,60.06685617,35.10634439,14.15116714,14.52368616,13.32945637,49.4838389,41.54735296,-7.787285584,-0.702921012,-10.98155274,25,8,14,14,8,16,6,-6.1268,77.4703,4,4,1,-6.62
7e9j.pdb,0.117082534,37.67852207,8.601259041,-0.108829175,59880.5578,412.225,8,14,230.69,-6.1268,6,11.41150846,-5.557601927,39.56,412.225,390.049,412.0658946,152,1.12,1.76,2.32,2.708668567,1.930886079,452.7920023,18.99119935,12.70437218,14.70437218,11.39446595,7.210788729,10.59367097,5.614326824,8.864184507,3.672337021,6.299250508,2.537019115,4.491726317,0.3,181258.6831,21.59839957,8.12284233,5.88870225,142.3080839,141.7135416,58.46440908,16.34043675,10.21669833,43.54035908,13.15163837,15.10361181,90.27742995,13.57124149,6.420821623,230.69,60.06685617,35.10634439,14.15116714,14.52368616,13.32945637,49.4838389,41.54735296,-7.787285584,-0.702921012,-10.98155274,25,8,14,14,8,16,6,-6.1268,77.4703,4,4,1,-6.55
7e9j.pdb,0.117082534,37.67852207,8.601259041,-0.108829175,59880.5578,412.225,8,14,230.69,-6.1268,6,11.41150846,-5.557601927,39.56,412.225,390.049,412.0658946,152,1.12,1.76,2.32,2.708668567,1.930886079,452.7920023,18.99119935,12.70437218,14.70437218,11.39446595,7.210788729,10.59367097,5.614326824,8.864184507,3.672337021,6.299250508,2.537019115,4.491726317,0.3,181258.6831,21.59839957,8.12284233,5.88870225,142.3080839,141.7135416,58.46440908,16.34043675,10.21669833,43.54035908,13.15163837,15.10361181,90.27742995,13.57124149,6.420821623,230.69,60.06685617,35.10634439,14.15116714,14.52368616,13.32945637,49.4838389,41.54735296,-7.787285584,-0.702921012,-10.98155274,25,8,14,14,8,16,6,-6.1268,77.4703,4,4,1,-6.55
7ck2.pdb,0.107954545,33.18579545,5.95413456,-0.200284091,39467.7804,574.366,11,19,309.84,-8.3026,9,12.21890479,-5.886253981,44.05555556,574.366,542.11,574.118718,216,0.861111111,1.5,2.111111111,3.055525205,1.546915006,723.5528683,26.99927104,18.45636767,20.45636767,16.65350342,10.73081892,14.07473585,8.4048342,11.84115329,5.78189322,8.907158822,3.867565033,6.463068116,0.1,41785932.71,30.63878108,12.09103866,7.186870793,204.1016972,203.819624,83.25771717,16.34043675,10.21669833,74.24625136,19.75852033,15.10361181,143.1229022,22.8318516,6.420821623,309.84,97.37963042,55.31933817,18.6749143,14.5802533,23.4629234,45.2772329,80.67692563,-17.94348998,-1.772023168,-11.64601323,36,11,19,19,11,21,9,-8.3026,110.1037,8,8,2,-6.42
7ck2.pdb,0.108262108,33.25185185,6.139941216,-0.183190883,39311.6411,574.366,11,19,309.84,-8.3026,9,12.21890479,-5.886253981,44.05555556,574.366,542.11,574.118718,216,0.861111111,1.5,2.111111111,3.055525205,1.546915006,723.5528683,26.99927104,18.45636767,20.45636767,16.65350342,10.73081892,14.07473585,8.4048342,11.84115329,5.78189322,8.907158822,3.867565033,6.463068116,0.1,41785932.71,30.63878108,12.09103866,7.186870793,204.1016972,203.819624,83.25771717,16.34043675,10.21669833,74.24625136,19.75852033,15.10361181,143.1229022,22.8318516,6.420821623,309.84,97.37963042,55.31933817,18.6749143,14.5802533,23.4629234,45.2772329,80.67692563,-17.94348998,-1.772023168,-11.64601323,36,11,19,19,11,21,9,-8.3026,110.1037,8,8,2,-6.38
6yv8.pdb,0.089595376,29.67112717,8.873509026,-0.071965318,38110.4457,453.282,10,16,260.54,-7.7055,6,11.54709042,-5.561978886,43.89285714,453.282,428.082,453.103677,168,1.142857143,1.821428571,2.464285714,3.060680238,1.61221445,558.3448456,20.85300667,14.28210261,16.28210261,12.8776292,8.263920344,11.64680258,6.634611811,9.884469494,4.603825105,7.230738592,3.404590485,5.359297687,0.22,1122914.608,22.89519417,8.392696728,5.09362707,159.3125762,158.8228629,53.35788168,16.34043675,20.85027554,49.26502834,13.27557315,31.47085649,97.44032822,13.57124149,0,260.54,72.21234706,29.99981699,24.78474434,20.25735364,13.69359817,50.34145757,39.07953278,-7.674005072,-0.628557901,-10.98929169,28,11,16,16,10,18,6,-7.7055,88.6693,3,3,1,-5.64
6yv8.pdb,0.089855072,29.72814493,8.878150749,-0.077681159,37979.2497,453.282,10,16,260.54,-7.7055,6,11.54709042,-5.561978886,43.89285714,453.282,428.082,453.103677,168,1.142857143,1.821428571,2.464285714,3.060680238,1.61221445,558.3448456,20.85300667,14.28210261,16.28210261,12.8776292,8.263920344,11.64680258,6.634611811,9.884469494,4.603825105,7.230738592,3.404590485,5.359297687,0.22,1122914.608,22.89519417,8.392696728,5.09362707,159.3125762,158.8228629,53.35788168,16.34043675,20.85027554,49.26502834,13.27557315,31.47085649,97.44032822,13.57124149,0,260.54,72.21234706,29.99981699,24.78474434,20.25735364,13.69359817,50.34145757,39.07953278,-7.674005072,-0.628557901,-10.98929169,28,11,16,16,10,18,6,-7.7055,88.6693,3,3,1,-5.63
6xfi.pdb,0.11741683,36.9841683,8.064043999,-0.080626223,58963.5789,412.225,8,14,230.69,-6.1268,6,11.41150846,-5.557601927,39.56,412.225,390.049,412.0658946,152,1.12,1.76,2.32,2.708668567,1.930886079,452.7920023,18.99119935,12.70437218,14.70437218,11.39446595,7.210788729,10.59367097,5.614326824,8.864184507,3.672337021,6.299250508,2.537019115,4.491726317,0.3,181258.6831,21.59839957,8.12284233,5.88870225,142.3080839,141.7135416,58.46440908,16.34043675,10.21669833,43.54035908,13.15163837,15.10361181,90.27742995,13.57124149,6.420821623,230.69,60.06685617,35.10634439,14.15116714,14.52368616,13.32945637,49.4838389,41.54735296,-7.787285584,-0.702921012,-10.98155274,25,8,14,14,8,16,6,-6.1268,77.4703,4,4,1,-6.56
6wmm.pdb,0.123417722,42.15537975,7.358114433,-0.487974684,36808.3373,412.225,8,14,230.69,-6.1268,6,11.41150846,-5.557601927,39.56,412.225,390.049,412.0658946,152,1.12,1.76,2.32,2.708668567,1.930886079,452.7920023,18.99119935,12.70437218,14.70437218,11.39446595,7.210788729,10.59367097,5.614326824,8.864184507,3.672337021,6.299250508,2.537019115,4.491726317,0.3,181258.6831,21.59839957,8.12284233,5.88870225,142.3080839,141.7135416,58.46440908,16.34043675,10.21669833,43.54035908,13.15163837,15.10361181,90.27742995,13.57124149,6.420821623,230.69,60.06685617,35.10634439,14.15116714,14.52368616,13.32945637,49.4838389,41.54735296,-7.787285584,-0.702921012,-10.98155274,25,8,14,14,8,16,6,-6.1268,77.4703,4,4,1,-6.44
6wmm.pdb,0.121118012,42.51987578,7.206297493,-0.505900621,37454.0629,412.225,8,14,230.69,-6.1268,6,11.41150846,-5.557601927,39.56,412.225,390.049,412.0658946,152,1.12,1.76,2.32,2.708668567,1.930886079,452.7920023,18.99119935,12.70437218,14.70437218,11.39446595,7.210788729,10.59367097,5.614326824,8.864184507,3.672337021,6.299250508,2.537019115,4.491726317,0.3,181258.6831,21.59839957,8.12284233,5.88870225,142.3080839,141.7135416,58.46440908,16.34043675,10.21669833,43.54035908,13.15163837,15.10361181,90.27742995,13.57124149,6.420821623,230.69,60.06685617,35.10634439,14.15116714,14.52368616,13.32945637,49.4838389,41.54735296,-7.787285584,-0.702921012,-10.98155274,25,8,14,14,8,16,6,-6.1268,77.4703,4,4,1,-6.45
6qvt.pdb,0.123134328,41.0183209,5.99687748,-0.415671642,31008.9805,625.542,14,20,335.83,-8.7478,12,12.91409777,-5.7466609,41.87804878,625.542,583.206,625.2338915,244,1.170731707,1.829268293,2.390243902,3.157217448,1.724349057,836.128886,30.86107836,22.02624227,23.02624227,19.01338132,12.88659192,14.55855039,10.30492065,11.84544248,7.11403955,8.248983712,4.990927726,6.098232898,-0.37,413705821,35.11270613,14.15810656,8.218962586,234.2713539,234.1547483,79.37331738,8.170218376,15.53348694,105.5855378,19.75852033,21.26065629,166.4372729,18.52122023,19.76538045,335.83,113.6249613,60.85209715,10.63357721,24.25488771,20.79450466,24.60140147,106.2162004,-19.97269589,-0.473786866,-5.7466609,41,15,20,20,14,21,12,-8.7478,130.8436,10,9,2,-8.24
6qvt.pdb,0.120754717,42.51362264,5.813799095,-0.434339623,30664.5294,625.542,14,20,335.83,-8.7478,12,12.91409777,-5.7466609,41.87804878,625.542,583.206,625.2338915,244,1.170731707,1.829268293,2.390243902,3.157217448,1.724349057,836.128886,30.86107836,22.02624227,23.02624227,19.01338132,12.88659192,14.55855039,10.30492065,11.84544248,7.11403955,8.248983712,4.990927726,6.098232898,-0.37,413705821,35.11270613,14.15810656,8.218962586,234.2713539,234.1547483,79.37331738,8.170218376,15.53348694,105.5855378,19.75852033,21.26065629,166.4372729,18.52122023,19.76538045,335.83,113.6249613,60.85209715,10.63357721,24.25488771,20.79450466,24.60140147,106.2162004,-19.97269589,-0.473786866,-5.7466609,41,15,20,20,14,21,12,-8.7478,130.8436,10,9,2,-8.22
6ija.pdb,0.079518072,38.67713253,6.106633568,-0.03373494,46071.4897,556.351,9,18,281.91,-6.9094,8,12.28287934,-5.763908341,47.97142857,556.351,526.111,556.1081533,208,1,1.685714286,2.342857143,3.39477535,1.308976257,768.4715018,25.92192077,18.18573172,20.18573172,16.14590203,10.63438943,13.97830637,8.669608335,12.10592743,6.055680512,9.158617015,4.120316298,6.724519907,0.14,40310597.91,28.15577029,10.03038623,5.926468666,198.6209438,198.3434321,77.78152533,16.34043675,10.21669833,80.85313333,13.15163837,15.10361181,125.9861102,27.56871455,13.34455882,281.91,90.45589322,50.21281078,14.15116714,18.73433602,29.26818871,45.57702,61.65171832,-13.972484,0.585316126,-11.42561675,35,9,18,18,9,20,8,-6.9094,106.5011,6,6,3,-8.56
6ija.pdb,0.079903148,38.81600484,6.013644981,-0.022760291,45842.2135,556.351,9,18,281.91,-6.9094,8,12.28287934,-5.763908341,47.97142857,556.351,526.111,556.1081533,208,1,1.685714286,2.342857143,3.39477535,1.308976257,768.4715018,25.92192077,18.18573172,20.18573172,16.14590203,10.63438943,13.97830637,8.669608335,12.10592743,6.055680512,9.158617015,4.120316298,6.724519907,0.14,40310597.91,28.15577029,10.03038623,5.926468666,198.6209438,198.3434321,77.78152533,16.34043675,10.21669833,80.85313333,13.15163837,15.10361181,125.9861102,27.56871455,13.34455882,281.91,90.45589322,50.21281078,14.15116714,18.73433602,29.26818871,45.57702,61.65171832,-13.972484,0.585316126,-11.42561675,35,9,18,18,9,20,8,-6.9094,106.5011,6,6,3,-8.52
6eji.pdb,0.106741573,27.70789326,8.417072868,-0.098876404,40842.8983,617.435,12,20,321.87,-8.367,11,12.52019331,-5.898921529,42.43589744,617.435,580.139,617.1609171,234,1,1.641025641,2.230769231,3.096424879,1.593295509,788.7224049,29.28372809,20.53371794,22.53371794,18.04735027,11.88551946,15.22943639,9.282665272,12.71898436,6.247939896,9.373205498,4.341384782,6.944071184,0.06,154682644.9,33.56077002,13.5723819,8.554755203,222.3814436,222.2259254,83.25771717,16.34043675,15.53348694,87.33576417,19.75852033,20.42040041,149.2886778,22.8318516,13.34455882,321.87,103.545406,60.42586557,19.46795574,13.99747307,24.25350732,46.18209235,83.99078265,-16.74896323,-0.542919531,-11.6788535,39,12,20,20,12,22,11,-8.367,122.7014,8,8,2,-8.56
6eji.pdb,0.106741573,27.70789326,8.417072868,-0.098876404,40842.8983,617.435,12,20,321.87,-8.367,11,12.52019331,-5.898921529,42.43589744,617.435,580.139,617.1609171,234,1,1.641025641,2.230769231,3.096424879,1.593295509,788.7224049,29.28372809,20.53371794,22.53371794,18.04735027,11.88551946,15.22943639,9.282665272,12.71898436,6.247939896,9.373205498,4.341384782,6.944071184,0.06,154682644.9,33.56077002,13.5723819,8.554755203,222.3814436,222.2259254,83.25771717,16.34043675,15.53348694,87.33576417,19.75852033,20.42040041,149.2886778,22.8318516,13.34455882,321.87,103.545406,60.42586557,19.46795574,13.99747307,24.25350732,46.18209235,83.99078265,-16.74896323,-0.542919531,-11.6788535,39,12,20,20,12,22,11,-8.367,122.7014,8,8,2,-8.39
6bsw.pdb,0.133531157,36.37183976,6.929548454,-0.536498516,39416.7598,412.225,8,14,230.69,-6.1268,6,11.41150846,-5.557601927,39.56,412.225,390.049,412.0658946,152,1.12,1.76,2.32,2.708668567,1.930886079,452.7920023,18.99119935,12.70437218,14.70437218,11.39446595,7.210788729,10.59367097,5.614326824,8.864184507,3.672337021,6.299250508,2.537019115,4.491726317,0.3,181258.6831,21.59839957,8.12284233,5.88870225,142.3080839,141.7135416,58.46440908,16.34043675,10.21669833,43.54035908,13.15163837,15.10361181,90.27742995,13.57124149,6.420821623,230.69,60.06685617,35.10634439,14.15116714,14.52368616,13.32945637,49.4838389,41.54735296,-7.787285584,-0.702921012,-10.98155274,25,8,14,14,8,16,6,-6.1268,77.4703,4,4,1,-7.09
6bsw.pdb,0.133531157,36.37183976,6.929548454,-0.536498516,39416.7598,412.225,8,14,230.69,-6.1268,6,11.41150846,-5.557601927,39.56,412.225,390.049,412.0658946,152,1.12,1.76,2.32,2.708668567,1.930886079,452.7920023,18.99119935,12.70437218,14.70437218,11.39446595,7.210788729,10.59367097,5.614326824,8.864184507,3.672337021,6.299250508,2.537019115,4.491726317,0.3,181258.6831,21.59839957,8.12284233,5.88870225,142.3080839,141.7135416,58.46440908,16.34043675,10.21669833,43.54035908,13.15163837,15.10361181,90.27742995,13.57124149,6.420821623,230.69,60.06685617,35.10634439,14.15116714,14.52368616,13.32945637,49.4838389,41.54735296,-7.787285584,-0.702921012,-10.98155274,25,8,14,14,8,16,6,-6.1268,77.4703,4,4,1,-7.33
5wfg.pdb,0.080645161,29.4,5.99125042,-0.061290323,20489.3591,412.225,8,14,230.69,-6.1268,6,11.41150846,-5.557601927,39.56,412.225,390.049,412.0658946,152,1.12,1.76,2.32,2.708668567,1.930886079,452.7920023,18.99119935,12.70437218,14.70437218,11.39446595,7.210788729,10.59367097,5.614326824,8.864184507,3.672337021,6.299250508,2.537019115,4.491726317,0.3,181258.6831,21.59839957,8.12284233,5.88870225,142.3080839,141.7135416,58.46440908,16.34043675,10.21669833,43.54035908,13.15163837,15.10361181,90.27742995,13.57124149,6.420821623,230.69,60.06685617,35.10634439,14.15116714,14.52368616,13.32945637,49.4838389,41.54735296,-7.787285584,-0.702921012,-10.98155274,25,8,14,14,8,16,6,-6.1268,77.4703,4,4,1,-6.27
5wfg.pdb,0.080213904,29.29625668,6.003868675,-0.098395722,20689.5941,412.225,8,14,230.69,-6.1268,6,11.41150846,-5.557601927,39.56,412.225,390.049,412.0658946,152,1.12,1.76,2.32,2.708668567,1.930886079,452.7920023,18.99119935,12.70437218,14.70437218,11.39446595,7.210788729,10.59367097,5.614326824,8.864184507,3.672337021,6.299250508,2.537019115,4.491726317,0.3,181258.6831,21.59839957,8.12284233,5.88870225,142.3080839,141.7135416,58.46440908,16.34043675,10.21669833,43.54035908,13.15163837,15.10361181,90.27742995,13.57124149,6.420821623,230.69,60.06685617,35.10634439,14.15116714,14.52368616,13.32945637,49.4838389,41.54735296,-7.787285584,-0.702921012,-10.98155274,25,8,14,14,8,16,6,-6.1268,77.4703,4,4,1,-6.2
5wfg.pdb,0.080645161,29.85645161,5.99125042,-0.061290323,20489.3591,412.225,8,14,230.69,-6.1268,6,11.41150846,-5.557601927,39.56,412.225,390.049,412.0658946,152,1.12,1.76,2.32,2.708668567,1.930886079,452.7920023,18.99119935,12.70437218,14.70437218,11.39446595,7.210788729,10.59367097,5.614326824,8.864184507,3.672337021,6.299250508,2.537019115,4.491726317,0.3,181258.6831,21.59839957,8.12284233,5.88870225,142.3080839,141.7135416,58.46440908,16.34043675,10.21669833,43.54035908,13.15163837,15.10361181,90.27742995,13.57124149,6.420821623,230.69,60.06685617,35.10634439,14.15116714,14.52368616,13.32945637,49.4838389,41.54735296,-7.787285584,-0.702921012,-10.98155274,25,8,14,14,8,16,6,-6.1268,77.4703,4,4,1,-6.15
5wfg.pdb,0.080645161,29.4,5.99125042,-0.061290323,20489.3591,412.225,8,14,230.69,-6.1268,6,11.41150846,-5.557601927,39.56,412.225,390.049,412.0658946,152,1.12,1.76,2.32,2.708668567,1.930886079,452.7920023,18.99119935,12.70437218,14.70437218,11.39446595,7.210788729,10.59367097,5.614326824,8.864184507,3.672337021,6.299250508,2.537019115,4.491726317,0.3,181258.6831,21.59839957,8.12284233,5.88870225,142.3080839,141.7135416,58.46440908,16.34043675,10.21669833,43.54035908,13.15163837,15.10361181,90.27742995,13.57124149,6.420821623,230.69,60.06685617,35.10634439,14.15116714,14.52368616,13.32945637,49.4838389,41.54735296,-7.787285584,-0.702921012,-10.98155274,25,8,14,14,8,16,6,-6.1268,77.4703,4,4,1,-6.21
5wfg.pdb,0.079787234,29.19361702,6.003868675,-0.1,20746.6454,412.225,8,14,230.69,-6.1268,6,11.41150846,-5.557601927,39.56,412.225,390.049,412.0658946,152,1.12,1.76,2.32,2.708668567,1.930886079,452.7920023,18.99119935,12.70437218,14.70437218,11.39446595,7.210788729,10.59367097,5.614326824,8.864184507,3.672337021,6.299250508,2.537019115,4.491726317,0.3,181258.6831,21.59839957,8.12284233,5.88870225,142.3080839,141.7135416,58.46440908,16.34043675,10.21669833,43.54035908,13.15163837,15.10361181,90.27742995,13.57124149,6.420821623,230.69,60.06685617,35.10634439,14.15116714,14.52368616,13.32945637,49.4838389,41.54735296,-7.787285584,-0.702921012,-10.98155274,25,8,14,14,8,16,6,-6.1268,77.4703,4,4,1,-6.15
5wfg.pdb,0.075675676,29.96378378,5.99125042,-0.076756757,20342.1853,412.225,8,14,230.69,-6.1268,6,11.41150846,-5.557601927,39.56,412.225,390.049,412.0658946,152,1.12,1.76,2.32,2.708668567,1.930886079,452.7920023,18.99119935,12.70437218,14.70437218,11.39446595,7.210788729,10.59367097,5.614326824,8.864184507,3.672337021,6.299250508,2.537019115,4.491726317,0.3,181258.6831,21.59839957,8.12284233,5.88870225,142.3080839,141.7135416,58.46440908,16.34043675,10.21669833,43.54035908,13.15163837,15.10361181,90.27742995,13.57124149,6.420821623,230.69,60.06685617,35.10634439,14.15116714,14.52368616,13.32945637,49.4838389,41.54735296,-7.787285584,-0.702921012,-10.98155274,25,8,14,14,8,16,6,-6.1268,77.4703,4,4,1,-6.19
5wcn.pdb,0.12565445,37.57591623,9.504074287,-0.351308901,45292.6282,411.241,8,14,236.48,-6.1604,6,11.42539735,-5.545767608,39.56,411.241,388.057,411.081879,152,1.2,1.84,2.4,2.708668567,1.930886079,455.002917,18.99119935,12.83450885,14.83450885,11.39446595,7.285923173,10.66880541,5.70502212,8.954879803,3.731593688,6.358507175,2.573219317,4.527926519,0.3,181258.6831,21.59839957,8.12284233,5.88870225,142.8537409,142.2785561,53.35788168,16.34043675,10.21669833,43.47823352,13.15163837,20.83727929,85.10877699,13.57124149,6.420821623,236.48,60.00473062,29.99981699,14.15116714,20.25735364,13.40416159,49.62222892,32.53421128,-6.78119148,-0.553229654,-10.9531895,25,9,14,14,8,16,6,-6.1604,79.4389,3,3,1,-6.81
5wcn.pdb,0.12565445,37.57591623,9.504074287,-0.351308901,45292.6282,411.241,8,14,236.48,-6.1604,6,11.42539735,-5.545767608,39.56,411.241,388.057,411.081879,152,1.2,1.84,2.4,2.708668567,1.930886079,455.002917,18.99119935,12.83450885,14.83450885,11.39446595,7.285923173,10.66880541,5.70502212,8.954879803,3.731593688,6.358507175,2.573219317,4.527926519,0.3,181258.6831,21.59839957,8.12284233,5.88870225,142.8537409,142.2785561,53.35788168,16.34043675,10.21669833,43.47823352,13.15163837,20.83727929,85.10877699,13.57124149,6.420821623,236.48,60.00473062,29.99981699,14.15116714,20.25735364,13.40416159,49.62222892,32.53421128,-6.78119148,-0.553229654,-10.9531895,25,9,14,14,8,16,6,-6.1604,79.4389,3,3,1,-6.72
5tme.pdb,0.07816092,47.68094253,5.923555183,-0.197471264,47915.3281,412.225,8,14,230.69,-6.1268,6,11.41150846,-5.557601927,39.56,412.225,390.049,412.0658946,152,1.12,1.76,2.32,2.708668567,1.930886079,452.7920023,18.99119935,12.70437218,14.70437218,11.39446595,7.210788729,10.59367097,5.614326824,8.864184507,3.672337021,6.299250508,2.537019115,4.491726317,0.3,181258.6831,21.59839957,8.12284233,5.88870225,142.3080839,141.7135416,58.46440908,16.34043675,10.21669833,43.54035908,13.15163837,15.10361181,90.27742995,13.57124149,6.420821623,230.69,60.06685617,35.10634439,14.15116714,14.52368616,13.32945637,49.4838389,41.54735296,-7.787285584,-0.702921012,-10.98155274,25,8,14,14,8,16,6,-6.1268,77.4703,4,4,1,-6.72
5l0t.pdb,0.140449438,40.50536517,8.733934975,-0.479775281,41961.6183,412.225,8,14,230.69,-6.1268,6,11.41150846,-5.557601927,39.56,412.225,390.049,412.0658946,152,1.12,1.76,2.32,2.708668567,1.930886079,452.7920023,18.99119935,12.70437218,14.70437218,11.39446595,7.210788729,10.59367097,5.614326824,8.864184507,3.672337021,6.299250508,2.537019115,4.491726317,0.3,181258.6831,21.59839957,8.12284233,5.88870225,142.3080839,141.7135416,58.46440908,16.34043675,10.21669833,43.54035908,13.15163837,15.10361181,90.27742995,13.57124149,6.420821623,230.69,60.06685617,35.10634439,14.15116714,14.52368616,13.32945637,49.4838389,41.54735296,-7.787285584,-0.702921012,-10.98155274,25,8,14,14,8,16,6,-6.1268,77.4703,4,4,1,-7.04
5kxh.pdb,0.125714286,40.08028571,8.420425224,-0.247142857,40004.4906,453.282,10,16,260.54,-7.7055,6,11.54709042,-5.561978886,43.89285714,453.282,428.082,453.103677,168,1.142857143,1.821428571,2.464285714,3.060680238,1.61221445,558.3448456,20.85300667,14.28210261,16.28210261,12.8776292,8.263920344,11.64680258,6.634611811,9.884469494,4.603825105,7.230738592,3.404590485,5.359297687,0.22,1122914.608,22.89519417,8.392696728,5.09362707,159.3125762,158.8228629,53.35788168,16.34043675,20.85027554,49.26502834,13.27557315,31.47085649,97.44032822,13.57124149,0,260.54,72.21234706,29.99981699,24.78474434,20.25735364,13.69359817,50.34145757,39.07953278,-7.674005072,-0.628557901,-10.98929169,28,11,16,16,10,18,6,-7.7055,88.6693,3,3,1,-6.63
5kwk.pdb,0.120454545,38.84820455,6.180069542,-0.282954545,50147.8079,453.282,10,16,260.54,-7.7055,6,11.54709042,-5.561978886,43.89285714,453.282,428.082,453.103677,168,1.142857143,1.821428571,2.464285714,3.060680238,1.61221445,558.3448456,20.85300667,14.28210261,16.28210261,12.8776292,8.263920344,11.64680258,6.634611811,9.884469494,4.603825105,7.230738592,3.404590485,5.359297687,0.22,1122914.608,22.89519417,8.392696728,5.09362707,159.3125762,158.8228629,53.35788168,16.34043675,20.85027554,49.26502834,13.27557315,31.47085649,97.44032822,13.57124149,0,260.54,72.21234706,29.99981699,24.78474434,20.25735364,13.69359817,50.34145757,39.07953278,-7.674005072,-0.628557901,-10.98929169,28,11,16,16,10,18,6,-7.7055,88.6693,3,3,1,-5.83
5kwk.pdb,0.118161926,39.68382932,5.904684639,-0.33785558,52077.798,453.282,10,16,260.54,-7.7055,6,11.54709042,-5.561978886,43.89285714,453.282,428.082,453.103677,168,1.142857143,1.821428571,2.464285714,3.060680238,1.61221445,558.3448456,20.85300667,14.28210261,16.28210261,12.8776292,8.263920344,11.64680258,6.634611811,9.884469494,4.603825105,7.230738592,3.404590485,5.359297687,0.22,1122914.608,22.89519417,8.392696728,5.09362707,159.3125762,158.8228629,53.35788168,16.34043675,20.85027554,49.26502834,13.27557315,31.47085649,97.44032822,13.57124149,0,260.54,72.21234706,29.99981699,24.78474434,20.25735364,13.69359817,50.34145757,39.07953278,-7.674005072,-0.628557901,-10.98929169,28,11,16,16,10,18,6,-7.7055,88.6693,3,3,1,-5.86
5h18.pdb,0.13740458,32.21564885,7.85058918,-0.465648855,30880.7952,574.366,11,19,309.84,-8.3026,9,12.21890479,-5.886253981,44.05555556,574.366,542.11,574.118718,216,0.861111111,1.5,2.111111111,3.055525205,1.546915006,723.5528683,26.99927104,18.45636767,20.45636767,16.65350342,10.73081892,14.07473585,8.4048342,11.84115329,5.78189322,8.907158822,3.867565033,6.463068116,0.1,41785932.71,30.63878108,12.09103866,7.186870793,204.1016972,203.819624,83.25771717,16.34043675,10.21669833,74.24625136,19.75852033,15.10361181,143.1229022,22.8318516,6.420821623,309.84,97.37963042,55.31933817,18.6749143,14.5802533,23.4629234,45.2772329,80.67692563,-17.94348998,-1.772023168,-11.64601323,36,11,19,19,11,21,9,-8.3026,110.1037,8,8,2,-8.32
5gvv.pdb,0.136125654,30.26596859,5.036582756,-0.227748691,44348.7414,412.225,8,14,230.69,-6.1268,6,11.41150846,-5.557601927,39.56,412.225,390.049,412.0658946,152,1.12,1.76,2.32,2.708668567,1.930886079,452.7920023,18.99119935,12.70437218,14.70437218,11.39446595,7.210788729,10.59367097,5.614326824,8.864184507,3.672337021,6.299250508,2.537019115,4.491726317,0.3,181258.6831,21.59839957,8.12284233,5.88870225,142.3080839,141.7135416,58.46440908,16.34043675,10.21669833,43.54035908,13.15163837,15.10361181,90.27742995,13.57124149,6.420821623,230.69,60.06685617,35.10634439,14.15116714,14.52368616,13.32945637,49.4838389,41.54735296,-7.787285584,-0.702921012,-10.98155274,25,8,14,14,8,16,6,-6.1268,77.4703,4,4,1,-6.8
5gvv.pdb,0.138666667,30.04453333,5.030273628,-0.210666667,43579.9694,412.225,8,14,230.69,-6.1268,6,11.41150846,-5.557601927,39.56,412.225,390.049,412.0658946,152,1.12,1.76,2.32,2.708668567,1.930886079,452.7920023,18.99119935,12.70437218,14.70437218,11.39446595,7.210788729,10.59367097,5.614326824,8.864184507,3.672337021,6.299250508,2.537019115,4.491726317,0.3,181258.6831,21.59839957,8.12284233,5.88870225,142.3080839,141.7135416,58.46440908,16.34043675,10.21669833,43.54035908,13.15163837,15.10361181,90.27742995,13.57124149,6.420821623,230.69,60.06685617,35.10634439,14.15116714,14.52368616,13.32945637,49.4838389,41.54735296,-7.787285584,-0.702921012,-10.98155274,25,8,14,14,8,16,6,-6.1268,77.4703,4,4,1,-6.71
5f85.pdb,0.139726027,40.05126027,9.025783348,-0.642191781,42884.4152,412.225,8,14,230.69,-6.1268,6,11.41150846,-5.557601927,39.56,412.225,390.049,412.0658946,152,1.12,1.76,2.32,2.708668567,1.930886079,452.7920023,18.99119935,12.70437218,14.70437218,11.39446595,7.210788729,10.59367097,5.614326824,8.864184507,3.672337021,6.299250508,2.537019115,4.491726317,0.3,181258.6831,21.59839957,8.12284233,5.88870225,142.3080839,141.7135416,58.46440908,16.34043675,10.21669833,43.54035908,13.15163837,15.10361181,90.27742995,13.57124149,6.420821623,230.69,60.06685617,35.10634439,14.15116714,14.52368616,13.32945637,49.4838389,41.54735296,-7.787285584,-0.702921012,-10.98155274,25,8,14,14,8,16,6,-6.1268,77.4703,4,4,1,-6.94
5bo7.pdb,0.137931034,39.95655172,9.385001183,-0.353448276,33831.3641,492.228,9,17,289,-7.3813,8,11.741368,-5.978059274,36.93103448,492.228,467.028,492.0565831,178,1.034482759,1.655172414,2.206896552,2.775957007,1.925484291,554.160957,22.19830613,14.59821903,17.59821903,13.10157273,8.121902406,13.17674311,6.330945472,11.44502229,3.989547448,8.680091012,2.757042046,6.557331079,0.61,889963.4886,25.86708343,9.621755308,7.605712219,164.9870151,164.5462291,67.45533626,24.51065513,10.21669833,43.47823352,13.15163837,25.73069089,90.0021886,17.88187285,6.420821623,289,68.17494899,34.8932286,18.4617985,25.15076524,16.9319003,70.45106428,32.68479399,-7.345976833,-0.753451324,-17.50099752,29,10,17,17,9,20,8,-7.3813,91.0577,3,3,1,-7.5
5bo7.pdb,0.139784946,41.36021505,9.196108818,-0.288530466,32544.8848,492.228,9,17,289,-7.3813,8,11.741368,-5.978059274,36.93103448,492.228,467.028,492.0565831,178,1.034482759,1.655172414,2.206896552,2.775957007,1.925484291,554.160957,22.19830613,14.59821903,17.59821903,13.10157273,8.121902406,13.17674311,6.330945472,11.44502229,3.989547448,8.680091012,2.757042046,6.557331079,0.61,889963.4886,25.86708343,9.621755308,7.605712219,164.9870151,164.5462291,67.45533626,24.51065513,10.21669833,43.47823352,13.15163837,25.73069089,90.0021886,17.88187285,6.420821623,289,68.17494899,34.8932286,18.4617985,25.15076524,16.9319003,70.45106428,32.68479399,-7.345976833,-0.753451324,-17.50099752,29,10,17,17,9,20,8,-7.3813,91.0577,3,3,1,-7.61
5bo6.pdb,0.140893471,40.51546392,9.32607708,-0.35395189,34017.5309,411.241,8,14,236.48,-6.1604,6,11.42539735,-5.545767608,39.56,411.241,388.057,411.081879,152,1.2,1.84,2.4,2.708668567,1.930886079,455.002917,18.99119935,12.83450885,14.83450885,11.39446595,7.285923173,10.66880541,5.70502212,8.954879803,3.731593688,6.358507175,2.573219317,4.527926519,0.3,181258.6831,21.59839957,8.12284233,5.88870225,142.8537409,142.2785561,53.35788168,16.34043675,10.21669833,43.47823352,13.15163837,20.83727929,85.10877699,13.57124149,6.420821623,236.48,60.00473062,29.99981699,14.15116714,20.25735364,13.40416159,49.62222892,32.53421128,-6.78119148,-0.553229654,-10.9531895,25,9,14,14,8,16,6,-6.1604,79.4389,3,3,1,-7.45
5bo6.pdb,0.140794224,41.5866426,9.110559273,-0.273646209,32329.6352,411.241,8,14,236.48,-6.1604,6,11.42539735,-5.545767608,39.56,411.241,388.057,411.081879,152,1.2,1.84,2.4,2.708668567,1.930886079,455.002917,18.99119935,12.83450885,14.83450885,11.39446595,7.285923173,10.66880541,5.70502212,8.954879803,3.731593688,6.358507175,2.573219317,4.527926519,0.3,181258.6831,21.59839957,8.12284233,5.88870225,142.8537409,142.2785561,53.35788168,16.34043675,10.21669833,43.47823352,13.15163837,20.83727929,85.10877699,13.57124149,6.420821623,236.48,60.00473062,29.99981699,14.15116714,20.25735364,13.40416159,49.62222892,32.53421128,-6.78119148,-0.553229654,-10.9531895,25,9,14,14,8,16,6,-6.1604,79.4389,3,3,1,-7.11
4mix.pdb,0.102564103,33.21611722,9.187727928,-0.495604396,30933.8551,617.435,12,20,321.87,-8.367,11,12.52019331,-5.898921529,42.43589744,617.435,580.139,617.1609171,234,1,1.641025641,2.230769231,3.096424879,1.593295509,788.7224049,29.28372809,20.53371794,22.53371794,18.04735027,11.88551946,15.22943639,9.282665272,12.71898436,6.247939896,9.373205498,4.341384782,6.944071184,0.06,154682644.9,33.56077002,13.5723819,8.554755203,222.3814436,222.2259254,83.25771717,16.34043675,15.53348694,87.33576417,19.75852033,20.42040041,149.2886778,22.8318516,13.34455882,321.87,103.545406,60.42586557,19.46795574,13.99747307,24.25350732,46.18209235,83.99078265,-16.74896323,-0.542919531,-11.6788535,39,12,20,20,12,22,11,-8.367,122.7014,8,8,2,-7.7
4mix.pdb,0.102189781,35.43613139,9.187727928,-0.487591241,30945.8659,617.435,12,20,321.87,-8.367,11,12.52019331,-5.898921529,42.43589744,617.435,580.139,617.1609171,234,1,1.641025641,2.230769231,3.096424879,1.593295509,788.7224049,29.28372809,20.53371794,22.53371794,18.04735027,11.88551946,15.22943639,9.282665272,12.71898436,6.247939896,9.373205498,4.341384782,6.944071184,0.06,154682644.9,33.56077002,13.5723819,8.554755203,222.3814436,222.2259254,83.25771717,16.34043675,15.53348694,87.33576417,19.75852033,20.42040041,149.2886778,22.8318516,13.34455882,321.87,103.545406,60.42586557,19.46795574,13.99747307,24.25350732,46.18209235,83.99078265,-16.74896323,-0.542919531,-11.6788535,39,12,20,20,12,22,11,-8.367,122.7014,8,8,2,-7.73
4amb.pdb,0.048648649,45.35054054,5.233529854,0.186216216,38490.7419,396.226,7,13,210.46,-5.0976,6,11.3924821,-5.494705408,37.58333333,396.226,374.05,396.0709799,146,1.208333333,1.875,2.458333333,2.746304955,1.850960544,424.7887432,18.12095586,12.38691509,14.38691509,10.96694559,7.102419754,10.48530199,5.500278646,8.750136329,3.582326825,6.209240312,2.501493629,4.45620083,0.34,122927.3561,20.64947699,7.924337649,5.952933819,137.5138502,136.9238695,53.35788168,16.34043675,10.21669833,43.85721432,13.15163837,15.10361181,79.06693616,13.57124149,12.84164325,210.46,53.96288979,29.99981699,14.15116714,14.52368616,13.56562677,49.67671982,31.58691534,-4.594942818,-0.363754346,-10.81500921,24,7,13,13,7,15,6,-5.0976,76.0805,3,3,1,-6.85
3zy2.pdb,0.119883041,42.03625731,6.402423668,-0.293859649,38748.8972,453.282,10,16,260.54,-7.7055,6,11.54709042,-5.561978886,43.89285714,453.282,428.082,453.103677,168,1.142857143,1.821428571,2.464285714,3.060680238,1.61221445,558.3448456,20.85300667,14.28210261,16.28210261,12.8776292,8.263920344,11.64680258,6.634611811,9.884469494,4.603825105,7.230738592,3.404590485,5.359297687,0.22,1122914.608,22.89519417,8.392696728,5.09362707,159.3125762,158.8228629,53.35788168,16.34043675,20.85027554,49.26502834,13.27557315,31.47085649,97.44032822,13.57124149,0,260.54,72.21234706,29.99981699,24.78474434,20.25735364,13.69359817,50.34145757,39.07953278,-7.674005072,-0.628557901,-10.98929169,28,11,16,16,10,18,6,-7.7055,88.6693,3,3,1,-6.02
3kia.pdb,0.083067093,44.4128115,5.093023872,-0.229073482,34779.9869,372.295,9,13,208.02,-6.4846,4,10.79521542,-4.995021135,47.79166667,372.295,349.111,372.1289729,142,1.25,1.958333333,2.625,2.995023606,1.661853484,457.4546512,17.64589989,12.51839243,13.51839243,11.17052241,7.42794111,9.138864882,6.008688459,7.394327004,4.347518623,4.89023531,3.210359792,3.591738799,-0.09,229769.226,18.69368535,6.904725039,3.696104565,137.179302,136.55519,39.26042711,8.170218376,20.85027554,49.26502834,13.27557315,26.57744489,92.54691662,9.260610116,0,208.02,64.04212868,20.21299379,20.47411297,20.25735364,9.886245722,29.93881273,38.9302496,-6.871340376,-0.333337388,-4.995021135,24,10,13,13,9,14,4,-6.4846,77.0505,3,3,1,-5.69
3kia.pdb,0.084415584,41.47275974,5.136903572,-0.153896104,34032.2307,372.295,9,13,208.02,-6.4846,4,10.79521542,-4.995021135,47.79166667,372.295,349.111,372.1289729,142,1.25,1.958333333,2.625,2.995023606,1.661853484,457.4546512,17.64589989,12.51839243,13.51839243,11.17052241,7.42794111,9.138864882,6.008688459,7.394327004,4.347518623,4.89023531,3.210359792,3.591738799,-0.09,229769.226,18.69368535,6.904725039,3.696104565,137.179302,136.55519,39.26042711,8.170218376,20.85027554,49.26502834,13.27557315,26.57744489,92.54691662,9.260610116,0,208.02,64.04212868,20.21299379,20.47411297,20.25735364,9.886245722,29.93881273,38.9302496,-6.871340376,-0.333337388,-4.995021135,24,10,13,13,9,14,4,-6.4846,77.0505,3,3,1,-5.69
3jsz.pdb,0.094488189,43.5126378,6.085489464,-0.38011811,57196.0662,574.366,11,19,309.84,-8.3026,9,12.21890479,-5.886253981,44.05555556,574.366,542.11,574.118718,216,0.861111111,1.5,2.111111111,3.055525205,1.546915006,723.5528683,26.99927104,18.45636767,20.45636767,16.65350342,10.73081892,14.07473585,8.4048342,11.84115329,5.78189322,8.907158822,3.867565033,6.463068116,0.1,41785932.71,30.63878108,12.09103866,7.186870793,204.1016972,203.819624,83.25771717,16.34043675,10.21669833,74.24625136,19.75852033,15.10361181,143.1229022,22.8318516,6.420821623,309.84,97.37963042,55.31933817,18.6749143,14.5802533,23.4629234,45.2772329,80.67692563,-17.94348998,-1.772023168,-11.64601323,36,11,19,19,11,21,9,-8.3026,110.1037,8,8,2,-8.39
2yk6.pdb,0.132307692,38.15756923,8.64754734,-0.256307692,37361.6482,411.241,8,14,236.48,-6.1604,6,11.42539735,-5.545767608,39.56,411.241,388.057,411.081879,152,1.2,1.84,2.4,2.708668567,1.930886079,455.002917,18.99119935,12.83450885,14.83450885,11.39446595,7.285923173,10.66880541,5.70502212,8.954879803,3.731593688,6.358507175,2.573219317,4.527926519,0.3,181258.6831,21.59839957,8.12284233,5.88870225,142.8537409,142.2785561,53.35788168,16.34043675,10.21669833,43.47823352,13.15163837,20.83727929,85.10877699,13.57124149,6.420821623,236.48,60.00473062,29.99981699,14.15116714,20.25735364,13.40416159,49.62222892,32.53421128,-6.78119148,-0.553229654,-10.9531895,25,9,14,14,8,16,6,-6.1604,79.4389,3,3,1,-6.25
2j0b.pdb,0.111111111,46.45843621,6.059457207,0.029218107,27518.4632,412.225,8,14,230.69,-6.1268,6,11.41150846,-5.557601927,39.56,412.225,390.049,412.0658946,152,1.12,1.76,2.32,2.708668567,1.930886079,452.7920023,18.99119935,12.70437218,14.70437218,11.39446595,7.210788729,10.59367097,5.614326824,8.864184507,3.672337021,6.299250508,2.537019115,4.491726317,0.3,181258.6831,21.59839957,8.12284233,5.88870225,142.3080839,141.7135416,58.46440908,16.34043675,10.21669833,43.54035908,13.15163837,15.10361181,90.27742995,13.57124149,6.420821623,230.69,60.06685617,35.10634439,14.15116714,14.52368616,13.32945637,49.4838389,41.54735296,-7.787285584,-0.702921012,-10.98155274,25,8,14,14,8,16,6,-6.1268,77.4703,4,4,1,-6.18
2iv7.pdb,0.10989011,39.33269231,7.799659157,-0.386813187,41079.9443,412.225,8,14,230.69,-6.1268,6,11.41150846,-5.557601927,39.56,412.225,390.049,412.0658946,152,1.12,1.76,2.32,2.708668567,1.930886079,452.7920023,18.99119935,12.70437218,14.70437218,11.39446595,7.210788729,10.59367097,5.614326824,8.864184507,3.672337021,6.299250508,2.537019115,4.491726317,0.3,181258.6831,21.59839957,8.12284233,5.88870225,142.3080839,141.7135416,58.46440908,16.34043675,10.21669833,43.54035908,13.15163837,15.10361181,90.27742995,13.57124149,6.420821623,230.69,60.06685617,35.10634439,14.15116714,14.52368616,13.32945637,49.4838389,41.54735296,-7.787285584,-0.702921012,-10.98155274,25,8,14,14,8,16,6,-6.1268,77.4703,4,4,1,-7.18
2h1h.pdb,0.083850932,33.11804348,8.992904472,-0.263354037,35834.5938,631.441,12,20,319.46,-8.8616,10,14.37874057,-6.035104112,44.9,631.441,595.153,631.1678141,238,1.025,1.725,2.4,3.433262194,1.320724953,861.0372798,29.56818514,20.67195576,22.67195576,18.65350342,12.20705938,15.55097631,9.727431541,13.16375063,6.990318865,10.11558447,4.911967637,7.498047108,-0.01,443836628.4,32.89447688,12.92217343,7.029785252,226.8424332,226.7013636,77.43507743,16.34043675,20.85027554,79.79076006,26.55114631,31.47085649,151.6678037,22.8318516,0,319.46,103.3031199,49.49669843,29.30849151,20.31392078,38.08984726,46.27630383,68.4876925,-19.66221997,-1.352519138,-11.85725729,40,13,20,20,12,23,10,-8.8616,125.0589,6,6,2,-7.94
2h1h.pdb,0.085714286,33.50955556,9.008312416,-0.268253968,35179.8384,631.441,12,20,319.46,-8.8616,10,14.37874057,-6.035104112,44.9,631.441,595.153,631.1678141,238,1.025,1.725,2.4,3.433262194,1.320724953,861.0372798,29.56818514,20.67195576,22.67195576,18.65350342,12.20705938,15.55097631,9.727431541,13.16375063,6.990318865,10.11558447,4.911967637,7.498047108,-0.01,443836628.4,32.89447688,12.92217343,7.029785252,226.8424332,226.7013636,77.43507743,16.34043675,20.85027554,79.79076006,26.55114631,31.47085649,151.6678037,22.8318516,0,319.46,103.3031199,49.49669843,29.30849151,20.31392078,38.08984726,46.27630383,68.4876925,-19.66221997,-1.352519138,-11.85725729,40,13,20,20,12,23,10,-8.8616,125.0589,6,6,2,-7.85
2fyc.pdb,0.121323529,37.71617647,8.744636726,-0.384926471,31479.7396,412.225,8,14,230.69,-6.1268,6,11.41150846,-5.557601927,39.56,412.225,390.049,412.0658946,152,1.12,1.76,2.32,2.708668567,1.930886079,452.7920023,18.99119935,12.70437218,14.70437218,11.39446595,7.210788729,10.59367097,5.614326824,8.864184507,3.672337021,6.299250508,2.537019115,4.491726317,0.3,181258.6831,21.59839957,8.12284233,5.88870225,142.3080839,141.7135416,58.46440908,16.34043675,10.21669833,43.54035908,13.15163837,15.10361181,90.27742995,13.57124149,6.420821623,230.69,60.06685617,35.10634439,14.15116714,14.52368616,13.32945637,49.4838389,41.54735296,-7.787285584,-0.702921012,-10.98155274,25,8,14,14,8,16,6,-6.1268,77.4703,4,4,1,-8.38
2fyc.pdb,0.121323529,37.71617647,8.744636726,-0.384926471,31479.7396,412.225,8,14,230.69,-6.1268,6,11.41150846,-5.557601927,39.56,412.225,390.049,412.0658946,152,1.12,1.76,2.32,2.708668567,1.930886079,452.7920023,18.99119935,12.70437218,14.70437218,11.39446595,7.210788729,10.59367097,5.614326824,8.864184507,3.672337021,6.299250508,2.537019115,4.491726317,0.3,181258.6831,21.59839957,8.12284233,5.88870225,142.3080839,141.7135416,58.46440908,16.34043675,10.21669833,43.54035908,13.15163837,15.10361181,90.27742995,13.57124149,6.420821623,230.69,60.06685617,35.10634439,14.15116714,14.52368616,13.32945637,49.4838389,41.54735296,-7.787285584,-0.702921012,-10.98155274,25,8,14,14,8,16,6,-6.1268,77.4703,4,4,1,-8.49
2fyc.pdb,0.121323529,37.71617647,8.744636726,-0.384926471,31479.7396,412.225,8,14,230.69,-6.1268,6,11.41150846,-5.557601927,39.56,412.225,390.049,412.0658946,152,1.12,1.76,2.32,2.708668567,1.930886079,452.7920023,18.99119935,12.70437218,14.70437218,11.39446595,7.210788729,10.59367097,5.614326824,8.864184507,3.672337021,6.299250508,2.537019115,4.491726317,0.3,181258.6831,21.59839957,8.12284233,5.88870225,142.3080839,141.7135416,58.46440908,16.34043675,10.21669833,43.54035908,13.15163837,15.10361181,90.27742995,13.57124149,6.420821623,230.69,60.06685617,35.10634439,14.15116714,14.52368616,13.32945637,49.4838389,41.54735296,-7.787285584,-0.702921012,-10.98155274,25,8,14,14,8,16,6,-6.1268,77.4703,4,4,1,-6.31
2fyc.pdb,0.121323529,37.71617647,8.744636726,-0.384926471,31479.7396,412.225,8,14,230.69,-6.1268,6,11.41150846,-5.557601927,39.56,412.225,390.049,412.0658946,152,1.12,1.76,2.32,2.708668567,1.930886079,452.7920023,18.99119935,12.70437218,14.70437218,11.39446595,7.210788729,10.59367097,5.614326824,8.864184507,3.672337021,6.299250508,2.537019115,4.491726317,0.3,181258.6831,21.59839957,8.12284233,5.88870225,142.3080839,141.7135416,58.46440908,16.34043675,10.21669833,43.54035908,13.15163837,15.10361181,90.27742995,13.57124149,6.420821623,230.69,60.06685617,35.10634439,14.15116714,14.52368616,13.32945637,49.4838389,41.54735296,-7.787285584,-0.702921012,-10.98155274,25,8,14,14,8,16,6,-6.1268,77.4703,4,4,1,-6.32
1y6f.pdb,0.11928934,35.06068528,6.613012123,-0.50786802,45928.7289,574.366,11,19,309.84,-8.3026,9,12.21890479,-5.886253981,44.05555556,574.366,542.11,574.118718,216,0.861111111,1.5,2.111111111,3.055525205,1.546915006,723.5528683,26.99927104,18.45636767,20.45636767,16.65350342,10.73081892,14.07473585,8.4048342,11.84115329,5.78189322,8.907158822,3.867565033,6.463068116,0.1,41785932.71,30.63878108,12.09103866,7.186870793,204.1016972,203.819624,83.25771717,16.34043675,10.21669833,74.24625136,19.75852033,15.10361181,143.1229022,22.8318516,6.420821623,309.84,97.37963042,55.31933817,18.6749143,14.5802533,23.4629234,45.2772329,80.67692563,-17.94348998,-1.772023168,-11.64601323,36,11,19,19,11,21,9,-8.3026,110.1037,8,8,2,-8.75
1y6f.pdb,0.11928934,35.39926396,6.576578331,-0.501269036,45958.821,412.225,8,14,230.69,-6.1268,6,11.41150846,-5.557601927,39.56,412.225,390.049,412.0658946,152,1.12,1.76,2.32,2.708668567,1.930886079,452.7920023,18.99119935,12.70437218,14.70437218,11.39446595,7.210788729,10.59367097,5.614326824,8.864184507,3.672337021,6.299250508,2.537019115,4.491726317,0.3,181258.6831,21.59839957,8.12284233,5.88870225,142.3080839,141.7135416,58.46440908,16.34043675,10.21669833,43.54035908,13.15163837,15.10361181,90.27742995,13.57124149,6.420821623,230.69,60.06685617,35.10634439,14.15116714,14.52368616,13.32945637,49.4838389,41.54735296,-7.787285584,-0.702921012,-10.98155274,25,8,14,14,8,16,6,-6.1268,77.4703,4,4,1,-7
1xv5.pdb,0.120300752,36.80077694,6.110669136,-0.503007519,46584.3779,412.225,8,14,230.69,-6.1268,6,11.41150846,-5.557601927,39.56,412.225,390.049,412.0658946,152,1.12,1.76,2.32,2.708668567,1.930886079,452.7920023,18.99119935,12.70437218,14.70437218,11.39446595,7.210788729,10.59367097,5.614326824,8.864184507,3.672337021,6.299250508,2.537019115,4.491726317,0.3,181258.6831,21.59839957,8.12284233,5.88870225,142.3080839,141.7135416,58.46440908,16.34043675,10.21669833,43.54035908,13.15163837,15.10361181,90.27742995,13.57124149,6.420821623,230.69,60.06685617,35.10634439,14.15116714,14.52368616,13.32945637,49.4838389,41.54735296,-7.787285584,-0.702921012,-10.98155274,25,8,14,14,8,16,6,-6.1268,77.4703,4,4,1,-7.4
1o0r.pdb,0.121771218,35.48634686,8.736964989,-0.381549815,31360.6387,412.225,8,14,230.69,-6.1268,6,11.41150846,-5.557601927,39.56,412.225,390.049,412.0658946,152,1.12,1.76,2.32,2.708668567,1.930886079,452.7920023,18.99119935,12.70437218,14.70437218,11.39446595,7.210788729,10.59367097,5.614326824,8.864184507,3.672337021,6.299250508,2.537019115,4.491726317,0.3,181258.6831,21.59839957,8.12284233,5.88870225,142.3080839,141.7135416,58.46440908,16.34043675,10.21669833,43.54035908,13.15163837,15.10361181,90.27742995,13.57124149,6.420821623,230.69,60.06685617,35.10634439,14.15116714,14.52368616,13.32945637,49.4838389,41.54735296,-7.787285584,-0.702921012,-10.98155274,25,8,14,14,8,16,6,-6.1268,77.4703,4,4,1,-8.55
1o0r.pdb,0.120879121,35.2996337,8.737545204,-0.367765568,31560.8736,412.225,8,14,230.69,-6.1268,6,11.41150846,-5.557601927,39.56,412.225,390.049,412.0658946,152,1.12,1.76,2.32,2.708668567,1.930886079,452.7920023,18.99119935,12.70437218,14.70437218,11.39446595,7.210788729,10.59367097,5.614326824,8.864184507,3.672337021,6.299250508,2.537019115,4.491726317,0.3,181258.6831,21.59839957,8.12284233,5.88870225,142.3080839,141.7135416,58.46440908,16.34043675,10.21669833,43.54035908,13.15163837,15.10361181,90.27742995,13.57124149,6.420821623,230.69,60.06685617,35.10634439,14.15116714,14.52368616,13.32945637,49.4838389,41.54735296,-7.787285584,-0.702921012,-10.98155274,25,8,14,14,8,16,6,-6.1268,77.4703,4,4,1,-8.42
1kws.pdb,0.076,39.772,6.390032768,-0.2616,27732.3795,590.365,12,20,330.07,-8.9842,9,12.23260119,-5.989900995,43.35135135,590.365,558.109,590.1136326,222,0.891891892,1.540540541,2.135135135,3.053097605,1.559004235,753.914637,27.86951453,18.77382475,20.77382475,17.02618222,10.85607397,14.19999091,8.562036391,11.99835548,5.833824847,8.959090449,3.920178661,6.515681743,0.06,58697135.65,31.58583642,12.28793457,7.626891957,208.8959309,208.6092961,88.36424457,16.34043675,10.21669833,80.53627809,13.15163837,15.10361181,147.9125743,22.8318516,6.420821623,330.07,97.06277518,65.53239296,18.6749143,9.473725908,23.19017512,45.29684841,89.90486452,-21.74550316,-0.944939243,-11.81255676,37,12,20,20,12,22,9,-8.9842,111.2435,9,8,2,-8.53
1kws.pdb,0.073469388,39.13959184,6.172737312,-0.252244898,27106.6604,590.365,12,20,330.07,-8.9842,9,12.23260119,-5.989900995,43.35135135,590.365,558.109,590.1136326,222,0.891891892,1.540540541,2.135135135,3.053097605,1.559004235,753.914637,27.86951453,18.77382475,20.77382475,17.02618222,10.85607397,14.19999091,8.562036391,11.99835548,5.833824847,8.959090449,3.920178661,6.515681743,0.06,58697135.65,31.58583642,12.28793457,7.626891957,208.8959309,208.6092961,88.36424457,16.34043675,10.21669833,80.53627809,13.15163837,15.10361181,147.9125743,22.8318516,6.420821623,330.07,97.06277518,65.53239296,18.6749143,9.473725908,23.19017512,45.29684841,89.90486452,-21.74550316,-0.944939243,-11.81255676,37,12,20,20,12,22,9,-8.9842,111.2435,9,8,2,-8.38
1fr8.pdb,0.121771218,35.48634686,8.677654076,-0.369741697,31362.6777,412.225,8,14,230.69,-6.1268,6,11.41150846,-5.557601927,39.56,412.225,390.049,412.0658946,152,1.12,1.76,2.32,2.708668567,1.930886079,452.7920023,18.99119935,12.70437218,14.70437218,11.39446595,7.210788729,10.59367097,5.614326824,8.864184507,3.672337021,6.299250508,2.537019115,4.491726317,0.3,181258.6831,21.59839957,8.12284233,5.88870225,142.3080839,141.7135416,58.46440908,16.34043675,10.21669833,43.54035908,13.15163837,15.10361181,90.27742995,13.57124149,6.420821623,230.69,60.06685617,35.10634439,14.15116714,14.52368616,13.32945637,49.4838389,41.54735296,-7.787285584,-0.702921012,-10.98155274,25,8,14,14,8,16,6,-6.1268,77.4703,4,4,1,-6.53
1fr8.pdb,0.121771218,35.48634686,8.677654076,-0.369741697,31362.6777,412.225,8,14,230.69,-6.1268,6,11.41150846,-5.557601927,39.56,412.225,390.049,412.0658946,152,1.12,1.76,2.32,2.708668567,1.930886079,452.7920023,18.99119935,12.70437218,14.70437218,11.39446595,7.210788729,10.59367097,5.614326824,8.864184507,3.672337021,6.299250508,2.537019115,4.491726317,0.3,181258.6831,21.59839957,8.12284233,5.88870225,142.3080839,141.7135416,58.46440908,16.34043675,10.21669833,43.54035908,13.15163837,15.10361181,90.27742995,13.57124149,6.420821623,230.69,60.06685617,35.10634439,14.15116714,14.52368616,13.32945637,49.4838389,41.54735296,-7.787285584,-0.702921012,-10.98155274,25,8,14,14,8,16,6,-6.1268,77.4703,4,4,1,-6.74
1foa.pdb,0.134502924,40.98654971,8.488697243,-0.402923977,39671.7405,617.435,12,20,321.87,-8.367,11,12.52019331,-5.898921529,42.43589744,617.435,580.139,617.1609171,234,1,1.641025641,2.230769231,3.096424879,1.593295509,788.7224049,29.28372809,20.53371794,22.53371794,18.04735027,11.88551946,15.22943639,9.282665272,12.71898436,6.247939896,9.373205498,4.341384782,6.944071184,0.06,154682644.9,33.56077002,13.5723819,8.554755203,222.3814436,222.2259254,83.25771717,16.34043675,15.53348694,87.33576417,19.75852033,20.42040041,149.2886778,22.8318516,13.34455882,321.87,103.545406,60.42586557,19.46795574,13.99747307,24.25350732,46.18209235,83.99078265,-16.74896323,-0.542919531,-11.6788535,39,12,20,20,12,22,11,-8.367,122.7014,8,8,2,-8.52
1fgx.pdb,0.130952381,42.28095238,6.923921394,-0.125,19427.281,331.238,7,11,178.17,-4.9059,4,10.65963346,-4.991659148,43.19047619,331.238,311.078,331.0911904,126,1.238095238,1.904761905,2.476190476,2.63559112,1.957558821,356.6002527,15.78409257,10.940662,11.940662,9.687359167,6.374809496,8.085733268,4.988403472,6.374042017,3.416030539,3.958747226,2.342788422,2.724167429,-0.01,36879.82654,17.34552975,6.62366093,4.255676924,120.1748097,119.4458687,44.3669545,8.170218376,10.21669833,43.54035908,13.15163837,10.21020021,85.38401834,9.260610116,6.420821623,178.17,51.8966378,25.31952118,9.840535766,14.52368616,9.580149151,29.22729949,41.26559889,-6.979243438,-0.407700499,-4.991659148,21,7,11,11,7,12,4,-4.9059,65.8515,4,4,1,-6.17
