Protein_name,Binding_affinity,num_rotatable_bonds,tpsa,num_h_acceptors,mol_weight,MaxEStateIndex,instability_index,HallKierAlpha,MinEStateIndex,Y,SPS,Ipc,V,EState_VSA9,S,D,C,Q,aromaticity,G,L,gravy,M,P,molecular_weight,T,K,SMR_VSA3,E,EState_VSA8,F,isoelectric_point,R,W,N,SlogP_VSA5,I,A,H,seq_length,SMR_VSA6,logp,num_h_donors,VSA_EState8,FpDensityMorgan1
pdb8v9q.ent,-7.06,6,230.69,14,412.225,11.41150846,45.38782,0.3,-5.557601927,0.03,39.56,181258.6831,0.074,14.52368616,0.056,0.06,0.026,0.036,0.09,0.07,0.082,-0.4172,0.032,0.048,57382.1683,0.056,0.058,10.21669833,0.064,14.15116714,0.04,8.17422046661377,0.072,0.02,0.052,6.420821623,0.062,0.036,0.026,500,13.15163837,-6.12679999999999,8,-0.702921012,1.12
pdb8v9q.ent,-6.61,6,230.69,14,412.225,11.41150846,44.963719376392,0.3,-5.557601927,0.0311804008908686,39.56,181258.6831,0.0734966592427617,14.52368616,0.0601336302895323,0.0601336302895323,0.0267260579064588,0.0378619153674833,0.0913140311804009,0.0512249443207127,0.0824053452115813,-0.442761692650334,0.0311804008908686,0.0489977728285078,52145.3884,0.0556792873051225,0.0601336302895323,10.21669833,0.0601336302895323,14.15116714,0.0400890868596882,8.79750080108643,0.0779510022271715,0.0200445434298441,0.0556792873051225,6.420821623,0.066815144766147,0.0334075723830735,0.0267260579064588,449,13.15163837,-6.12679999999999,8,-0.702921012,1.12
pdb8sfy.ent,-8.21,9,309.84,19,574.366,12.21890479,30.5597156398104,0.1,-5.886253981,0.0308056872037915,44.05555556,41785932.71,0.0521327014218009,14.5802533,0.0663507109004739,0.0521327014218009,0.0094786729857819,0.018957345971564,0.0876777251184834,0.0687203791469194,0.130331753554502,-0.0985781990521326,0.023696682464455,0.0639810426540284,47183.2095,0.028436018957346,0.0805687203791469,10.21669833,0.0687203791469194,18.6749143,0.0497630331753555,6.53735942840576,0.033175355450237,0.0071090047393364,0.0473933649289099,6.420821623,0.0734597156398104,0.0639810426540284,0.0308056872037915,422,19.75852033,-8.30259999999999,11,-1.772023168,0.861111111
pdb8p0q.ent,-7.47,6,230.69,14,412.225,11.41150846,48.3077705977384,0.3,-5.557601927,0.037156704361874,39.56,181258.6831,0.0581583198707593,14.52368616,0.061389337641357,0.0597738287560582,0.0193861066235864,0.0355411954765751,0.101777059773829,0.0468497576736672,0.098546042003231,-0.188691437802908,0.0274636510500808,0.0484652665589661,70557.8419000003,0.0549273021001615,0.0468497576736672,10.21669833,0.0597738287560582,14.15116714,0.0549273021001615,5.80078296661377,0.0468497576736672,0.0096930533117932,0.0597738287560582,6.420821623,0.0726978998384491,0.0646203554119548,0.037156704361874,619,13.15163837,-6.12679999999999,8,-0.702921012,1.12
pdb8p0q.ent,-7.18,6,230.69,14,412.225,11.41150846,48.675542949757,0.3,-5.557601927,0.0372771474878444,39.56,181258.6831,0.0583468395461913,14.52368616,0.0615883306320908,0.059967585089141,0.0194489465153971,0.0356564019448947,0.102106969205835,0.047001620745543,0.0988654781199352,-0.182495948136143,0.0275526742301459,0.0486223662884927,70342.6354000003,0.053484602917342,0.047001620745543,10.21669833,0.059967585089141,14.15116714,0.0551053484602917,5.80078296661377,0.047001620745543,0.0097244732576985,0.0583468395461913,6.420821623,0.0729335494327391,0.0648298217179903,0.0372771474878444,617,13.15163837,-6.12679999999999,8,-0.702921012,1.12
pdb8p0o.ent,-8.4,6,230.69,14,412.225,11.41150846,47.7448713826368,0.3,-5.557601927,0.0369774919614148,39.56,181258.6831,0.0578778135048232,14.52368616,0.0610932475884244,0.0594855305466238,0.0192926045016077,0.0353697749196141,0.101286173633441,0.0498392282958199,0.0980707395498392,-0.181832797427653,0.0273311897106109,0.0482315112540193,70785.1021000003,0.0546623794212219,0.0466237942122187,10.21669833,0.0594855305466238,14.15116714,0.0546623794212219,5.80299968719482,0.0466237942122187,0.0096463022508038,0.0594855305466238,6.420821623,0.0739549839228296,0.0643086816720257,0.0369774919614148,622,13.15163837,-6.12679999999999,8,-0.702921012,1.12
pdb8p0o.ent,-8.56,6,230.69,14,412.225,11.41150846,47.9423671497586,0.3,-5.557601927,0.037037037037037,39.56,181258.6831,0.0579710144927536,14.52368616,0.0611916264090177,0.0595813204508857,0.0193236714975845,0.035426731078905,0.101449275362319,0.0499194847020934,0.0982286634460548,-0.189371980676329,0.0273752012882448,0.0483091787439614,70671.9445000003,0.0547504025764895,0.0466988727858293,10.21669833,0.0595813204508857,14.15116714,0.0547504025764895,5.80299968719482,0.0466988727858293,0.0096618357487922,0.0595813204508857,6.420821623,0.072463768115942,0.0644122383252818,0.037037037037037,621,13.15163837,-6.12679999999999,8,-0.702921012,1.12
pdb8og4.ent,-6.44,6,230.69,14,412.225,11.41150846,44.0413540197463,0.3,-5.557601927,0.0437235543018336,39.56,181258.6831,0.080394922425952,14.52368616,0.0592383638928068,0.0507757404795487,0.0155148095909732,0.0338504936530324,0.117066290550071,0.0479548660084626,0.101551480959097,-0.188998589562765,0.0225669957686883,0.07475317348378,81277.4270000004,0.0535966149506347,0.0409026798307475,10.21669833,0.0620592383638928,14.15116714,0.0564174894217207,6.45909214019775,0.0648801128349788,0.0169252468265162,0.0380818053596615,6.420821623,0.0479548660084626,0.0620592383638928,0.0267983074753173,709,13.15163837,-6.12679999999999,8,-0.702921012,1.12
pdb8og4.ent,-6.52,6,230.69,14,412.225,11.41150846,43.7697038081807,0.3,-5.557601927,0.0437235543018336,39.56,181258.6831,0.080394922425952,14.52368616,0.0592383638928068,0.0507757404795487,0.0155148095909732,0.0338504936530324,0.118476727785614,0.0479548660084626,0.101551480959097,-0.180112834978844,0.0225669957686883,0.07475317348378,81295.4868000004,0.0535966149506347,0.0409026798307475,10.21669833,0.0606488011283498,14.15116714,0.0578279266572638,6.56441478729248,0.0648801128349788,0.0169252468265162,0.0380818053596615,6.420821623,0.0479548660084626,0.0620592383638928,0.0267983074753173,709,13.15163837,-6.12679999999999,8,-0.702921012,1.12
pdb8k3w.ent,-7.26,11,321.87,20,617.435,12.52019331,44.1353602305476,0.06,-5.898921529,0.0518731988472623,42.43589744,154682644.9,0.0706051873198847,13.99747307,0.0864553314121038,0.0288184438040346,0.0230547550432277,0.0259365994236311,0.145533141210375,0.0461095100864553,0.103746397694525,0.1835734870317,0.0288184438040346,0.0288184438040346,80074.4608000005,0.053314121037464,0.0605187319884726,15.53348694,0.053314121037464,19.46795574,0.0734870317002882,8.7581750869751,0.037463976945245,0.0201729106628242,0.0605187319884726,13.34455882,0.0864553314121038,0.0461095100864553,0.0144092219020173,694,19.75852033,-8.367,12,-0.542919531,1.0
pdb8k3w.ent,-7.23,11,321.87,20,617.435,12.52019331,44.1353602305476,0.06,-5.898921529,0.0518731988472623,42.43589744,154682644.9,0.0706051873198847,13.99747307,0.0864553314121038,0.0288184438040346,0.0230547550432277,0.0259365994236311,0.145533141210375,0.0461095100864553,0.103746397694525,0.1835734870317,0.0288184438040346,0.0288184438040346,80074.4608000005,0.053314121037464,0.0605187319884726,15.53348694,0.053314121037464,19.46795574,0.0734870317002882,8.7581750869751,0.037463976945245,0.0201729106628242,0.0605187319884726,13.34455882,0.0864553314121038,0.0461095100864553,0.0144092219020173,694,19.75852033,-8.367,12,-0.542919531,1.0
pdb8k3u.ent,-6.42,6,230.69,14,412.225,11.41150846,45.5504857621441,0.3,-5.557601927,0.0552763819095477,39.56,181258.6831,0.0703517587939698,14.52368616,0.0904522613065327,0.0217755443886097,0.0268006700167504,0.0217755443886097,0.150753768844221,0.0452261306532663,0.108877721943049,0.318090452261307,0.0318257956448911,0.0268006700167504,69082.3730000003,0.0519262981574539,0.0536013400335008,10.21669833,0.0485762144053601,14.15116714,0.0737018425460637,9.04957218170166,0.0435510887772194,0.0217755443886097,0.0519262981574539,6.420821623,0.0921273031825796,0.0469011725293132,0.016750418760469,597,13.15163837,-6.12679999999999,8,-0.702921012,1.12
pdb8k3u.ent,-6.42,6,230.69,14,412.225,11.41150846,45.5504857621441,0.3,-5.557601927,0.0552763819095477,39.56,181258.6831,0.0703517587939698,14.52368616,0.0904522613065327,0.0217755443886097,0.0268006700167504,0.0217755443886097,0.150753768844221,0.0452261306532663,0.108877721943049,0.318090452261307,0.0318257956448911,0.0268006700167504,69082.3730000003,0.0519262981574539,0.0536013400335008,10.21669833,0.0485762144053601,14.15116714,0.0737018425460637,9.04957218170166,0.0435510887772194,0.0217755443886097,0.0519262981574539,6.420821623,0.0921273031825796,0.0469011725293132,0.016750418760469,597,13.15163837,-6.12679999999999,8,-0.702921012,1.12
pdb8jjt.ent,-9.0,11,321.87,20,617.435,12.52019331,42.0753125,0.06,-5.898921529,0.015625,42.43589744,154682644.9,0.06875,13.99747307,0.05625,0.05,0.01875,0.065625,0.04375,0.08125,0.13125,-0.0790625,0.0125,0.059375,34155.616,0.03125,0.0125,15.53348694,0.034375,19.46795574,0.0125,9.0363561630249,0.0875,0.015625,0.021875,13.34455882,0.025,0.165625,0.034375,320,19.75852033,-8.367,12,-0.542919531,1.0
pdb8jjt.ent,-9.13,11,321.87,20,617.435,12.52019331,41.1109034267913,0.06,-5.898921529,0.0155763239875389,42.43589744,154682644.9,0.0685358255451713,13.99747307,0.0560747663551402,0.0498442367601246,0.0186915887850467,0.0654205607476635,0.043613707165109,0.0841121495327103,0.130841121495327,-0.0694704049844237,0.0124610591900312,0.0560747663551402,34186.63,0.0311526479750779,0.0124610591900312,15.53348694,0.0342679127725857,19.46795574,0.0124610591900312,9.0363561630249,0.0872274143302181,0.0155763239875389,0.0218068535825545,13.34455882,0.0249221183800623,0.168224299065421,0.0342679127725857,321,19.75852033,-8.367,12,-0.542919531,1.0
pdb8jjt.ent,-9.09,11,321.87,20,617.435,12.52019331,41.277950310559,0.06,-5.898921529,0.015527950310559,42.43589744,154682644.9,0.0683229813664596,13.99747307,0.0590062111801242,0.0496894409937888,0.0186335403726708,0.0652173913043478,0.0434782608695652,0.0807453416149068,0.130434782608696,-0.084472049689441,0.0124223602484472,0.0559006211180124,34372.8417,0.031055900621118,0.0124223602484472,15.53348694,0.0341614906832298,19.46795574,0.0124223602484472,9.20958271026611,0.0900621118012422,0.015527950310559,0.0217391304347826,13.34455882,0.0248447204968944,0.167701863354037,0.0341614906832298,322,19.75852033,-8.367,12,-0.542919531,1.0
pdb8jjq.ent,-8.86,11,321.87,20,617.435,12.52019331,42.0753125,0.06,-5.898921529,0.015625,42.43589744,154682644.9,0.06875,13.99747307,0.05625,0.05,0.01875,0.065625,0.04375,0.08125,0.13125,-0.0790625,0.0125,0.059375,34155.616,0.03125,0.0125,15.53348694,0.034375,19.46795574,0.0125,9.0363561630249,0.0875,0.015625,0.021875,13.34455882,0.025,0.165625,0.034375,320,19.75852033,-8.367,12,-0.542919531,1.0
pdb8jjq.ent,-9.03,11,321.87,20,617.435,12.52019331,41.208125,0.06,-5.898921529,0.015625,42.43589744,154682644.9,0.06875,13.99747307,0.05625,0.05,0.01875,0.065625,0.04375,0.084375,0.13125,-0.0753125,0.0125,0.05625,34115.5521,0.03125,0.0125,15.53348694,0.034375,19.46795574,0.0125,9.0363561630249,0.0875,0.015625,0.021875,13.34455882,0.025,0.165625,0.034375,320,19.75852033,-8.367,12,-0.542919531,1.0
pdb8jjq.ent,-9.15,11,321.87,20,617.435,12.52019331,41.1109034267913,0.06,-5.898921529,0.0155763239875389,42.43589744,154682644.9,0.0685358255451713,13.99747307,0.059190031152648,0.0498442367601246,0.0186915887850467,0.0654205607476635,0.043613707165109,0.0841121495327103,0.130841121495327,-0.077570093457944,0.0124610591900312,0.0560747663551402,34202.6294,0.0311526479750779,0.0124610591900312,15.53348694,0.0342679127725857,19.46795574,0.0124610591900312,9.03255252838135,0.0872274143302181,0.0155763239875389,0.0218068535825545,13.34455882,0.0249221183800623,0.165109034267913,0.0342679127725857,321,19.75852033,-8.367,12,-0.542919531,1.0
pdb8jjn.ent,-9.25,9,309.84,19,574.366,12.21890479,41.208125,0.1,-5.886253981,0.015625,44.05555556,41785932.71,0.06875,14.5802533,0.05625,0.05,0.01875,0.065625,0.04375,0.084375,0.13125,-0.0753125,0.0125,0.05625,34115.5521,0.03125,0.0125,10.21669833,0.034375,18.6749143,0.0125,9.0363561630249,0.0875,0.015625,0.021875,6.420821623,0.025,0.165625,0.034375,320,19.75852033,-8.30259999999999,11,-1.772023168,0.861111111
pdb8jjn.ent,-8.77,9,309.84,19,574.366,12.21890479,42.8238853503185,0.1,-5.886253981,0.0159235668789809,44.05555556,41785932.71,0.0700636942675159,14.5802533,0.0573248407643312,0.0509554140127389,0.0191082802547771,0.0668789808917197,0.0445859872611465,0.0796178343949045,0.130573248407643,-0.0697452229299363,0.0127388535031847,0.0573248407643312,33589.0088,0.0318471337579618,0.0127388535031847,10.21669833,0.035031847133758,18.6749143,0.0127388535031847,9.0363561630249,0.089171974522293,0.0159235668789809,0.0159235668789809,6.420821623,0.0254777070063694,0.165605095541401,0.035031847133758,314,19.75852033,-8.30259999999999,11,-1.772023168,0.861111111
pdb8jjn.ent,-9.2,9,309.84,19,574.366,12.21890479,41.2536809815951,0.1,-5.886253981,0.0153374233128834,44.05555556,41785932.71,0.0674846625766871,14.5802533,0.0582822085889571,0.0521472392638037,0.0184049079754601,0.0644171779141104,0.0429447852760736,0.0828220858895705,0.128834355828221,-0.112269938650307,0.0122699386503067,0.0582822085889571,34770.2679,0.0306748466257669,0.0153374233128834,10.21669833,0.0337423312883436,18.6749143,0.0122699386503067,9.18921070098877,0.0889570552147239,0.0153374233128834,0.0214723926380368,6.420821623,0.0245398773006135,0.165644171779141,0.0337423312883436,326,19.75852033,-8.30259999999999,11,-1.772023168,0.861111111
pdb8inp.ent,-7.13,6,230.69,14,412.225,11.41150846,48.4715962441315,0.3,-5.557601927,0.0234741784037559,39.56,181258.6831,0.0845070422535211,14.52368616,0.0868544600938967,0.0352112676056338,0.0117370892018779,0.0140845070422535,0.0915492957746479,0.0704225352112676,0.112676056338028,0.0028169014084506,0.0328638497652582,0.0774647887323944,47027.6362000001,0.028169014084507,0.0328638497652582,10.21669833,0.0868544600938967,14.15116714,0.0516431924882629,5.65544567108154,0.0657276995305164,0.0164319248826291,0.0164319248826291,6.420821623,0.0305164319248826,0.0962441314553991,0.0258215962441315,426,13.15163837,-6.12679999999999,8,-0.702921012,1.12
pdb8inh.ent,-6.89,6,230.69,14,412.225,11.41150846,47.2020044052863,0.3,-5.557601927,0.026431718061674,39.56,181258.6831,0.0859030837004405,14.52368616,0.0506607929515419,0.0616740088105727,0.0308370044052863,0.0330396475770925,0.105726872246696,0.0682819383259912,0.0903083700440529,-0.112334801762114,0.0088105726872246,0.066079295154185,50935.9199000001,0.039647577092511,0.0682819383259912,10.21669833,0.0726872246696035,14.15116714,0.0616740088105727,5.41785869598389,0.0374449339207048,0.0176211453744493,0.0330396475770925,6.420821623,0.0594713656387665,0.0638766519823789,0.0242290748898678,454,13.15163837,-6.12679999999999,8,-0.702921012,1.12
pdb8inh.ent,-6.99,6,230.69,14,412.225,11.41150846,47.2020044052863,0.3,-5.557601927,0.026431718061674,39.56,181258.6831,0.0859030837004405,14.52368616,0.0506607929515419,0.0616740088105727,0.0308370044052863,0.0330396475770925,0.105726872246696,0.0682819383259912,0.0903083700440529,-0.112334801762114,0.0088105726872246,0.066079295154185,50935.9199000001,0.039647577092511,0.0682819383259912,10.21669833,0.0726872246696035,14.15116714,0.0616740088105727,5.41785869598389,0.0374449339207048,0.0176211453744493,0.0330396475770925,6.420821623,0.0594713656387665,0.0638766519823789,0.0242290748898678,454,13.15163837,-6.12679999999999,8,-0.702921012,1.12
pdb8i90.ent,-8.64,9,309.84,19,574.366,12.21890479,46.7693181818182,0.1,-5.886253981,0.0227272727272727,44.05555556,41785932.71,0.0772727272727273,14.5802533,0.0909090909090909,0.0477272727272727,0.0181818181818182,0.0431818181818182,0.0909090909090909,0.05,0.113636363636364,-0.145227272727273,0.0227272727272727,0.0613636363636364,49758.8189000001,0.0318181818181818,0.0704545454545455,10.21669833,0.075,18.6749143,0.0477272727272727,5.77202243804932,0.0340909090909091,0.0204545454545455,0.0409090909090909,6.420821623,0.0613636363636364,0.0477272727272727,0.0227272727272727,440,19.75852033,-8.30259999999999,11,-1.772023168,0.861111111
pdb8i90.ent,-8.7,9,309.84,19,574.366,12.21890479,46.6776255707763,0.1,-5.886253981,0.0228310502283105,44.05555556,41785932.71,0.0776255707762557,14.5802533,0.0867579908675799,0.0479452054794521,0.0182648401826484,0.0410958904109589,0.089041095890411,0.0502283105022831,0.114155251141553,-0.156392694063927,0.0228310502283105,0.0616438356164384,49497.4995000001,0.0342465753424658,0.0707762557077626,10.21669833,0.0776255707762557,18.6749143,0.045662100456621,5.68193264007568,0.0342465753424658,0.0205479452054794,0.0410958904109589,6.420821623,0.0593607305936073,0.0502283105022831,0.0228310502283105,438,19.75852033,-8.30259999999999,11,-1.772023168,0.861111111
pdb8i0e.ent,-6.92,6,230.69,14,412.225,11.41150846,41.1733944954128,0.3,-5.557601927,0.0137614678899083,39.56,181258.6831,0.0665137614678899,14.52368616,0.0825688073394496,0.0412844036697248,0.0160550458715596,0.0206422018348624,0.0963302752293578,0.0619266055045872,0.107798165137615,0.0236238532110092,0.018348623853211,0.0665137614678899,48275.9444000001,0.0573394495412844,0.055045871559633,10.21669833,0.0665137614678899,14.15116714,0.0619266055045872,5.6805685043335,0.0298165137614679,0.0206422018348624,0.0504587155963303,6.420821623,0.0665137614678899,0.0688073394495413,0.0275229357798165,436,13.15163837,-6.12679999999999,8,-0.702921012,1.12
pdb8i0d.ent,-8.42,9,309.84,19,574.366,12.21890479,42.8190582959641,0.1,-5.886253981,0.0134529147982063,44.05555556,41785932.71,0.0695067264573991,14.5802533,0.0874439461883408,0.0403587443946188,0.015695067264574,0.0179372197309417,0.0941704035874439,0.0605381165919283,0.105381165919283,0.0309417040358743,0.0179372197309417,0.0695067264573991,49226.9759000001,0.0605381165919283,0.0538116591928251,10.21669833,0.0672645739910314,18.6749143,0.0605381165919283,5.65578670501709,0.0291479820627803,0.0201793721973094,0.047085201793722,6.420821623,0.0650224215246637,0.0695067264573991,0.0291479820627803,446,19.75852033,-8.30259999999999,11,-1.772023168,0.861111111
pdb8hoj.ent,-7.33,6,230.69,14,412.225,11.41150846,43.3483592017738,0.3,-5.557601927,0.0199556541019956,39.56,181258.6831,0.0886917960088692,14.52368616,0.0753880266075388,0.0465631929046563,0.0133037694013304,0.0421286031042129,0.0864745011086475,0.0687361419068736,0.104212860310421,-0.0414634146341463,0.0288248337028825,0.0532150776053215,50056.9133000001,0.0487804878048781,0.0554323725055432,10.21669833,0.0776053215077605,14.15116714,0.0554323725055432,5.16248111724853,0.0354767184035477,0.0110864745011086,0.0399113082039911,6.420821623,0.0532150776053215,0.0620842572062084,0.0199556541019956,451,13.15163837,-6.12679999999999,8,-0.702921012,1.12
pdb8hoj.ent,-7.16,6,230.69,14,412.225,11.41150846,43.092401847575,0.3,-5.557601927,0.0207852193995381,39.56,181258.6831,0.0900692840646651,14.52368616,0.0785219399538106,0.0415704387990762,0.0138568129330254,0.0369515011547344,0.0877598152424942,0.0646651270207852,0.108545034642032,0.0394919168591224,0.0300230946882217,0.0531177829099307,48067.8991000001,0.0484988452655889,0.0531177829099307,10.21669833,0.0739030023094688,14.15116714,0.0554272517321016,5.40830974578857,0.0369515011547344,0.0115473441108545,0.0415704387990762,6.420821623,0.0554272517321016,0.0646651270207852,0.0207852193995381,433,13.15163837,-6.12679999999999,8,-0.702921012,1.12
pdb8gkn.ent,-6.91,6,230.69,14,412.225,11.41150846,32.2501170960187,0.3,-5.557601927,0.0304449648711944,39.56,181258.6831,0.0515222482435597,14.52368616,0.0679156908665105,0.0515222482435597,0.009367681498829,0.0187353629976581,0.0866510538641686,0.0679156908665105,0.128805620608899,-0.109133489461358,0.0234192037470726,0.063231850117096,47769.848,0.0304449648711944,0.0796252927400468,10.21669833,0.0702576112412178,14.15116714,0.0491803278688525,6.53872356414795,0.0351288056206089,0.0070257611241217,0.0468384074941452,6.420821623,0.0749414519906323,0.063231850117096,0.0304449648711944,427,13.15163837,-6.12679999999999,8,-0.702921012,1.12
pdb8gkn.ent,-6.89,6,230.69,14,412.225,11.41150846,32.2501170960187,0.3,-5.557601927,0.0304449648711944,39.56,181258.6831,0.0515222482435597,14.52368616,0.0679156908665105,0.0515222482435597,0.009367681498829,0.0187353629976581,0.0866510538641686,0.0679156908665105,0.128805620608899,-0.109133489461358,0.0234192037470726,0.063231850117096,47769.848,0.0304449648711944,0.0796252927400468,10.21669833,0.0702576112412178,14.15116714,0.0491803278688525,6.53872356414795,0.0351288056206089,0.0070257611241217,0.0468384074941452,6.420821623,0.0749414519906323,0.063231850117096,0.0304449648711944,427,13.15163837,-6.12679999999999,8,-0.702921012,1.12
pdb8g2j.ent,-7.9,9,309.84,19,574.366,12.21890479,37.0630180806677,0.1,-5.886253981,0.0389429763560501,44.05555556,41785932.71,0.0876216968011127,14.5802533,0.0611961057023644,0.0389429763560501,0.0180806675938804,0.0264255910987483,0.132127955493741,0.0723226703755216,0.0973574408901252,0.105285118219749,0.0222531293463143,0.0611961057023644,81569.9176000004,0.0472878998609179,0.0472878998609179,10.21669833,0.0514603616133519,18.6749143,0.0639777468706537,8.75695018768311,0.0556328233657858,0.0292072322670376,0.0375521557719054,6.420821623,0.066759388038943,0.0611961057023644,0.0152990264255911,719,19.75852033,-8.30259999999999,11,-1.772023168,0.861111111
pdb8g27.ent,-6.26,6,230.69,14,412.225,11.41150846,37.5122873082288,0.3,-5.557601927,0.0390516039051604,39.56,181258.6831,0.0878661087866109,14.52368616,0.0613668061366806,0.0390516039051604,0.0181311018131102,0.0264993026499303,0.132496513249651,0.0725244072524407,0.096234309623431,0.106555090655509,0.0223152022315202,0.0613668061366806,81300.5743000004,0.0474198047419805,0.0474198047419805,10.21669833,0.0516039051603905,14.15116714,0.0641562064156206,8.68461666107178,0.0543933054393305,0.0292887029288703,0.0376569037656904,6.420821623,0.0669456066945607,0.0613668061366806,0.0153417015341702,717,13.15163837,-6.12679999999999,8,-0.702921012,1.12
pdb8g27.ent,-6.11,6,230.69,14,412.225,11.41150846,37.218955431755,0.3,-5.557601927,0.0389972144846797,39.56,181258.6831,0.0863509749303621,14.52368616,0.0612813370473538,0.0389972144846797,0.0181058495821727,0.0264623955431755,0.132311977715877,0.0724233983286908,0.0974930362116992,0.0995821727019496,0.0222841225626741,0.0612813370473538,81470.7866000004,0.0473537604456825,0.0473537604456825,10.21669833,0.0515320334261838,14.15116714,0.064066852367688,8.75695018768311,0.0557103064066852,0.0292479108635097,0.0376044568245125,6.420821623,0.0668523676880223,0.0612813370473538,0.0153203342618384,718,13.15163837,-6.12679999999999,8,-0.702921012,1.12
pdb8g27.ent,-6.35,6,230.69,14,412.225,11.41150846,36.9854305555557,0.3,-5.557601927,0.0388888888888889,39.56,181258.6831,0.0875,14.52368616,0.0611111111111111,0.0388888888888889,0.0180555555555556,0.0263888888888889,0.131944444444444,0.0722222222222222,0.0972222222222222,0.099722222222222,0.0222222222222222,0.0611111111111111,81698.0899000004,0.0472222222222222,0.0486111111111111,10.21669833,0.0513888888888889,14.15116714,0.0638888888888889,8.81909770965576,0.0555555555555556,0.0291666666666667,0.0375,6.420821623,0.0666666666666667,0.0611111111111111,0.0152777777777778,720,13.15163837,-6.12679999999999,8,-0.702921012,1.12
pdb8fhw.ent,-6.41,6,230.69,14,412.225,11.41150846,46.6638888888889,0.3,-5.557601927,0.0439814814814815,39.56,181258.6831,0.0763888888888889,14.52368616,0.0671296296296296,0.0486111111111111,0.0138888888888889,0.0462962962962963,0.113425925925926,0.0648148148148148,0.111111111111111,-0.0296296296296296,0.025462962962963,0.0462962962962963,49241.8975000001,0.0416666666666667,0.025462962962963,10.21669833,0.0601851851851852,14.15116714,0.0486111111111111,5.67124691009521,0.0601851851851852,0.0208333333333333,0.0416666666666667,6.420821623,0.0671296296296296,0.0625,0.0277777777777778,432,13.15163837,-6.12679999999999,8,-0.702921012,1.12
pdb8fhw.ent,-6.41,6,230.69,14,412.225,11.41150846,46.6638888888889,0.3,-5.557601927,0.0439814814814815,39.56,181258.6831,0.0763888888888889,14.52368616,0.0671296296296296,0.0486111111111111,0.0138888888888889,0.0462962962962963,0.113425925925926,0.0648148148148148,0.111111111111111,-0.0296296296296296,0.025462962962963,0.0462962962962963,49241.8975000001,0.0416666666666667,0.025462962962963,10.21669833,0.0601851851851852,14.15116714,0.0486111111111111,5.67124691009521,0.0601851851851852,0.0208333333333333,0.0416666666666667,6.420821623,0.0671296296296296,0.0625,0.0277777777777778,432,13.15163837,-6.12679999999999,8,-0.702921012,1.12
pdb8fhw.ent,-6.41,6,230.69,14,412.225,11.41150846,46.6638888888889,0.3,-5.557601927,0.0439814814814815,39.56,181258.6831,0.0763888888888889,14.52368616,0.0671296296296296,0.0486111111111111,0.0138888888888889,0.0462962962962963,0.113425925925926,0.0648148148148148,0.111111111111111,-0.0296296296296296,0.025462962962963,0.0462962962962963,49241.8975000001,0.0416666666666667,0.025462962962963,10.21669833,0.0601851851851852,14.15116714,0.0486111111111111,5.67124691009521,0.0601851851851852,0.0208333333333333,0.0416666666666667,6.420821623,0.0671296296296296,0.0625,0.0277777777777778,432,13.15163837,-6.12679999999999,8,-0.702921012,1.12
pdb8fhw.ent,-6.41,6,230.69,14,412.225,11.41150846,46.6638888888889,0.3,-5.557601927,0.0439814814814815,39.56,181258.6831,0.0763888888888889,14.52368616,0.0671296296296296,0.0486111111111111,0.0138888888888889,0.0462962962962963,0.113425925925926,0.0648148148148148,0.111111111111111,-0.0296296296296296,0.025462962962963,0.0462962962962963,49241.8975000001,0.0416666666666667,0.025462962962963,10.21669833,0.0601851851851852,14.15116714,0.0486111111111111,5.67124691009521,0.0601851851851852,0.0208333333333333,0.0416666666666667,6.420821623,0.0671296296296296,0.0625,0.0277777777777778,432,13.15163837,-6.12679999999999,8,-0.702921012,1.12
pdb8dqd.ent,-8.97,11,321.87,20,617.435,12.52019331,20.6954594594594,0.06,-5.898921529,0.0378378378378378,42.43589744,154682644.9,0.0756756756756757,13.99747307,0.0594594594594595,0.0675675675675676,0.0135135135135135,0.0162162162162162,0.1,0.0702702702702703,0.0918918918918919,-0.0543243243243244,0.0243243243243243,0.0189189189189189,41025.9184,0.0297297297297297,0.0972972972972973,15.53348694,0.0567567567567568,19.46795574,0.0567567567567568,8.56406078338623,0.0378378378378378,0.0054054054054054,0.0513513513513514,13.34455882,0.0675675675675676,0.105405405405405,0.0162162162162162,370,19.75852033,-8.367,12,-0.542919531,1.0
pdb8d0u.ent,-6.31,6,260.54,16,453.282,11.54709042,48.5010437710438,0.22,-5.561978886,0.0572390572390572,43.89285714,1122914.608,0.0673400673400673,20.25735364,0.0774410774410774,0.0437710437710438,0.0202020202020202,0.0336700336700337,0.151515151515152,0.0303030303030303,0.0875420875420875,-0.464309764309764,0.0067340067340067,0.0538720538720539,35008.1311,0.0572390572390572,0.063973063973064,20.85027554,0.063973063973064,24.78474434,0.0572390572390572,6.52366123199463,0.0336700336700337,0.037037037037037,0.0740740740740741,0.0,0.0505050505050505,0.0404040404040404,0.0437710437710438,297,13.27557315,-7.70549999999999,10,-0.628557901,1.142857143
pdb8cse.ent,-6.27,4,183.96,11,330.254,10.67352235,42.1698984771574,-0.01,-4.975130222,0.050761421319797,43.19047619,36879.82654,0.0482233502538071,20.25735364,0.0786802030456853,0.0634517766497462,0.0152284263959391,0.0203045685279188,0.116751269035533,0.0482233502538071,0.116751269035533,-0.0703045685279189,0.0152284263959391,0.0406091370558376,44329.4920000001,0.0456852791878173,0.032994923857868,10.21669833,0.0761421319796954,9.840535766,0.0609137055837564,4.88936977386475,0.0406091370558376,0.0050761421319796,0.0431472081218274,6.420821623,0.0609137055837564,0.0964467005076142,0.0406091370558376,394,13.15163837,-4.93949999999999,7,-0.258009141,1.333333333
pdb8cse.ent,-6.3,4,183.96,11,330.254,10.67352235,41.678582278481,-0.01,-4.975130222,0.0506329113924051,43.19047619,36879.82654,0.0481012658227848,20.25735364,0.0784810126582279,0.0632911392405063,0.0151898734177215,0.020253164556962,0.116455696202532,0.0481012658227848,0.116455696202532,-0.0721518987341773,0.0126582278481013,0.0405063291139241,44370.4778000001,0.0481012658227848,0.0329113924050633,10.21669833,0.0759493670886076,9.840535766,0.0607594936708861,4.88936977386475,0.0405063291139241,0.0050632911392405,0.0430379746835443,6.420821623,0.0607594936708861,0.0987341772151899,0.0405063291139241,395,13.15163837,-4.93949999999999,7,-0.258009141,1.333333333
pdb8chd.ent,-6.81,6,230.69,14,412.225,11.41150846,39.3737527114967,0.3,-5.557601927,0.0238611713665944,39.56,181258.6831,0.0845986984815618,14.52368616,0.0802603036876356,0.0563991323210412,0.0130151843817787,0.0325379609544469,0.0759219088937093,0.0715835140997831,0.123644251626898,-0.0848156182212582,0.0216919739696312,0.0715835140997831,50817.9105,0.0477223427331887,0.0585683297180043,10.21669833,0.0585683297180043,14.15116714,0.0390455531453362,5.82277965545654,0.0390455531453362,0.0130151843817787,0.0368763557483731,6.420821623,0.0477223427331887,0.0563991323210412,0.0238611713665944,461,13.15163837,-6.12679999999999,8,-0.702921012,1.12
pdb8chd.ent,-7.22,6,230.69,14,412.225,11.41150846,39.4376086956522,0.3,-5.557601927,0.0239130434782609,39.56,181258.6831,0.0847826086956522,14.52368616,0.0804347826086956,0.0565217391304348,0.0130434782608696,0.0326086956521739,0.0760869565217391,0.0717391304347826,0.123913043478261,-0.0773913043478262,0.0217391304347826,0.0717391304347826,50688.7965,0.0478260869565217,0.058695652173913,10.21669833,0.0565217391304348,14.15116714,0.0391304347826087,5.92531719207764,0.0391304347826087,0.0130434782608696,0.0369565217391304,6.420821623,0.0478260869565217,0.0565217391304348,0.0239130434782609,460,13.15163837,-6.12679999999999,8,-0.702921012,1.12
pdb8bz6.ent,-7.92,9,309.84,19,574.366,12.21890479,31.5501815181518,0.1,-5.886253981,0.0412541254125413,44.05555556,41785932.71,0.0544554455445545,14.5802533,0.0594059405940594,0.0742574257425743,0.0016501650165016,0.0264026402640264,0.105610561056106,0.0594059405940594,0.0858085808580858,-0.516006600660064,0.0181518151815182,0.0297029702970297,69489.7471000002,0.0577557755775578,0.0924092409240924,10.21669833,0.0841584158415842,18.6749143,0.0462046204620462,5.26109676361084,0.037953795379538,0.0181518151815182,0.066006600660066,6.420821623,0.0775577557755776,0.0544554455445545,0.0148514851485149,606,19.75852033,-8.30259999999999,11,-1.772023168,0.861111111
pdb8bz6.ent,-7.99,9,309.84,19,574.366,12.21890479,31.5858016528926,0.1,-5.886253981,0.0413223140495868,44.05555556,41785932.71,0.0545454545454545,14.5802533,0.059504132231405,0.0743801652892562,0.0016528925619834,0.0264462809917355,0.105785123966942,0.059504132231405,0.084297520661157,-0.523140495867767,0.0181818181818182,0.0297520661157025,69376.5895000002,0.0578512396694215,0.0925619834710744,10.21669833,0.084297520661157,18.6749143,0.0462809917355372,5.26109676361084,0.0380165289256198,0.0181818181818182,0.0661157024793388,6.420821623,0.0776859504132231,0.0545454545454545,0.0148760330578512,605,19.75852033,-8.30259999999999,11,-1.772023168,0.861111111
pdb8bz6.ent,-7.86,9,309.84,19,574.366,12.21890479,31.5501815181518,0.1,-5.886253981,0.0412541254125413,44.05555556,41785932.71,0.0544554455445545,14.5802533,0.0594059405940594,0.0742574257425743,0.0016501650165016,0.0264026402640264,0.105610561056106,0.0594059405940594,0.0858085808580858,-0.516006600660064,0.0181518151815182,0.0297029702970297,69489.7471000002,0.0577557755775578,0.0924092409240924,10.21669833,0.0841584158415842,18.6749143,0.0462046204620462,5.26109676361084,0.037953795379538,0.0181518151815182,0.066006600660066,6.420821623,0.0775577557755776,0.0544554455445545,0.0148514851485149,606,19.75852033,-8.30259999999999,11,-1.772023168,0.861111111
pdb8bz6.ent,-7.9,9,309.84,19,574.366,12.21890479,31.5501815181518,0.1,-5.886253981,0.0412541254125413,44.05555556,41785932.71,0.0544554455445545,14.5802533,0.0594059405940594,0.0742574257425743,0.0016501650165016,0.0264026402640264,0.105610561056106,0.0594059405940594,0.0858085808580858,-0.516006600660064,0.0181518151815182,0.0297029702970297,69489.7471000002,0.0577557755775578,0.0924092409240924,10.21669833,0.0841584158415842,18.6749143,0.0462046204620462,5.26109676361084,0.037953795379538,0.0181518151815182,0.066006600660066,6.420821623,0.0775577557755776,0.0544554455445545,0.0148514851485149,606,19.75852033,-8.30259999999999,11,-1.772023168,0.861111111
pdb8bz6.ent,-8.07,9,309.84,19,574.366,12.21890479,31.5501815181518,0.1,-5.886253981,0.0412541254125413,44.05555556,41785932.71,0.0544554455445545,14.5802533,0.0594059405940594,0.0742574257425743,0.0016501650165016,0.0264026402640264,0.105610561056106,0.0594059405940594,0.0858085808580858,-0.516006600660064,0.0181518151815182,0.0297029702970297,69489.7471000002,0.0577557755775578,0.0924092409240924,10.21669833,0.0841584158415842,18.6749143,0.0462046204620462,5.26109676361084,0.037953795379538,0.0181518151815182,0.066006600660066,6.420821623,0.0775577557755776,0.0544554455445545,0.0148514851485149,606,19.75852033,-8.30259999999999,11,-1.772023168,0.861111111
pdb8b62.ent,-8.54,6,230.69,14,412.225,11.41150846,53.7030303030303,0.3,-5.557601927,0.0358126721763085,39.56,181258.6831,0.0578512396694215,14.52368616,0.0358126721763085,0.0716253443526171,0.0082644628099173,0.0413223140495868,0.0991735537190083,0.068870523415978,0.12396694214876,-0.161432506887053,0.0165289256198347,0.0550964187327824,40898.4232,0.0303030303030303,0.0330578512396694,10.21669833,0.0550964187327824,14.15116714,0.0523415977961433,6.72640590667725,0.0909090909090909,0.0110192837465565,0.0247933884297521,6.420821623,0.0495867768595041,0.115702479338843,0.0220385674931129,363,13.15163837,-6.12679999999999,8,-0.702921012,1.12
pdb8b62.ent,-8.54,6,230.69,14,412.225,11.41150846,53.4828729281768,0.3,-5.557601927,0.0359116022099447,39.56,181258.6831,0.0580110497237569,14.52368616,0.0359116022099447,0.0718232044198895,0.0082872928176795,0.0414364640883978,0.0994475138121547,0.069060773480663,0.124309392265193,-0.167127071823205,0.0138121546961326,0.0552486187845304,40767.2272,0.0303867403314917,0.0331491712707182,10.21669833,0.0552486187845304,14.15116714,0.0524861878453039,6.80473003387451,0.0911602209944751,0.0110497237569061,0.0248618784530387,6.420821623,0.0497237569060773,0.116022099447514,0.0220994475138122,362,13.15163837,-6.12679999999999,8,-0.702921012,1.12
pdb8avq.ent,-7.97,8,289.61,18,544.34,12.13839939,29.3275362318841,0.14,-5.76226746,0.0471014492753623,43.73529412,16666464.2,0.0543478260869565,9.473725908,0.0507246376811594,0.0797101449275362,0.0144927536231884,0.0253623188405797,0.126811594202899,0.0398550724637681,0.0797101449275362,-0.473188405797102,0.0,0.0398550724637681,32639.6413,0.0579710144927536,0.0797101449275362,10.21669833,0.0797101449275362,18.6749143,0.0543478260869565,5.47816486358643,0.0507246376811594,0.0253623188405797,0.0615942028985507,6.420821623,0.108695652173913,0.0253623188405797,0.0253623188405797,276,19.75852033,-7.66349999999999,10,-1.42053885,0.941176471
pdb8avq.ent,-8.01,8,289.61,18,544.34,12.13839939,29.257761732852,0.14,-5.76226746,0.0469314079422383,43.73529412,16666464.2,0.0541516245487365,9.473725908,0.0541516245487365,0.0794223826714801,0.0144404332129964,0.0252707581227437,0.126353790613718,0.0397111913357401,0.0794223826714801,-0.474368231046932,0.0,0.0397111913357401,32726.7186,0.0577617328519856,0.0794223826714801,10.21669833,0.0794223826714801,18.6749143,0.0541516245487365,5.47816486358643,0.0505415162454874,0.0252707581227437,0.0613718411552347,6.420821623,0.108303249097473,0.0252707581227437,0.0252707581227437,277,19.75852033,-7.66349999999999,10,-1.42053885,0.941176471
pdb8avq.ent,-8.04,8,289.61,18,544.34,12.13839939,29.3978181818182,0.14,-5.76226746,0.0472727272727273,43.73529412,16666464.2,0.0545454545454545,9.473725908,0.0545454545454545,0.08,0.0145454545454545,0.0254545454545455,0.127272727272727,0.0363636363636364,0.0763636363636364,-0.490181818181819,0.0,0.04,32556.5097,0.0581818181818182,0.08,10.21669833,0.08,18.6749143,0.0545454545454545,5.47537975311279,0.0509090909090909,0.0254545454545455,0.0618181818181818,6.420821623,0.109090909090909,0.0254545454545455,0.0254545454545455,275,19.75852033,-7.66349999999999,10,-1.42053885,0.941176471
pdb8avq.ent,-8.12,8,289.61,18,544.34,12.13839939,29.9189781021898,0.14,-5.76226746,0.0474452554744526,43.73529412,16666464.2,0.0547445255474453,9.473725908,0.0547445255474453,0.0802919708029197,0.0145985401459854,0.0255474452554744,0.127737226277372,0.0364963503649635,0.0766423357664234,-0.508394160583942,0.0,0.0401459854014599,32443.3521,0.0583941605839416,0.0802919708029197,10.21669833,0.0802919708029197,18.6749143,0.0547445255474453,5.47537975311279,0.0510948905109489,0.0255474452554744,0.062043795620438,6.420821623,0.105839416058394,0.0255474452554744,0.0255474452554744,274,19.75852033,-7.66349999999999,10,-1.42053885,0.941176471
pdb7zle.ent,-7.05,6,230.69,14,412.225,11.41150846,29.3275362318841,0.3,-5.557601927,0.0471014492753623,39.56,181258.6831,0.0543478260869565,14.52368616,0.0507246376811594,0.0797101449275362,0.0144927536231884,0.0253623188405797,0.126811594202899,0.0398550724637681,0.0797101449275362,-0.473188405797102,0.0,0.0398550724637681,32639.6413,0.0579710144927536,0.0797101449275362,10.21669833,0.0797101449275362,14.15116714,0.0543478260869565,5.47816486358643,0.0507246376811594,0.0253623188405797,0.0615942028985507,6.420821623,0.108695652173913,0.0253623188405797,0.0253623188405797,276,13.15163837,-6.12679999999999,8,-0.702921012,1.12
pdb7zer.ent,-7.38,6,230.69,14,412.225,11.41150846,34.1218309859155,0.3,-5.557601927,0.0492957746478873,39.56,181258.6831,0.0528169014084507,14.52368616,0.0457746478873239,0.0669014084507042,0.0140845070422535,0.0422535211267606,0.133802816901408,0.0352112676056338,0.0915492957746479,-0.462676056338028,0.0387323943661972,0.0528169014084507,33666.0979,0.0457746478873239,0.0563380281690141,10.21669833,0.073943661971831,14.15116714,0.0492957746478873,5.88882656097412,0.0598591549295775,0.0352112676056338,0.0316901408450704,6.420821623,0.0492957746478873,0.0704225352112676,0.0387323943661972,284,13.15163837,-6.12679999999999,8,-0.702921012,1.12
pdb7zay.ent,-6.37,6,230.69,14,412.225,11.41150846,32.6677215189873,0.3,-5.557601927,0.0189873417721519,39.56,181258.6831,0.107594936708861,14.52368616,0.0485232067510549,0.0506329113924051,0.0232067510548523,0.0337552742616034,0.0717299578059072,0.0822784810126582,0.113924050632911,0.091772151898734,0.0253164556962025,0.0611814345991561,51234.3761000001,0.040084388185654,0.0253164556962025,10.21669833,0.0632911392405063,14.15116714,0.0316455696202532,5.50402660369873,0.0675105485232067,0.0210970464135021,0.0210970464135021,6.420821623,0.0168776371308017,0.128691983122363,0.0189873417721519,474,13.15163837,-6.12679999999999,8,-0.702921012,1.12
pdb7yua.ent,-5.6,6,260.54,16,453.282,11.54709042,37.1384408602151,0.22,-5.561978886,0.021505376344086,43.89285714,1122914.608,0.0967741935483871,20.25735364,0.0456989247311828,0.0887096774193548,0.0188172043010753,0.0295698924731183,0.0752688172043011,0.0698924731182796,0.0994623655913978,-0.202956989247312,0.0161290322580645,0.0672043010752688,41171.8511000001,0.0456989247311828,0.0026881720430107,20.85027554,0.0510752688172043,24.78474434,0.0376344086021505,5.1858419418335,0.0860215053763441,0.0161290322580645,0.032258064516129,0.0,0.0295698924731183,0.102150537634409,0.0430107526881721,372,13.27557315,-7.70549999999999,10,-0.628557901,1.142857143
pdb7yua.ent,-5.55,6,260.54,16,453.282,11.54709042,37.1384408602151,0.22,-5.561978886,0.021505376344086,43.89285714,1122914.608,0.0967741935483871,20.25735364,0.0456989247311828,0.0887096774193548,0.0188172043010753,0.0295698924731183,0.0752688172043011,0.0698924731182796,0.0994623655913978,-0.202956989247312,0.0161290322580645,0.0672043010752688,41171.8511000001,0.0456989247311828,0.0026881720430107,20.85027554,0.0510752688172043,24.78474434,0.0376344086021505,5.1858419418335,0.0860215053763441,0.0161290322580645,0.032258064516129,0.0,0.0295698924731183,0.102150537634409,0.0430107526881721,372,13.27557315,-7.70549999999999,10,-0.628557901,1.142857143
pdb7yua.ent,-5.47,6,260.54,16,453.282,11.54709042,37.1384408602151,0.22,-5.561978886,0.021505376344086,43.89285714,1122914.608,0.0967741935483871,20.25735364,0.0456989247311828,0.0887096774193548,0.0188172043010753,0.0295698924731183,0.0752688172043011,0.0698924731182796,0.0994623655913978,-0.202956989247312,0.0161290322580645,0.0672043010752688,41171.8511000001,0.0456989247311828,0.0026881720430107,20.85027554,0.0510752688172043,24.78474434,0.0376344086021505,5.1858419418335,0.0860215053763441,0.0161290322580645,0.032258064516129,0.0,0.0295698924731183,0.102150537634409,0.0430107526881721,372,13.27557315,-7.70549999999999,10,-0.628557901,1.142857143
pdb7yua.ent,-5.61,6,260.54,16,453.282,11.54709042,37.1384408602151,0.22,-5.561978886,0.021505376344086,43.89285714,1122914.608,0.0967741935483871,20.25735364,0.0456989247311828,0.0887096774193548,0.0188172043010753,0.0295698924731183,0.0752688172043011,0.0698924731182796,0.0994623655913978,-0.202956989247312,0.0161290322580645,0.0672043010752688,41171.8511000001,0.0456989247311828,0.0026881720430107,20.85027554,0.0510752688172043,24.78474434,0.0376344086021505,5.1858419418335,0.0860215053763441,0.0161290322580645,0.032258064516129,0.0,0.0295698924731183,0.102150537634409,0.0430107526881721,372,13.27557315,-7.70549999999999,10,-0.628557901,1.142857143
pdb7yp6.ent,-6.87,6,230.69,14,412.225,11.41150846,38.9524154589372,0.3,-5.557601927,0.0217391304347826,39.56,181258.6831,0.103864734299517,14.52368616,0.0579710144927536,0.0507246376811594,0.0048309178743961,0.0217391304347826,0.0748792270531401,0.0628019323671498,0.101449275362319,-0.0886473429951691,0.0265700483091787,0.070048309178744,45930.7734000001,0.0531400966183575,0.0193236714975845,10.21669833,0.0797101449275362,14.15116714,0.0241545893719807,5.35442638397217,0.0628019323671498,0.0289855072463768,0.0241545893719807,6.420821623,0.0386473429951691,0.101449275362319,0.0458937198067633,414,13.15163837,-6.12679999999999,8,-0.702921012,1.12
pdb7yp6.ent,-6.89,6,230.69,14,412.225,11.41150846,38.8132211538462,0.3,-5.557601927,0.0216346153846154,39.56,181258.6831,0.103365384615385,14.52368616,0.0552884615384615,0.0480769230769231,0.0048076923076923,0.0216346153846154,0.0745192307692308,0.0625,0.103365384615385,-0.0872596153846153,0.0264423076923077,0.0697115384615385,46186.0868000001,0.0552884615384615,0.0192307692307692,10.21669833,0.0817307692307692,14.15116714,0.0240384615384615,5.35823459625244,0.0625,0.0288461538461538,0.0264423076923077,6.420821623,0.0384615384615385,0.100961538461538,0.0456730769230769,416,13.15163837,-6.12679999999999,8,-0.702921012,1.12
pdb7yp5.ent,-7.05,6,210.46,13,410.253,11.43547108,39.0665871121718,0.34,-5.502394355,0.0214797136038186,39.56,184442.8721,0.102625298329356,14.52368616,0.0572792362768496,0.0501193317422434,0.0047732696897374,0.0214797136038186,0.0739856801909308,0.0620525059665871,0.102625298329356,-0.10763723150358,0.0262529832935561,0.0692124105011933,46544.4372000001,0.0548926014319809,0.0190930787589499,10.21669833,0.081145584725537,14.15116714,0.0238663484486873,5.36101970672608,0.0644391408114559,0.0286396181384248,0.0262529832935561,13.34455882,0.0381861575178998,0.100238663484487,0.045346062052506,419,13.15163837,-4.85159999999999,7,1.35986321,1.24
pdb7yp5.ent,-7.01,6,210.46,13,410.253,11.43547108,39.0665871121718,0.34,-5.502394355,0.0214797136038186,39.56,184442.8721,0.102625298329356,14.52368616,0.0572792362768496,0.0501193317422434,0.0047732696897374,0.0214797136038186,0.0739856801909308,0.0620525059665871,0.102625298329356,-0.10763723150358,0.0262529832935561,0.0692124105011933,46544.4372000001,0.0548926014319809,0.0190930787589499,10.21669833,0.081145584725537,14.15116714,0.0238663484486873,5.36101970672608,0.0644391408114559,0.0286396181384248,0.0262529832935561,13.34455882,0.0381861575178998,0.100238663484487,0.045346062052506,419,13.15163837,-4.85159999999999,7,1.35986321,1.24
pdb7y4i.ent,-6.53,6,260.54,16,453.282,11.54709042,35.4358404907976,0.22,-5.561978886,0.0588957055214724,43.89285714,1122914.608,0.0662576687116565,20.25735364,0.056441717791411,0.0588957055214724,0.0294478527607362,0.0245398773006135,0.0993865030674847,0.0588957055214724,0.101840490797546,-0.154723926380368,0.0306748466257669,0.0441717791411043,90723.9929000005,0.0515337423312883,0.0638036809815951,20.85027554,0.0539877300613497,24.78474434,0.0306748466257669,6.06821041107178,0.0368098159509202,0.0098159509202454,0.0539877300613497,0.0,0.0441717791411043,0.101840490797546,0.0233128834355828,815,13.27557315,-7.70549999999999,10,-0.628557901,1.142857143
pdb7xx4.ent,-8.69,9,309.84,19,574.366,12.21890479,47.7240759493671,0.1,-5.886253981,0.0227848101265823,44.05555556,41785932.71,0.0810126582278481,14.5802533,0.0405063291139241,0.0506329113924051,0.0050632911392405,0.0405063291139241,0.0708860759493671,0.0632911392405063,0.0936708860759494,-0.201518987341773,0.020253164556962,0.0810126582278481,43289.6395000001,0.0455696202531646,0.0253164556962025,10.21669833,0.0810126582278481,18.6749143,0.0278481012658228,5.29576854705811,0.0683544303797468,0.020253164556962,0.0227848101265823,6.420821623,0.0379746835443038,0.141772151898734,0.030379746835443,395,19.75852033,-8.30259999999999,11,-1.772023168,0.861111111
pdb7xx4.ent,-8.74,9,309.84,19,574.366,12.21890479,47.4259796437659,0.1,-5.886253981,0.0229007633587786,44.05555556,41785932.71,0.0814249363867685,14.5802533,0.0407124681933842,0.0508905852417303,0.005089058524173,0.0407124681933842,0.0712468193384224,0.0636132315521629,0.094147582697201,-0.196692111959288,0.0203562340966921,0.0788804071246819,43091.4204000001,0.0432569974554707,0.0254452926208651,10.21669833,0.0814249363867685,18.6749143,0.0279898218829517,5.29741687774658,0.0687022900763359,0.0203562340966921,0.0229007633587786,6.420821623,0.0381679389312977,0.142493638676845,0.0305343511450382,393,19.75852033,-8.30259999999999,11,-1.772023168,0.861111111
pdb7xpu.ent,-7.92,8,319.46,20,599.424,12.33831391,36.9212938005391,0.06,-5.796243185,0.0215633423180593,47.73684211,149044923.1,0.0970350404312669,19.73114055,0.0431266846361186,0.0889487870619946,0.0188679245283019,0.0296495956873315,0.0754716981132076,0.0673854447439353,0.0997304582210243,-0.205660377358491,0.0161725067385445,0.0673854447439353,41153.8822000001,0.0431266846361186,0.0026954177897574,20.85027554,0.0512129380053908,24.78474434,0.0377358490566038,5.25410556793213,0.0889487870619946,0.0161725067385445,0.0323450134770889,6.9237372,0.0296495956873315,0.105121293800539,0.0431266846361186,371,13.27557315,-8.85370000000001,12,0.502013343,0.947368421
pdb7xpu.ent,-7.82,8,319.46,20,599.424,12.33831391,36.9212938005391,0.06,-5.796243185,0.0215633423180593,47.73684211,149044923.1,0.0970350404312669,19.73114055,0.0431266846361186,0.0889487870619946,0.0188679245283019,0.0296495956873315,0.0754716981132076,0.0673854447439353,0.0997304582210243,-0.205660377358491,0.0161725067385445,0.0673854447439353,41153.8822000001,0.0431266846361186,0.0026954177897574,20.85027554,0.0512129380053908,24.78474434,0.0377358490566038,5.25410556793213,0.0889487870619946,0.0161725067385445,0.0323450134770889,6.9237372,0.0296495956873315,0.105121293800539,0.0431266846361186,371,13.27557315,-8.85370000000001,12,0.502013343,0.947368421
pdb7xpt.ent,-7.89,9,345.35,21,613.407,12.20337564,38.3194666666667,0.02,-6.20313094,0.0213333333333333,46.82051282,253378350.3,0.096,20.31392078,0.048,0.088,0.0186666666666667,0.0293333333333333,0.0746666666666667,0.0693333333333333,0.0986666666666667,-0.217066666666667,0.0186666666666667,0.0666666666666667,41582.3455000001,0.0426666666666667,0.0026666666666666,20.85027554,0.0506666666666667,29.30849151,0.0373333333333333,5.31270656585693,0.088,0.016,0.032,0.0,0.0293333333333333,0.101333333333333,0.0453333333333333,375,19.88245512,-11.1453,11,-1.83720467,0.871794872
pdb7xpt.ent,-7.87,9,345.35,21,613.407,12.20337564,38.3194666666667,0.02,-6.20313094,0.0213333333333333,46.82051282,253378350.3,0.096,20.31392078,0.048,0.088,0.0186666666666667,0.0293333333333333,0.0746666666666667,0.0693333333333333,0.0986666666666667,-0.217066666666667,0.0186666666666667,0.0666666666666667,41582.3455000001,0.0426666666666667,0.0026666666666666,20.85027554,0.0506666666666667,29.30849151,0.0373333333333333,5.31270656585693,0.088,0.016,0.032,0.0,0.0293333333333333,0.101333333333333,0.0453333333333333,375,19.88245512,-11.1453,11,-1.83720467,0.871794872
pdb7xps.ent,-5.77,6,260.54,16,453.282,11.54709042,37.4404312668464,0.22,-5.561978886,0.0215633423180593,43.89285714,1122914.608,0.0970350404312669,20.25735364,0.045822102425876,0.0889487870619946,0.0188679245283019,0.0296495956873315,0.0754716981132076,0.0673854447439353,0.0997304582210243,-0.21266846361186,0.0161725067385445,0.0673854447439353,41169.8816000001,0.0431266846361186,0.0026954177897574,20.85027554,0.0512129380053908,24.78474434,0.0377358490566038,5.25410556793213,0.0889487870619946,0.0161725067385445,0.0323450134770889,0.0,0.0296495956873315,0.102425876010782,0.0431266846361186,371,13.27557315,-7.70549999999999,10,-0.628557901,1.142857143
pdb7xps.ent,-5.74,6,260.54,16,453.282,11.54709042,37.5145945945946,0.22,-5.561978886,0.0216216216216216,43.89285714,1122914.608,0.0972972972972973,20.25735364,0.045945945945946,0.0891891891891892,0.0189189189189189,0.0297297297297297,0.0756756756756757,0.0675675675675676,0.1,-0.201081081081081,0.0162162162162162,0.0675675675675676,41013.6959000001,0.0432432432432432,0.0027027027027027,20.85027554,0.0513513513513514,24.78474434,0.0378378378378378,5.1858419418335,0.0864864864864865,0.0162162162162162,0.0324324324324324,0.0,0.0297297297297297,0.102702702702703,0.0432432432432432,370,13.27557315,-7.70549999999999,10,-0.628557901,1.142857143
pdb7xpr.ent,-5.66,6,260.54,16,453.282,11.54709042,38.0890410958904,0.22,-5.561978886,0.0219178082191781,43.89285714,1122914.608,0.0986301369863014,20.25735364,0.0465753424657534,0.0904109589041096,0.0191780821917808,0.0301369863013699,0.0767123287671233,0.0684931506849315,0.101369863013699,-0.247397260273973,0.0,0.0684931506849315,40382.7056000001,0.0438356164383562,0.0027397260273972,20.85027554,0.052054794520548,24.78474434,0.0383561643835616,5.25410556793213,0.0904109589041096,0.0164383561643836,0.0328767123287671,0.0,0.0301369863013699,0.104109589041096,0.0438356164383562,365,13.27557315,-7.70549999999999,10,-0.628557901,1.142857143
pdb7xpr.ent,-5.65,6,260.54,16,453.282,11.54709042,38.0890410958904,0.22,-5.561978886,0.0219178082191781,43.89285714,1122914.608,0.0986301369863014,20.25735364,0.0465753424657534,0.0904109589041096,0.0191780821917808,0.0301369863013699,0.0767123287671233,0.0684931506849315,0.101369863013699,-0.247397260273973,0.0,0.0684931506849315,40382.7056000001,0.0438356164383562,0.0027397260273972,20.85027554,0.052054794520548,24.78474434,0.0383561643835616,5.25410556793213,0.0904109589041096,0.0164383561643836,0.0328767123287671,0.0,0.0301369863013699,0.104109589041096,0.0438356164383562,365,13.27557315,-7.70549999999999,10,-0.628557901,1.142857143
pdb7xjv.ent,-7.19,9,339.69,21,615.423,12.35448675,36.0255029585799,0.02,-5.89063094,0.0394477317554241,46.82051282,253378350.3,0.0512820512820513,15.20739338,0.0788954635108481,0.0631163708086785,0.0138067061143984,0.0394477317554241,0.136094674556213,0.0453648915187377,0.108481262327416,-0.28974358974359,0.0118343195266272,0.0315581854043393,59350.8861000001,0.0453648915187377,0.0749506903353057,20.85027554,0.0749506903353057,29.30849151,0.0710059171597633,5.4663423538208,0.0315581854043393,0.0256410256410256,0.0552268244575937,0.0,0.0788954635108481,0.029585798816568,0.029585798816568,507,19.88245512,-9.88130000000001,13,-1.693562908,0.897435897
pdb7xjv.ent,-7.33,9,339.69,21,615.423,12.35448675,35.8827431906615,0.02,-5.89063094,0.0389105058365759,46.82051282,253378350.3,0.0525291828793774,15.20739338,0.0797665369649805,0.0622568093385214,0.0136186770428016,0.0389105058365759,0.134241245136187,0.0486381322957198,0.107003891050584,-0.295136186770428,0.0116731517509728,0.0311284046692607,60018.5542000001,0.0466926070038911,0.0739299610894942,20.85027554,0.075875486381323,29.30849151,0.0700389105058366,5.45747547149658,0.0311284046692607,0.0252918287937743,0.0544747081712062,0.0,0.0778210116731518,0.0291828793774319,0.0311284046692607,514,19.88245512,-9.88130000000001,13,-1.693562908,0.897435897
pdb7xjv.ent,-7.25,9,339.69,21,615.423,12.35448675,35.2740313111546,0.02,-5.89063094,0.0391389432485323,46.82051282,253378350.3,0.0528375733855186,15.20739338,0.0802348336594912,0.0626223091976517,0.0117416829745597,0.0391389432485323,0.135029354207436,0.0469667318982387,0.107632093933464,-0.294716242661449,0.0117416829745597,0.0313111545988258,59721.2207000001,0.0469667318982387,0.0743639921722113,20.85027554,0.076320939334638,29.30849151,0.0704500978473581,5.41081066131592,0.0313111545988258,0.025440313111546,0.0547945205479452,0.0,0.0782778864970646,0.0293542074363992,0.0293542074363992,511,19.88245512,-9.88130000000001,13,-1.693562908,0.897435897
pdb7xjv.ent,-7.28,9,339.69,21,615.423,12.35448675,34.9678388998035,0.02,-5.89063094,0.0392927308447937,46.82051282,253378350.3,0.0510805500982318,15.20739338,0.0805500982318271,0.0628683693516699,0.0137524557956778,0.0353634577603143,0.135559921414538,0.0471512770137525,0.108055009823183,-0.285461689587427,0.0117878192534381,0.031434184675835,59468.9742000001,0.0471512770137525,0.0746561886051081,20.85027554,0.0766208251473477,29.30849151,0.0707269155206287,5.41081066131592,0.031434184675835,0.0255402750491159,0.0550098231827112,0.0,0.0785854616895874,0.0294695481335953,0.0294695481335953,509,19.88245512,-9.88130000000001,13,-1.693562908,0.897435897
pdb7xgx.ent,-9.55,9,309.84,19,574.366,12.21890479,39.9861614497529,0.1,-5.886253981,0.028006589785832,44.05555556,41785932.71,0.0527182866556837,14.5802533,0.0658978583196046,0.0329489291598023,0.0181219110378913,0.0461285008237232,0.0741350906095552,0.0560131795716639,0.113673805601318,-0.334596375617792,0.0247116968698517,0.0477759472817133,68367.7846000002,0.0477759472817133,0.0741350906095552,10.21669833,0.0823723228995058,18.6749143,0.0329489291598023,7.64469661712646,0.042833607907743,0.0131795716639209,0.0757825370675453,6.420821623,0.0658978583196046,0.0658978583196046,0.0131795716639209,607,19.75852033,-8.30259999999999,11,-1.772023168,0.861111111
pdb7xgx.ent,-9.42,9,309.84,19,574.366,12.21890479,40.2737732656515,0.1,-5.886253981,0.0287648054145516,44.05555556,41785932.71,0.0524534686971235,14.5802533,0.0642978003384095,0.0338409475465313,0.0186125211505922,0.0439932318104907,0.0761421319796954,0.0558375634517767,0.11336717428088,-0.309983079526226,0.0253807106598985,0.0490693739424704,66555.7483000002,0.0473773265651438,0.0727580372250423,10.21669833,0.0812182741116751,18.6749143,0.0338409475465313,6.82917079925537,0.0406091370558376,0.0135363790186125,0.077834179357022,6.420821623,0.0676818950930626,0.065989847715736,0.0135363790186125,591,19.75852033,-8.30259999999999,11,-1.772023168,0.861111111
pdb7x06.ent,-6.39,6,230.69,14,412.225,11.41150846,34.551380597015,0.3,-5.557601927,0.0509950248756219,39.56,181258.6831,0.068407960199005,14.52368616,0.0646766169154229,0.0385572139303483,0.0199004975124378,0.0298507462686567,0.134328358208955,0.0597014925373134,0.106965174129353,0.0664179104477607,0.0248756218905473,0.0385572139303483,91454.3276000005,0.0522388059701493,0.041044776119403,10.21669833,0.0559701492537313,14.15116714,0.0659203980099503,6.68360614776611,0.0485074626865672,0.0174129353233831,0.0472636815920398,6.420821623,0.0609452736318408,0.0796019900497512,0.0286069651741294,804,13.15163837,-6.12679999999999,8,-0.702921012,1.12
pdb7x06.ent,-6.39,6,230.69,14,412.225,11.41150846,34.551380597015,0.3,-5.557601927,0.0509950248756219,39.56,181258.6831,0.068407960199005,14.52368616,0.0646766169154229,0.0385572139303483,0.0199004975124378,0.0298507462686567,0.134328358208955,0.0597014925373134,0.106965174129353,0.0664179104477607,0.0248756218905473,0.0385572139303483,91454.3276000005,0.0522388059701493,0.041044776119403,10.21669833,0.0559701492537313,14.15116714,0.0659203980099503,6.68360614776611,0.0485074626865672,0.0174129353233831,0.0472636815920398,6.420821623,0.0609452736318408,0.0796019900497512,0.0286069651741294,804,13.15163837,-6.12679999999999,8,-0.702921012,1.12
pdb7x05.ent,-6.38,6,230.69,14,412.225,11.41150846,34.1624344569289,0.3,-5.557601927,0.0511860174781523,39.56,181258.6831,0.0686641697877653,14.52368616,0.0649188514357054,0.0387016229712859,0.0199750312109863,0.0299625468164794,0.134831460674157,0.0599250936329588,0.107365792759051,0.0762796504369533,0.0249687890137328,0.0387016229712859,91094.9957000005,0.0511860174781523,0.0411985018726592,10.21669833,0.0536828963795256,14.15116714,0.066167290886392,6.97848682403565,0.048689138576779,0.017478152309613,0.0474406991260924,6.420821623,0.0611735330836454,0.0799001248439451,0.0287141073657928,801,13.15163837,-6.12679999999999,8,-0.702921012,1.12
pdb7x05.ent,-6.39,6,230.69,14,412.225,11.41150846,34.1624344569289,0.3,-5.557601927,0.0511860174781523,39.56,181258.6831,0.0686641697877653,14.52368616,0.0649188514357054,0.0387016229712859,0.0199750312109863,0.0299625468164794,0.134831460674157,0.0599250936329588,0.107365792759051,0.0762796504369533,0.0249687890137328,0.0387016229712859,91094.9957000005,0.0511860174781523,0.0411985018726592,10.21669833,0.0536828963795256,14.15116714,0.066167290886392,6.97848682403565,0.048689138576779,0.017478152309613,0.0474406991260924,6.420821623,0.0611735330836454,0.0799001248439451,0.0287141073657928,801,13.15163837,-6.12679999999999,8,-0.702921012,1.12
pdb7wjn.ent,-7.35,11,321.87,20,617.435,12.52019331,33.5350371287129,0.06,-5.898921529,0.051980198019802,42.43589744,154682644.9,0.0693069306930693,13.99747307,0.0655940594059406,0.0396039603960396,0.0185643564356436,0.0297029702970297,0.13490099009901,0.0594059405940594,0.107673267326733,0.0771039603960391,0.0272277227722772,0.0371287128712871,91900.8936000005,0.0507425742574258,0.0408415841584158,15.53348694,0.0532178217821782,19.46795574,0.0655940594059406,6.81285800933838,0.0482673267326733,0.0173267326732673,0.047029702970297,13.34455882,0.0594059405940594,0.0816831683168317,0.0297029702970297,808,19.75852033,-8.367,12,-0.542919531,1.0
pdb7wjn.ent,-7.35,11,321.87,20,617.435,12.52019331,33.5350371287129,0.06,-5.898921529,0.051980198019802,42.43589744,154682644.9,0.0693069306930693,13.99747307,0.0655940594059406,0.0396039603960396,0.0185643564356436,0.0297029702970297,0.13490099009901,0.0594059405940594,0.107673267326733,0.0771039603960391,0.0272277227722772,0.0371287128712871,91900.8936000005,0.0507425742574258,0.0408415841584158,15.53348694,0.0532178217821782,19.46795574,0.0655940594059406,6.81285800933838,0.0482673267326733,0.0173267326732673,0.047029702970297,13.34455882,0.0594059405940594,0.0816831683168317,0.0297029702970297,808,19.75852033,-8.367,12,-0.542919531,1.0
pdb7w1h.ent,-8.82,9,309.84,19,574.366,12.21890479,45.2754504504504,0.1,-5.886253981,0.0247747747747748,44.05555556,41785932.71,0.0630630630630631,14.5802533,0.0833333333333333,0.0427927927927928,0.027027027027027,0.0247747747747748,0.101351351351351,0.0585585585585586,0.0990990990990991,-0.125,0.0292792792792793,0.0472972972972973,50152.9511000001,0.0653153153153153,0.0630630630630631,10.21669833,0.0788288288288288,18.6749143,0.0540540540540541,5.26308612823486,0.0247747747747748,0.0225225225225225,0.0585585585585586,6.420821623,0.0675675675675676,0.0405405405405405,0.0247747747747748,444,19.75852033,-8.30259999999999,11,-1.772023168,0.861111111
pdb7w0k.ent,-7.26,6,230.69,14,412.225,11.41150846,45.0352516411378,0.3,-5.557601927,0.0262582056892779,39.56,181258.6831,0.0612691466083151,14.52368616,0.0831509846827133,0.0415754923413567,0.0262582056892779,0.0262582056892779,0.100656455142232,0.0590809628008753,0.0962800875273523,-0.20109409190372,0.0284463894967177,0.0481400437636762,51641.4689000001,0.0634573304157549,0.0656455142231947,10.21669833,0.0787746170678337,14.15116714,0.0525164113785558,5.33805675506592,0.0240700218818381,0.0218818380743982,0.0678336980306346,6.420821623,0.0656455142231947,0.0393873085339168,0.0240700218818381,457,13.15163837,-6.12679999999999,8,-0.702921012,1.12
pdb7vm0.ent,-7.19,6,230.69,14,412.225,11.41150846,37.7139896373057,0.3,-5.557601927,0.0362694300518135,39.56,181258.6831,0.0673575129533679,14.52368616,0.0544041450777202,0.0544041450777202,0.0129533678756477,0.0414507772020725,0.106217616580311,0.0673575129533679,0.0751295336787565,-0.288860103626944,0.0233160621761658,0.0336787564766839,43510.9104,0.0466321243523316,0.0803108808290155,10.21669833,0.0984455958549223,14.15116714,0.0699481865284974,5.08137187957764,0.0284974093264249,0.0,0.0466321243523316,6.420821623,0.0673575129533679,0.0725388601036269,0.0233160621761658,386,13.15163837,-6.12679999999999,8,-0.702921012,1.12
pdb7vm0.ent,-7.22,6,230.69,14,412.225,11.41150846,36.9652709359606,0.3,-5.557601927,0.0369458128078818,39.56,181258.6831,0.0640394088669951,14.52368616,0.0541871921182266,0.0517241379310345,0.0123152709359606,0.0394088669950739,0.103448275862069,0.0689655172413793,0.0763546798029557,-0.305172413793104,0.0295566502463054,0.0320197044334975,45725.4568,0.0443349753694581,0.0812807881773399,10.21669833,0.0985221674876847,14.15116714,0.0665024630541872,5.19323101043701,0.0270935960591133,0.0,0.0492610837438424,6.420821623,0.0640394088669951,0.0763546798029557,0.0270935960591133,406,13.15163837,-6.12679999999999,8,-0.702921012,1.12
pdb7vlb.ent,-6.88,6,230.69,14,412.225,11.41150846,44.1753506493506,0.3,-5.557601927,0.025974025974026,39.56,181258.6831,0.0675324675324675,14.52368616,0.0675324675324675,0.0545454545454545,0.0103896103896104,0.0597402597402597,0.0753246753246753,0.0493506493506494,0.106493506493506,-0.18025974025974,0.0363636363636364,0.0467532467532468,42999.7651000001,0.0363636363636364,0.0675324675324675,10.21669833,0.0961038961038961,14.15116714,0.0441558441558442,4.80837421417236,0.0285714285714286,0.0051948051948052,0.0311688311688312,6.420821623,0.0571428571428571,0.0909090909090909,0.0181818181818182,385,13.15163837,-6.12679999999999,8,-0.702921012,1.12
pdb7vlb.ent,-7.19,6,230.69,14,412.225,11.41150846,42.712492917847,0.3,-5.557601927,0.0254957507082153,39.56,181258.6831,0.0708215297450425,14.52368616,0.0651558073654391,0.0538243626062323,0.0113314447592068,0.056657223796034,0.0793201133144476,0.0538243626062323,0.104815864022663,-0.13257790368272,0.0339943342776204,0.0453257790368272,39325.6474000001,0.0368271954674221,0.0679886685552408,10.21669833,0.0934844192634561,14.15116714,0.0481586402266289,4.8759557723999,0.028328611898017,0.0056657223796034,0.028328611898017,6.420821623,0.056657223796034,0.0934844192634561,0.0198300283286119,353,13.15163837,-6.12679999999999,8,-0.702921012,1.12
pdb7vfm.ent,-6.6,6,230.69,14,412.225,11.41150846,38.3272580645161,0.3,-5.557601927,0.0745967741935484,39.56,181258.6831,0.0645161290322581,14.52368616,0.0745967741935484,0.0564516129032258,0.0080645161290322,0.0524193548387097,0.143145161290323,0.0383064516129032,0.0987903225806452,-0.419959677419355,0.0141129032258065,0.0342741935483871,58429.6016,0.0362903225806452,0.0685483870967742,10.21669833,0.0645161290322581,14.15116714,0.0604838709677419,6.50240345001221,0.0443548387096774,0.0080645161290322,0.0604838709677419,6.420821623,0.0665322580645161,0.0403225806451613,0.0342741935483871,496,13.15163837,-6.12679999999999,8,-0.702921012,1.12
pdb7vfm.ent,-6.53,6,230.69,14,412.225,11.41150846,38.7992164948454,0.3,-5.557601927,0.0742268041237113,39.56,181258.6831,0.0639175257731959,14.52368616,0.0762886597938144,0.0597938144329897,0.0082474226804123,0.0556701030927835,0.142268041237113,0.0371134020618557,0.101030927835052,-0.383505154639175,0.0144329896907217,0.0329896907216495,57054.0278,0.0391752577319588,0.0639175257731959,10.21669833,0.0597938144329897,14.15116714,0.0597938144329897,6.28641529083252,0.0432989690721649,0.0082474226804123,0.0577319587628866,6.420821623,0.0680412371134021,0.0412371134020619,0.0350515463917526,485,13.15163837,-6.12679999999999,8,-0.702921012,1.12
pdb7vch.ent,-8.84,8,269.38,17,556.395,12.22669457,49.6665159574468,0.18,-5.736658654,0.0186170212765957,44.97142857,24934343.45,0.0691489361702128,13.99747307,0.0585106382978723,0.0771276595744681,0.0212765957446808,0.0611702127659575,0.11436170212766,0.0585106382978723,0.106382978723404,-0.308776595744681,0.0132978723404255,0.0558510638297872,43274.6212000001,0.0265957446808511,0.0372340425531915,10.21669833,0.0531914893617021,14.15116714,0.050531914893617,5.71592235565186,0.0611702127659575,0.0452127659574468,0.023936170212766,20.26829602,0.0425531914893617,0.0771276595744681,0.0425531914893617,376,13.15163837,-5.99979999999999,9,2.481787978,0.971428571
pdb7uby.ent,-8.69,9,309.84,19,574.366,12.21890479,38.9326752767528,0.1,-5.886253981,0.0516605166051661,44.05555556,41785932.71,0.0350553505535055,14.5802533,0.0904059040590406,0.0516605166051661,0.0,0.040590405904059,0.107011070110701,0.0276752767527675,0.112546125461255,-0.451660516605166,0.0166051660516605,0.022140221402214,62760.4069000002,0.0498154981549815,0.0867158671586716,10.21669833,0.0811808118081181,18.6749143,0.0461254612546126,5.68431987762451,0.033210332103321,0.0092250922509225,0.0922509225092251,6.420821623,0.0885608856088561,0.0535055350553506,0.011070110701107,542,19.75852033,-8.30259999999999,11,-1.772023168,0.861111111
pdb7uby.ent,-8.65,9,309.84,19,574.366,12.21890479,37.8633459357278,0.1,-5.886253981,0.0510396975425331,44.05555556,41785932.71,0.0359168241965974,14.5802533,0.0869565217391304,0.052930056710775,0.0,0.0415879017013233,0.107750472589792,0.0283553875236295,0.11531190926276,-0.426654064272211,0.0151228733459357,0.0207939508506616,61208.7271000001,0.0491493383742911,0.0888468809073724,10.21669833,0.0793950850661626,18.6749143,0.0472589792060492,5.67227001190186,0.0302457466918715,0.0094517958412098,0.0926275992438563,6.420821623,0.0888468809073724,0.054820415879017,0.0113421550094518,529,19.75852033,-8.30259999999999,11,-1.772023168,0.861111111
pdb7stm.ent,-7.64,11,321.87,20,617.435,12.52019331,33.7665917602997,0.06,-5.898921529,0.0474406991260924,42.43589744,154682644.9,0.0736579275905119,13.99747307,0.066167290886392,0.0499375780274657,0.0149812734082397,0.0337078651685393,0.139825218476904,0.0599250936329588,0.0998751560549313,0.0495630461922595,0.0199750312109863,0.031210986267166,91622.6056000006,0.0561797752808989,0.0574282147315855,15.53348694,0.0574282147315855,19.46795574,0.0761548064918852,6.76465854644775,0.0474406991260924,0.0162297128589263,0.0387016229712859,13.34455882,0.0711610486891386,0.0649188514357054,0.017478152309613,801,19.75852033,-8.367,12,-0.542919531,1.0
pdb7stm.ent,-7.63,11,321.87,20,617.435,12.52019331,33.7665917602997,0.06,-5.898921529,0.0474406991260924,42.43589744,154682644.9,0.0736579275905119,13.99747307,0.066167290886392,0.0499375780274657,0.0149812734082397,0.0337078651685393,0.139825218476904,0.0599250936329588,0.0998751560549313,0.0495630461922595,0.0199750312109863,0.031210986267166,91622.6056000006,0.0561797752808989,0.0574282147315855,15.53348694,0.0574282147315855,19.46795574,0.0761548064918852,6.76465854644775,0.0474406991260924,0.0162297128589263,0.0387016229712859,13.34455882,0.0711610486891386,0.0649188514357054,0.017478152309613,801,19.75852033,-8.367,12,-0.542919531,1.0
pdb7qib.ent,-6.69,6,230.69,14,412.225,11.41150846,38.9931141868512,0.3,-5.557601927,0.013840830449827,39.56,181258.6831,0.100346020761246,14.52368616,0.0449826989619377,0.0588235294117647,0.0069204152249135,0.013840830449827,0.0449826989619377,0.0899653979238754,0.141868512110727,0.114186851211072,0.0173010380622837,0.069204152249135,31158.5178,0.069204152249135,0.013840830449827,10.21669833,0.0622837370242215,14.15116714,0.0173010380622837,5.60042552947998,0.0795847750865052,0.013840830449827,0.0173010380622837,6.420821623,0.041522491349481,0.0968858131487889,0.0311418685121107,289,13.15163837,-6.12679999999999,8,-0.702921012,1.12
pdb7qib.ent,-6.65,6,230.69,14,412.225,11.41150846,39.4677430555556,0.3,-5.557601927,0.0138888888888889,39.56,181258.6831,0.104166666666667,14.52368616,0.0486111111111111,0.0590277777777778,0.0069444444444444,0.0138888888888889,0.0451388888888889,0.0902777777777778,0.142361111111111,0.15625,0.0173611111111111,0.0694444444444444,30916.3159,0.0694444444444444,0.0173611111111111,10.21669833,0.0659722222222222,14.15116714,0.0173611111111111,5.13985919952392,0.0798611111111111,0.0138888888888889,0.0173611111111111,6.420821623,0.0416666666666667,0.0972222222222222,0.0138888888888889,288,13.15163837,-6.12679999999999,8,-0.702921012,1.12
pdb7qi9.ent,-6.8,6,230.69,14,412.225,11.41150846,40.4353496503497,0.3,-5.557601927,0.013986013986014,39.56,181258.6831,0.104895104895105,14.52368616,0.048951048951049,0.0594405594405594,0.0069930069930069,0.0174825174825175,0.048951048951049,0.0944055944055944,0.13986013986014,0.162237762237762,0.0174825174825175,0.0699300699300699,30700.0351,0.0734265734265734,0.013986013986014,10.21669833,0.0629370629370629,14.15116714,0.020979020979021,5.03789005279541,0.0804195804195804,0.013986013986014,0.0174825174825175,6.420821623,0.041958041958042,0.0909090909090909,0.0104895104895105,286,13.15163837,-6.12679999999999,8,-0.702921012,1.12
pdb7qi9.ent,-6.73,6,230.69,14,412.225,11.41150846,39.6900344827586,0.3,-5.557601927,0.0137931034482759,39.56,181258.6831,0.103448275862069,14.52368616,0.0482758620689655,0.0586206896551724,0.0068965517241379,0.0137931034482759,0.0448275862068966,0.0931034482758621,0.144827586206897,0.166896551724138,0.0172413793103448,0.0689655172413793,31086.5248,0.0689655172413793,0.0172413793103448,10.21669833,0.0655172413793104,14.15116714,0.0172413793103448,5.13985919952392,0.0793103448275862,0.0137931034482759,0.0172413793103448,6.420821623,0.0413793103448276,0.096551724137931,0.0137931034482759,290,13.15163837,-6.12679999999999,8,-0.702921012,1.12
pdb7q4i.ent,-6.53,6,230.69,14,412.225,11.41150846,40.1455555555556,0.3,-5.557601927,0.0716845878136201,39.56,181258.6831,0.0681003584229391,14.52368616,0.0573476702508961,0.0645161290322581,0.025089605734767,0.017921146953405,0.132616487455197,0.0609318996415771,0.0752688172043011,-0.517562724014337,0.025089605734767,0.0573476702508961,32285.3086,0.03584229390681,0.0716845878136201,10.21669833,0.0609318996415771,14.15116714,0.039426523297491,6.84025440216064,0.0501792114695341,0.021505376344086,0.0609318996415771,6.420821623,0.046594982078853,0.0573476702508961,0.032258064516129,279,13.15163837,-6.12679999999999,8,-0.702921012,1.12
pdb7q4i.ent,-6.64,6,230.69,14,412.225,11.41150846,40.6164056939502,0.3,-5.557601927,0.0711743772241993,39.56,181258.6831,0.0676156583629893,14.52368616,0.0569395017793594,0.0640569395017794,0.0249110320284697,0.0177935943060498,0.131672597864769,0.0604982206405694,0.0747330960854093,-0.509252669039146,0.0249110320284697,0.0569395017793594,32535.6055,0.0355871886120996,0.0711743772241993,10.21669833,0.0604982206405694,14.15116714,0.0391459074733096,6.85781764984131,0.0498220640569395,0.0213523131672598,0.0604982206405694,6.420821623,0.0498220640569395,0.0569395017793594,0.0355871886120996,281,13.15163837,-6.12679999999999,8,-0.702921012,1.12
pdb7q3s.ent,-7.57,6,230.69,14,412.225,11.41150846,46.6349006622517,0.3,-5.557601927,0.0154525386313466,39.56,181258.6831,0.11037527593819,14.52368616,0.0529801324503311,0.0419426048565121,0.0242825607064018,0.0309050772626932,0.0794701986754967,0.0750551876379691,0.112582781456954,0.0580573951434876,0.022075055187638,0.0706401766004415,49772.8885000001,0.0485651214128035,0.0264900662251656,10.21669833,0.0706401766004415,14.15116714,0.0507726269315673,6.14573879241943,0.0728476821192053,0.0132450331125828,0.0176600441501104,6.420821623,0.0198675496688742,0.0949227373068433,0.0286975717439294,453,13.15163837,-6.12679999999999,8,-0.702921012,1.12
pdb7q13.ent,-6.98,6,230.69,14,412.225,11.41150846,41.0563050847458,0.3,-5.557601927,0.0406779661016949,39.56,181258.6831,0.0677966101694915,14.52368616,0.0559322033898305,0.0474576271186441,0.0220338983050847,0.0338983050847458,0.127118644067797,0.0644067796610169,0.103389830508475,-0.180338983050848,0.0220338983050847,0.0389830508474576,67450.4221000003,0.0593220338983051,0.0457627118644068,10.21669833,0.0610169491525424,14.15116714,0.0661016949152542,7.65498447418213,0.0644067796610169,0.0203389830508475,0.0423728813559322,6.420821623,0.0389830508474576,0.076271186440678,0.0288135593220339,590,13.15163837,-6.12679999999999,8,-0.702921012,1.12
pdb7q13.ent,-6.98,6,230.69,14,412.225,11.41150846,41.0563050847458,0.3,-5.557601927,0.0406779661016949,39.56,181258.6831,0.0677966101694915,14.52368616,0.0559322033898305,0.0474576271186441,0.0220338983050847,0.0338983050847458,0.127118644067797,0.0644067796610169,0.103389830508475,-0.180338983050848,0.0220338983050847,0.0389830508474576,67450.4221000003,0.0593220338983051,0.0457627118644068,10.21669833,0.0610169491525424,14.15116714,0.0661016949152542,7.65498447418213,0.0644067796610169,0.0203389830508475,0.0423728813559322,6.420821623,0.0389830508474576,0.076271186440678,0.0288135593220339,590,13.15163837,-6.12679999999999,8,-0.702921012,1.12
pdb7q13.ent,-6.98,6,230.69,14,412.225,11.41150846,41.0563050847458,0.3,-5.557601927,0.0406779661016949,39.56,181258.6831,0.0677966101694915,14.52368616,0.0559322033898305,0.0474576271186441,0.0220338983050847,0.0338983050847458,0.127118644067797,0.0644067796610169,0.103389830508475,-0.180338983050848,0.0220338983050847,0.0389830508474576,67450.4221000003,0.0593220338983051,0.0457627118644068,10.21669833,0.0610169491525424,14.15116714,0.0661016949152542,7.65498447418213,0.0644067796610169,0.0203389830508475,0.0423728813559322,6.420821623,0.0389830508474576,0.076271186440678,0.0288135593220339,590,13.15163837,-6.12679999999999,8,-0.702921012,1.12
pdb7q13.ent,-6.98,6,230.69,14,412.225,11.41150846,41.0563050847458,0.3,-5.557601927,0.0406779661016949,39.56,181258.6831,0.0677966101694915,14.52368616,0.0559322033898305,0.0474576271186441,0.0220338983050847,0.0338983050847458,0.127118644067797,0.0644067796610169,0.103389830508475,-0.180338983050848,0.0220338983050847,0.0389830508474576,67450.4221000003,0.0593220338983051,0.0457627118644068,10.21669833,0.0610169491525424,14.15116714,0.0661016949152542,7.65498447418213,0.0644067796610169,0.0203389830508475,0.0423728813559322,6.420821623,0.0389830508474576,0.076271186440678,0.0288135593220339,590,13.15163837,-6.12679999999999,8,-0.702921012,1.12
pdb7pe4.ent,-8.17,9,309.84,19,574.366,12.21890479,39.2077741935484,0.1,-5.886253981,0.0129032258064516,44.05555556,41785932.71,0.1,14.5802533,0.0483870967741936,0.0645161290322581,0.0064516129032258,0.0161290322580645,0.0516129032258065,0.0967741935483871,0.138709677419355,0.147741935483871,0.0161290322580645,0.0709677419354839,33130.7017,0.0741935483870968,0.0161290322580645,10.21669833,0.0612903225806452,18.6749143,0.0258064516129032,4.94404888153076,0.0774193548387097,0.0129032258064516,0.0161290322580645,6.420821623,0.0387096774193548,0.0967741935483871,0.0096774193548387,310,19.75852033,-8.30259999999999,11,-1.772023168,0.861111111
pdb7msp.ent,-8.45,9,309.84,19,574.366,12.21890479,34.7708708708709,0.1,-5.886253981,0.0720720720720721,44.05555556,41785932.71,0.0600600600600601,14.5802533,0.0660660660660661,0.0840840840840841,0.018018018018018,0.009009009009009,0.129129129129129,0.027027027027027,0.108108108108108,-0.39039039039039,0.015015015015015,0.027027027027027,39355.3906,0.039039039039039,0.0870870870870871,10.21669833,0.0780780780780781,18.6749143,0.0480480480480481,5.26030101776123,0.042042042042042,0.009009009009009,0.0750750750750751,6.420821623,0.0840840840840841,0.03003003003003,0.021021021021021,333,19.75852033,-8.30259999999999,11,-1.772023168,0.861111111
pdb7msp.ent,-8.41,9,309.84,19,574.366,12.21890479,33.9375375375375,0.1,-5.886253981,0.0720720720720721,44.05555556,41785932.71,0.0600600600600601,14.5802533,0.0660660660660661,0.0840840840840841,0.018018018018018,0.009009009009009,0.129129129129129,0.027027027027027,0.105105105105105,-0.413513513513513,0.015015015015015,0.027027027027027,39370.4053,0.039039039039039,0.0900900900900901,10.21669833,0.0780780780780781,18.6749143,0.0480480480480481,5.3430585861206,0.042042042042042,0.009009009009009,0.0750750750750751,6.420821623,0.0840840840840841,0.03003003003003,0.021021021021021,333,19.75852033,-8.30259999999999,11,-1.772023168,0.861111111
pdb7msn.ent,-8.11,9,309.84,19,574.366,12.21890479,34.678896882494,0.1,-5.886253981,0.0599520383693046,44.05555556,41785932.71,0.0551558752997602,14.5802533,0.0671462829736211,0.079136690647482,0.0143884892086331,0.0143884892086331,0.11031175059952,0.0239808153477218,0.11031175059952,-0.423980815347722,0.0215827338129496,0.0191846522781775,49233.6951,0.0407673860911271,0.0935251798561151,10.21669833,0.0839328537170264,18.6749143,0.0407673860911271,5.47196941375732,0.0407673860911271,0.0095923261390887,0.079136690647482,6.420821623,0.0911270983213429,0.0311750599520384,0.0239808153477218,417,19.75852033,-8.30259999999999,11,-1.772023168,0.861111111
pdb7msn.ent,-8.15,9,309.84,19,574.366,12.21890479,34.2752403846154,0.1,-5.886253981,0.0600961538461539,44.05555556,41785932.71,0.0552884615384615,14.5802533,0.0649038461538462,0.0793269230769231,0.0144230769230769,0.0144230769230769,0.110576923076923,0.0240384615384615,0.110576923076923,-0.423076923076923,0.0216346153846154,0.0192307692307692,49146.6178,0.0408653846153846,0.09375,10.21669833,0.0841346153846154,18.6749143,0.0408653846153846,5.47196941375732,0.0408653846153846,0.0096153846153846,0.0793269230769231,6.420821623,0.0913461538461538,0.03125,0.0240384615384615,416,19.75852033,-8.30259999999999,11,-1.772023168,0.861111111
pdb7mpk.ent,-7.11,11,321.87,20,617.435,12.52019331,28.5543147208122,0.06,-5.898921529,0.0253807106598985,42.43589744,154682644.9,0.0964467005076142,13.99747307,0.0253807106598985,0.0456852791878173,0.0,0.0304568527918782,0.0761421319796954,0.0812182741116751,0.0812182741116751,-0.0593908629441624,0.0304568527918782,0.0355329949238579,21857.232,0.0253807106598985,0.106598984771574,15.53348694,0.0862944162436548,19.46795574,0.0456852791878173,7.12433567047119,0.0253807106598985,0.0050761421319796,0.0609137055837564,13.34455882,0.0913705583756345,0.0862944162436548,0.0152284263959391,197,19.75852033,-8.367,12,-0.542919531,1.0
pdb7mpk.ent,-7.24,11,321.87,20,617.435,12.52019331,30.1070707070707,0.06,-5.898921529,0.0252525252525252,42.43589744,154682644.9,0.095959595959596,13.99747307,0.0252525252525252,0.0454545454545455,0.0,0.0303030303030303,0.0757575757575758,0.0808080808080808,0.0808080808080808,-0.0818181818181818,0.0303030303030303,0.0353535353535353,22013.4177,0.0252525252525252,0.106060606060606,15.53348694,0.0858585858585859,19.46795574,0.0454545454545455,8.09047603607178,0.0303030303030303,0.005050505050505,0.0606060606060606,13.34455882,0.0909090909090909,0.0858585858585859,0.0151515151515152,198,19.75852033,-8.367,12,-0.542919531,1.0
pdb7mpk.ent,-7.28,11,321.87,20,617.435,12.52019331,28.7005076142132,0.06,-5.898921529,0.0253807106598985,42.43589744,154682644.9,0.0964467005076142,13.99747307,0.0253807106598985,0.0456852791878173,0.0,0.0304568527918782,0.0761421319796954,0.0812182741116751,0.0812182741116751,-0.0299492385786802,0.0355329949238579,0.0355329949238579,21860.2557,0.0253807106598985,0.101522842639594,15.53348694,0.0862944162436548,19.46795574,0.0456852791878173,6.33603572845459,0.0253807106598985,0.0050761421319796,0.0609137055837564,13.34455882,0.0913705583756345,0.0862944162436548,0.0152284263959391,197,19.75852033,-8.367,12,-0.542919531,1.0
pdb7lvy.ent,-7.16,6,230.69,14,412.225,11.41150846,37.8373781902552,0.3,-5.557601927,0.0278422273781903,39.56,181258.6831,0.0649651972157773,14.52368616,0.0672853828306265,0.0835266821345708,0.0139211136890951,0.0208816705336427,0.102088167053364,0.0556844547563805,0.0928074245939675,-0.241995359628771,0.0232018561484919,0.0696055684454756,49232.1523,0.0232018561484919,0.0835266821345708,10.21669833,0.0603248259860789,14.15116714,0.0672853828306265,5.81288967132568,0.037122969837587,0.0069605568445475,0.0487238979118329,6.420821623,0.0881670533642691,0.0324825986078886,0.0324825986078886,431,13.15163837,-6.12679999999999,8,-0.702921012,1.12
pdb7lou.ent,-7.26,6,230.69,14,412.225,11.41150846,38.555247706422,0.3,-5.557601927,0.0513761467889908,39.56,181258.6831,0.0495412844036697,14.52368616,0.0788990825688073,0.0660550458715596,0.0018348623853211,0.0293577981651376,0.113761467889908,0.0311926605504587,0.0880733944954129,-0.535779816513761,0.0275229357798165,0.0201834862385321,63368.3666000002,0.0440366972477064,0.0788990825688073,10.21669833,0.104587155963303,14.15116714,0.0532110091743119,4.69799289703369,0.0330275229357798,0.0091743119266055,0.0935779816513761,6.420821623,0.0770642201834862,0.0532110091743119,0.0091743119266055,545,13.15163837,-6.12679999999999,8,-0.702921012,1.12
pdb7lou.ent,-7.19,6,230.69,14,412.225,11.41150846,38.9592777777778,0.3,-5.557601927,0.0518518518518519,39.56,181258.6831,0.05,14.52368616,0.0777777777777778,0.0666666666666667,0.0018518518518518,0.0296296296296296,0.114814814814815,0.0314814814814815,0.0851851851851852,-0.540925925925926,0.0277777777777778,0.0203703703703704,62788.7208000002,0.0444444444444444,0.0796296296296296,10.21669833,0.103703703703704,14.15116714,0.0537037037037037,4.69071750640869,0.0333333333333333,0.0092592592592592,0.0944444444444444,6.420821623,0.0777777777777778,0.0537037037037037,0.0074074074074074,540,13.15163837,-6.12679999999999,8,-0.702921012,1.12
pdb7jhl.ent,-7.71,11,321.87,20,617.435,12.52019331,41.5788519637462,0.06,-5.898921529,0.0513595166163142,42.43589744,154682644.9,0.0574018126888218,13.99747307,0.0604229607250755,0.0694864048338369,0.0211480362537764,0.0392749244712991,0.117824773413897,0.0483383685800604,0.123867069486405,-0.42749244712991,0.0181268882175227,0.054380664652568,38593.7104,0.0392749244712991,0.0694864048338369,15.53348694,0.0483383685800604,19.46795574,0.0513595166163142,7.48509273529053,0.0483383685800604,0.0151057401812689,0.0604229607250755,13.34455882,0.0483383685800604,0.0332326283987915,0.0422960725075529,331,19.75852033,-8.367,12,-0.542919531,1.0
pdb7jhl.ent,-7.71,11,321.87,20,617.435,12.52019331,41.6745454545455,0.06,-5.898921529,0.0515151515151515,42.43589744,154682644.9,0.0575757575757576,13.99747307,0.0606060606060606,0.0696969696969697,0.0212121212121212,0.0393939393939394,0.118181818181818,0.0484848484848485,0.124242424242424,-0.434545454545455,0.0151515151515152,0.0545454545454545,38462.5144,0.0393939393939394,0.0696969696969697,15.53348694,0.0484848484848485,19.46795574,0.0515151515151515,7.48509273529053,0.0484848484848485,0.0151515151515152,0.0606060606060606,13.34455882,0.0484848484848485,0.0333333333333333,0.0424242424242424,330,19.75852033,-8.367,12,-0.542919531,1.0
pdb7fg9.ent,-7.24,6,230.69,14,412.225,11.41150846,35.6158651026393,0.3,-5.557601927,0.0469208211143695,39.56,181258.6831,0.102639296187683,14.52368616,0.0498533724340176,0.0410557184750733,0.0087976539589442,0.0410557184750733,0.0967741935483871,0.0586510263929619,0.0791788856304985,-0.081818181818182,0.0234604105571848,0.06158357771261,38209.1509000001,0.0469208211143695,0.0293255131964809,10.21669833,0.0762463343108504,14.15116714,0.0410557184750733,5.79777050018311,0.0557184750733138,0.0087976539589442,0.0263929618768328,6.420821623,0.0557184750733138,0.0997067448680352,0.0469208211143695,341,13.15163837,-6.12679999999999,8,-0.702921012,1.12
pdb7fg9.ent,-7.23,6,230.69,14,412.225,11.41150846,35.6158651026393,0.3,-5.557601927,0.0469208211143695,39.56,181258.6831,0.102639296187683,14.52368616,0.0498533724340176,0.0410557184750733,0.0087976539589442,0.0410557184750733,0.0967741935483871,0.0586510263929619,0.0791788856304985,-0.081818181818182,0.0234604105571848,0.06158357771261,38209.1509000001,0.0469208211143695,0.0293255131964809,10.21669833,0.0762463343108504,14.15116714,0.0410557184750733,5.79777050018311,0.0557184750733138,0.0087976539589442,0.0263929618768328,6.420821623,0.0557184750733138,0.0997067448680352,0.0469208211143695,341,13.15163837,-6.12679999999999,8,-0.702921012,1.12
pdb7erx.ent,-7.12,6,230.69,14,412.225,11.41150846,51.1483950617284,0.3,-5.557601927,0.0049382716049382,39.56,181258.6831,0.0888888888888889,14.52368616,0.0592592592592593,0.0469135802469136,0.017283950617284,0.0222222222222222,0.0666666666666667,0.0790123456790123,0.118518518518519,0.144444444444444,0.0271604938271605,0.0666666666666667,43916.3181000001,0.0345679012345679,0.0246913580246914,10.21669833,0.0641975308641975,14.15116714,0.0444444444444444,6.20826168060303,0.0716049382716049,0.017283950617284,0.0148148148148148,6.420821623,0.037037037037037,0.123456790123457,0.037037037037037,405,13.15163837,-6.12679999999999,8,-0.702921012,1.12
pdb7c2x.ent,-7.31,6,230.69,14,412.225,11.41150846,36.5210408163265,0.3,-5.557601927,0.026530612244898,39.56,181258.6831,0.0918367346938776,14.52368616,0.0693877551020408,0.0510204081632653,0.0061224489795918,0.036734693877551,0.1,0.0693877551020408,0.0938775510204082,-0.183673469387755,0.0244897959183673,0.0469387755102041,55112.5412,0.0448979591836735,0.073469387755102,10.21669833,0.0775510204081633,14.15116714,0.0489795918367347,5.86836452484131,0.036734693877551,0.0244897959183673,0.0326530612244898,6.420821623,0.0510204081632653,0.0673469387755102,0.026530612244898,490,13.15163837,-6.12679999999999,8,-0.702921012,1.12
pdb7bv3.ent,-7.29,6,230.69,14,412.225,11.41150846,49.4897155361051,0.3,-5.557601927,0.0153172866520788,39.56,181258.6831,0.0853391684901532,14.52368616,0.107221006564551,0.0393873085339168,0.0087527352297593,0.0437636761487965,0.0897155361050328,0.0787746170678337,0.0919037199124726,-0.0910284463894967,0.0240700218818381,0.0612691466083151,50256.6965000001,0.0459518599562363,0.0437636761487965,10.21669833,0.0722100656455142,14.15116714,0.0568927789934355,5.57450695037842,0.0459518599562363,0.0175054704595186,0.0262582056892779,6.420821623,0.050328227571116,0.0634573304157549,0.0218818380743982,457,13.15163837,-6.12679999999999,8,-0.702921012,1.12
pdb7bv3.ent,-7.36,6,230.69,14,412.225,11.41150846,50.6236902050114,0.3,-5.557601927,0.0159453302961276,39.56,181258.6831,0.0888382687927107,14.52368616,0.104783599088838,0.041002277904328,0.0091116173120728,0.041002277904328,0.0842824601366743,0.0842824601366743,0.0911161731207289,-0.0863325740318906,0.0250569476082005,0.0523917995444191,48151.3074,0.0364464692482916,0.0455580865603645,10.21669833,0.0774487471526196,14.15116714,0.0523917995444191,5.49231777191162,0.0478359908883827,0.0159453302961276,0.0273348519362187,6.420821623,0.0523917995444191,0.0683371298405467,0.0227790432801822,439,13.15163837,-6.12679999999999,8,-0.702921012,1.12
pdb7bop.ent,-6.53,6,260.54,16,453.282,11.54709042,40.5200821917808,0.22,-5.561978886,0.063013698630137,43.89285714,1122914.608,0.0273972602739726,20.25735364,0.0575342465753425,0.0712328767123288,0.0219178082191781,0.0219178082191781,0.16986301369863,0.052054794520548,0.0657534246575342,-0.730958904109589,0.0246575342465753,0.0657534246575342,42981.5716000001,0.0465753424657534,0.063013698630137,20.85027554,0.0657534246575342,24.78474434,0.073972602739726,5.78566379547119,0.0465753424657534,0.0328767123287671,0.063013698630137,0.0,0.0328767123287671,0.0657534246575342,0.0383561643835616,365,13.27557315,-7.70549999999999,10,-0.628557901,1.142857143
pdb7bop.ent,-6.55,6,260.54,16,453.282,11.54709042,39.0836438356164,0.22,-5.561978886,0.063013698630137,43.89285714,1122914.608,0.0273972602739726,20.25735364,0.0547945205479452,0.0712328767123288,0.0219178082191781,0.0219178082191781,0.16986301369863,0.052054794520548,0.0657534246575342,-0.73945205479452,0.0246575342465753,0.0657534246575342,43022.6666000001,0.0465753424657534,0.0657534246575342,20.85027554,0.0657534246575342,24.78474434,0.073972602739726,5.88115329742432,0.0465753424657534,0.0328767123287671,0.063013698630137,0.0,0.0328767123287671,0.0657534246575342,0.0383561643835616,365,13.27557315,-7.70549999999999,10,-0.628557901,1.142857143
pdb7bop.ent,-6.57,6,260.54,16,453.282,11.54709042,40.2352956989247,0.22,-5.561978886,0.0618279569892473,43.89285714,1122914.608,0.0268817204301075,20.25735364,0.0645161290322581,0.0698924731182796,0.021505376344086,0.0241935483870968,0.166666666666667,0.0537634408602151,0.0645161290322581,-0.75510752688172,0.0241935483870968,0.0645161290322581,43684.3286000001,0.0456989247311828,0.0672043010752688,20.85027554,0.0645161290322581,24.78474434,0.0725806451612903,5.96868534088135,0.0456989247311828,0.032258064516129,0.0618279569892473,0.0,0.032258064516129,0.0645161290322581,0.0376344086021505,372,13.27557315,-7.70549999999999,10,-0.628557901,1.142857143
pdb7bop.ent,-6.46,6,260.54,16,453.282,11.54709042,40.5200821917808,0.22,-5.561978886,0.063013698630137,43.89285714,1122914.608,0.0273972602739726,20.25735364,0.0575342465753425,0.0712328767123288,0.0219178082191781,0.0219178082191781,0.16986301369863,0.052054794520548,0.0657534246575342,-0.730958904109589,0.0246575342465753,0.0657534246575342,42981.5716000001,0.0465753424657534,0.063013698630137,20.85027554,0.0657534246575342,24.78474434,0.073972602739726,5.78566379547119,0.0465753424657534,0.0328767123287671,0.063013698630137,0.0,0.0328767123287671,0.0657534246575342,0.0383561643835616,365,13.27557315,-7.70549999999999,10,-0.628557901,1.142857143
pdb7bop.ent,-6.55,6,260.54,16,453.282,11.54709042,40.2352956989247,0.22,-5.561978886,0.0618279569892473,43.89285714,1122914.608,0.0268817204301075,20.25735364,0.0645161290322581,0.0698924731182796,0.021505376344086,0.0241935483870968,0.166666666666667,0.0537634408602151,0.0645161290322581,-0.75510752688172,0.0241935483870968,0.0645161290322581,43684.3286000001,0.0456989247311828,0.0672043010752688,20.85027554,0.0645161290322581,24.78474434,0.0725806451612903,5.96868534088135,0.0456989247311828,0.032258064516129,0.0618279569892473,0.0,0.032258064516129,0.0645161290322581,0.0376344086021505,372,13.27557315,-7.70549999999999,10,-0.628557901,1.142857143
pdb7bop.ent,-6.59,6,260.54,16,453.282,11.54709042,40.2352956989247,0.22,-5.561978886,0.0618279569892473,43.89285714,1122914.608,0.0268817204301075,20.25735364,0.0645161290322581,0.0698924731182796,0.021505376344086,0.0241935483870968,0.166666666666667,0.0537634408602151,0.0645161290322581,-0.75510752688172,0.0241935483870968,0.0645161290322581,43684.3286000001,0.0456989247311828,0.0672043010752688,20.85027554,0.0645161290322581,24.78474434,0.0725806451612903,5.96868534088135,0.0456989247311828,0.032258064516129,0.0618279569892473,0.0,0.032258064516129,0.0645161290322581,0.0376344086021505,372,13.27557315,-7.70549999999999,10,-0.628557901,1.142857143
pdb6yv9.ent,-6.85,9,339.69,21,615.423,12.35448675,29.7281449275362,0.02,-5.89063094,0.0376811594202899,46.82051282,253378350.3,0.072463768115942,15.20739338,0.0202898550724638,0.0550724637681159,0.0057971014492753,0.0115942028985507,0.0898550724637681,0.0405797101449275,0.101449275362319,-0.0776811594202903,0.008695652173913,0.0753623188405797,37979.2497000001,0.0695652173913043,0.0521739130434783,20.85027554,0.0521739130434783,29.30849151,0.0202898550724638,8.87815074920654,0.0666666666666667,0.0318840579710145,0.0202898550724638,0.0,0.0405797101449275,0.185507246376812,0.0318840579710145,345,19.88245512,-9.88130000000001,13,-1.693562908,0.897435897
pdb6yv9.ent,-7.22,9,339.69,21,615.423,12.35448675,29.6711271676301,0.02,-5.89063094,0.0375722543352601,46.82051282,253378350.3,0.0722543352601156,15.20739338,0.0202312138728324,0.0549132947976879,0.0057803468208092,0.0115606936416185,0.0895953757225434,0.0404624277456647,0.101156069364162,-0.0719653179190755,0.0115606936416185,0.0751445086705202,38110.4457000001,0.069364161849711,0.0520231213872832,20.85027554,0.0520231213872832,29.30849151,0.0202312138728324,8.87350902557373,0.0664739884393064,0.0317919075144509,0.0202312138728324,0.0,0.0404624277456647,0.184971098265896,0.0317919075144509,346,19.88245512,-9.88130000000001,13,-1.693562908,0.897435897
pdb6y6i.ent,-6.43,6,230.69,14,412.225,11.41150846,32.5463966480447,0.3,-5.557601927,0.0391061452513966,39.56,181258.6831,0.0614525139664804,14.52368616,0.0782122905027933,0.0502793296089386,0.0223463687150838,0.0363128491620112,0.122905027932961,0.0670391061452514,0.0642458100558659,-0.122625698324022,0.0251396648044693,0.0418994413407821,40704.5397,0.0363128491620112,0.0782122905027933,10.21669833,0.053072625698324,14.15116714,0.0642458100558659,8.62885150909424,0.0391061452513966,0.0195530726256983,0.0391061452513966,6.420821623,0.0949720670391061,0.0614525139664804,0.0279329608938547,358,13.15163837,-6.12679999999999,8,-0.702921012,1.12
pdb6tkv.ent,-6.53,6,260.54,16,453.282,11.54709042,39.6252136752137,0.22,-5.561978886,0.0491452991452991,43.89285714,1122914.608,0.0705128205128205,20.25735364,0.0512820512820513,0.0576923076923077,0.0170940170940171,0.0405982905982906,0.102564102564103,0.0662393162393162,0.0918803418803419,-0.517094017094017,0.0128205128205128,0.047008547008547,53886.4935000001,0.0491452991452991,0.0641025641025641,20.85027554,0.0769230769230769,24.78474434,0.032051282051282,6.51729526519775,0.0598290598290598,0.0213675213675214,0.0363247863247863,0.0,0.0534188034188034,0.0576923076923077,0.0448717948717949,468,13.27557315,-7.70549999999999,10,-0.628557901,1.142857143
pdb6tkv.ent,-6.56,6,260.54,16,453.282,11.54709042,40.0121412803532,0.22,-5.561978886,0.0485651214128035,43.89285714,1122914.608,0.0728476821192053,20.25735364,0.0463576158940397,0.0596026490066225,0.0176600441501104,0.0419426048565121,0.101545253863135,0.0640176600441501,0.0927152317880795,-0.511479028697572,0.0132450331125828,0.0485651214128035,52240.8070000001,0.0485651214128035,0.0684326710816777,20.85027554,0.0772626931567329,24.78474434,0.033112582781457,6.60334949493408,0.0596026490066225,0.0198675496688742,0.033112582781457,0.0,0.0529801324503311,0.0573951434878587,0.0441501103752759,453,13.27557315,-7.70549999999999,10,-0.628557901,1.142857143
pdb6su6.ent,-8.59,9,309.84,19,574.366,12.21890479,42.9985010706638,0.1,-5.886253981,0.012847965738758,44.05555556,41785932.71,0.0749464668094218,14.5802533,0.0856531049250535,0.0471092077087794,0.0107066381156317,0.0321199143468951,0.0728051391862955,0.0813704496788009,0.117773019271949,-0.0036402569593148,0.019271948608137,0.0770877944325482,50854.8601000001,0.0406852248394004,0.0406852248394004,10.21669833,0.0706638115631692,18.6749143,0.0449678800856531,5.55671634674072,0.0535331905781585,0.0149892933618844,0.0171306209850107,6.420821623,0.0535331905781585,0.0813704496788009,0.0235546038543897,467,19.75852033,-8.30259999999999,11,-1.772023168,0.861111111
pdb6su6.ent,-8.43,9,309.84,19,574.366,12.21890479,44.0215384615385,0.1,-5.886253981,0.010989010989011,44.05555556,41785932.71,0.0747252747252747,14.5802533,0.0857142857142857,0.0461538461538462,0.0087912087912087,0.032967032967033,0.0703296703296703,0.0791208791208791,0.120879120879121,-0.0035164835164836,0.0197802197802198,0.0813186813186813,49624.5570000001,0.043956043956044,0.0395604395604396,10.21669833,0.0681318681318681,18.6749143,0.043956043956044,5.73166675567627,0.0549450549450549,0.0153846153846154,0.0175824175824176,6.420821623,0.0549450549450549,0.0769230769230769,0.0241758241758242,455,19.75852033,-8.30259999999999,11,-1.772023168,0.861111111
pdb6s22.ent,-7.02,6,230.69,14,412.225,11.41150846,46.3905860113422,0.3,-5.557601927,0.0396975425330813,39.56,181258.6831,0.0510396975425331,14.52368616,0.0623818525519849,0.0453686200378072,0.0283553875236295,0.0434782608695652,0.107750472589792,0.0680529300567108,0.0869565217391304,-0.49281663516068,0.0151228733459357,0.056710775047259,60563.0151,0.0472589792060492,0.0623818525519849,10.21669833,0.0793950850661626,14.15116714,0.0491493383742911,6.33421688079834,0.0491493383742911,0.0189035916824197,0.0491493383742911,6.420821623,0.056710775047259,0.0510396975425331,0.0396975425330813,529,13.15163837,-6.12679999999999,8,-0.702921012,1.12
pdb6rtg.ent,-6.83,6,230.69,14,412.225,11.41150846,38.3499602385686,0.3,-5.557601927,0.0457256461232604,39.56,181258.6831,0.0516898608349901,14.52368616,0.0675944333996024,0.0636182902584493,0.0059642147117296,0.0397614314115308,0.10337972166998,0.0437375745526839,0.0974155069582505,-0.35844930417495,0.0159045725646123,0.0198807157057654,57673.3245000001,0.0675944333996024,0.0636182902584493,10.21669833,0.0795228628230616,14.15116714,0.0437375745526839,5.00429821014404,0.0377733598409543,0.0139165009940358,0.0755467196819085,6.420821623,0.0854870775347913,0.0616302186878728,0.0198807157057654,503,13.15163837,-6.12679999999999,8,-0.702921012,1.12
pdb6pxu.ent,-7.35,6,230.69,14,412.225,11.41150846,52.5914638783271,0.3,-5.557601927,0.0361216730038023,39.56,181258.6831,0.0665399239543726,14.52368616,0.0475285171102662,0.0494296577946768,0.026615969581749,0.0437262357414449,0.102661596958175,0.0627376425855513,0.102661596958175,-0.511026615969581,0.0190114068441065,0.0627376425855513,61070.7756000001,0.0380228136882129,0.0418250950570342,10.21669833,0.0950570342205323,14.15116714,0.0456273764258555,5.89121379852295,0.0798479087452472,0.0209125475285171,0.0380228136882129,6.420821623,0.0399239543726236,0.0494296577946768,0.0342205323193916,526,13.15163837,-6.12679999999999,8,-0.702921012,1.12
pdb6pxu.ent,-7.35,6,230.69,14,412.225,11.41150846,52.3712593984963,0.3,-5.557601927,0.0357142857142857,39.56,181258.6831,0.0657894736842105,14.52368616,0.0507518796992481,0.0507518796992481,0.0263157894736842,0.0432330827067669,0.101503759398496,0.0620300751879699,0.101503759398496,-0.531766917293233,0.018796992481203,0.0639097744360902,61714.4191000001,0.037593984962406,0.0432330827067669,10.21669833,0.0958646616541353,14.15116714,0.0451127819548872,5.83068027496338,0.0789473684210526,0.0206766917293233,0.037593984962406,6.420821623,0.0394736842105263,0.0488721804511278,0.0338345864661654,532,13.15163837,-6.12679999999999,8,-0.702921012,1.12
pdb6mw8.ent,-6.75,6,230.69,14,412.225,11.41150846,39.5259414225941,0.3,-5.557601927,0.0460251046025105,39.56,181258.6831,0.0711297071129707,14.52368616,0.0753138075313808,0.0669456066945607,0.00836820083682,0.0376569037656904,0.150627615062762,0.0502092050209205,0.0920502092050209,-0.0238493723849375,0.0209205020920502,0.0585774058577406,27042.5832,0.0460251046025105,0.0502092050209205,10.21669833,0.0334728033472803,14.15116714,0.0753138075313808,5.94060688018799,0.0418410041841004,0.0292887029288703,0.0376569037656904,6.420821623,0.0460251046025105,0.100418410041841,0.0125523012552301,239,13.15163837,-6.12679999999999,8,-0.702921012,1.12
pdb6mw5.ent,-6.7,6,230.69,14,412.225,11.41150846,39.5259414225941,0.3,-5.557601927,0.0460251046025105,39.56,181258.6831,0.0711297071129707,14.52368616,0.0753138075313808,0.0669456066945607,0.00836820083682,0.0376569037656904,0.150627615062762,0.0502092050209205,0.0920502092050209,-0.0238493723849375,0.0209205020920502,0.0585774058577406,27042.5832,0.0460251046025105,0.0502092050209205,10.21669833,0.0334728033472803,14.15116714,0.0753138075313808,5.94060688018799,0.0418410041841004,0.0292887029288703,0.0376569037656904,6.420821623,0.0460251046025105,0.100418410041841,0.0125523012552301,239,13.15163837,-6.12679999999999,8,-0.702921012,1.12
pdb6mgc.ent,-7.15,4,183.96,11,330.254,10.67352235,38.7087774294671,-0.01,-4.975130222,0.0376175548589342,43.19047619,36879.82654,0.0877742946708464,20.25735364,0.0595611285266458,0.0501567398119122,0.0125391849529781,0.0501567398119122,0.0877742946708464,0.0658307210031348,0.103448275862069,-0.0724137931034483,0.0156739811912226,0.0626959247648903,35126.8147,0.0438871473354232,0.0407523510971787,10.21669833,0.0501567398119122,9.840535766,0.0313479623824451,6.78006191253662,0.0564263322884013,0.0188087774294671,0.0282131661442006,6.420821623,0.0438871473354232,0.115987460815047,0.0250783699059561,319,13.15163837,-4.93949999999999,7,-0.258009141,1.333333333
pdb6llz.ent,-8.97,9,309.84,19,574.366,12.21890479,43.2197247706422,0.1,-5.886253981,0.0160550458715596,44.05555556,41785932.71,0.0665137614678899,14.5802533,0.100917431192661,0.0435779816513761,0.0114678899082569,0.0229357798165138,0.0894495412844037,0.0619266055045872,0.110091743119266,-0.0839449541284404,0.0206422018348624,0.073394495412844,48131.5065,0.0527522935779817,0.0527522935779817,10.21669833,0.0596330275229358,18.6749143,0.055045871559633,6.06281070709229,0.0321100917431193,0.018348623853211,0.0458715596330275,6.420821623,0.055045871559633,0.0642201834862385,0.036697247706422,436,19.75852033,-8.30259999999999,11,-1.772023168,0.861111111
pdb6llz.ent,-9.25,9,309.84,19,574.366,12.21890479,43.2197247706422,0.1,-5.886253981,0.0160550458715596,44.05555556,41785932.71,0.0665137614678899,14.5802533,0.100917431192661,0.0435779816513761,0.0114678899082569,0.0229357798165138,0.0894495412844037,0.0619266055045872,0.110091743119266,-0.0839449541284404,0.0206422018348624,0.073394495412844,48131.5065,0.0527522935779817,0.0527522935779817,10.21669833,0.0596330275229358,18.6749143,0.055045871559633,6.06281070709229,0.0321100917431193,0.018348623853211,0.0458715596330275,6.420821623,0.055045871559633,0.0642201834862385,0.036697247706422,436,19.75852033,-8.30259999999999,11,-1.772023168,0.861111111
pdb6llw.ent,-7.52,6,230.69,14,412.225,11.41150846,43.894688221709,0.3,-5.557601927,0.0161662817551963,39.56,181258.6831,0.0669745958429561,14.52368616,0.10161662817552,0.0438799076212471,0.0115473441108545,0.023094688221709,0.0900692840646651,0.0623556581986143,0.110854503464203,-0.097459584295612,0.0207852193995381,0.0739030023094688,47846.1671000001,0.0508083140877598,0.0531177829099307,10.21669833,0.0600461893764434,14.15116714,0.0554272517321016,6.06281070709229,0.0323325635103926,0.0184757505773672,0.046189376443418,6.420821623,0.0531177829099307,0.0623556581986143,0.0369515011547344,433,13.15163837,-6.12679999999999,8,-0.702921012,1.12
pdb6llw.ent,-7.3,6,230.69,14,412.225,11.41150846,44.7808962264151,0.3,-5.557601927,0.0165094339622642,39.56,181258.6831,0.0683962264150943,14.52368616,0.10377358490566,0.0424528301886792,0.0117924528301887,0.0235849056603774,0.0919811320754717,0.0636792452830189,0.108490566037736,-0.0650943396226416,0.0212264150943396,0.0754716981132075,46766.9601,0.0495283018867925,0.0495283018867925,10.21669833,0.0589622641509434,14.15116714,0.0566037735849057,6.01660060882568,0.0330188679245283,0.0188679245283019,0.044811320754717,6.420821623,0.0542452830188679,0.0636792452830189,0.035377358490566,424,13.15163837,-6.12679999999999,8,-0.702921012,1.12
pdb6lg1.ent,-7.19,6,230.69,14,412.225,11.41150846,46.9235431235431,0.3,-5.557601927,0.0046620046620046,39.56,181258.6831,0.0885780885780886,14.52368616,0.107226107226107,0.034965034965035,0.0116550116550117,0.0256410256410256,0.0722610722610723,0.0745920745920746,0.121212121212121,0.318881118881119,0.013986013986014,0.0699300699300699,45624.0031000001,0.0372960372960373,0.0186480186480186,10.21669833,0.0606060606060606,14.15116714,0.0442890442890443,5.57348384857178,0.0582750582750583,0.0233100233100233,0.0116550116550117,6.420821623,0.048951048951049,0.125874125874126,0.0186480186480186,429,13.15163837,-6.12679999999999,8,-0.702921012,1.12
pdb6lg1.ent,-7.25,6,230.69,14,412.225,11.41150846,46.5275294117647,0.3,-5.557601927,0.0047058823529411,39.56,181258.6831,0.08,14.52368616,0.103529411764706,0.0352941176470588,0.0117647058823529,0.0258823529411765,0.0729411764705882,0.0752941176470588,0.122352941176471,0.294588235294117,0.0141176470588235,0.0705882352941176,45195.4803000001,0.0376470588235294,0.0188235294117647,10.21669833,0.0611764705882353,14.15116714,0.0447058823529412,5.57348384857178,0.0588235294117647,0.0235294117647059,0.0117647058823529,6.420821623,0.0494117647058823,0.131764705882353,0.0188235294117647,425,13.15163837,-6.12679999999999,8,-0.702921012,1.12
pdb6lg0.ent,-7.47,6,230.69,14,412.225,11.41150846,41.3663656884876,0.3,-5.557601927,0.0090293453724605,39.56,181258.6831,0.0790067720090294,14.52368616,0.0880361173814898,0.0519187358916479,0.0112866817155756,0.0316027088036117,0.0744920993227991,0.0677200902934537,0.112866817155756,0.0365688487584648,0.0225733634311512,0.054176072234763,48622.4671,0.0406320541760722,0.0564334085778781,10.21669833,0.0699774266365689,14.15116714,0.0474040632054176,5.70080318450928,0.0428893905191874,0.018058690744921,0.0225733634311512,6.420821623,0.0609480812641084,0.0857787810383747,0.0270880361173815,443,13.15163837,-6.12679999999999,8,-0.702921012,1.12
pdb6lg0.ent,-7.39,6,230.69,14,412.225,11.41150846,42.1262921348314,0.3,-5.557601927,0.0089887640449438,39.56,181258.6831,0.0786516853932584,14.52368616,0.0876404494382022,0.051685393258427,0.0112359550561798,0.0314606741573034,0.0741573033707865,0.0674157303370787,0.114606741573034,0.034831460674157,0.0224719101123595,0.0539325842696629,48891.8104000001,0.0404494382022472,0.0561797752808989,10.21669833,0.0696629213483146,14.15116714,0.0471910112359551,5.79350757598877,0.0449438202247191,0.0179775280898876,0.0224719101123595,6.420821623,0.0606741573033708,0.0853932584269663,0.0269662921348315,445,13.15163837,-6.12679999999999,8,-0.702921012,1.12
pdb6lg0.ent,-7.26,6,230.69,14,412.225,11.41150846,42.9521640091116,0.3,-5.557601927,0.0091116173120728,39.56,181258.6831,0.0774487471526196,14.52368616,0.0888382687927107,0.0523917995444191,0.0113895216400911,0.0318906605922551,0.0751708428246014,0.0683371298405467,0.116173120728929,0.0425968109339406,0.0227790432801822,0.0546697038724374,48257.0397,0.041002277904328,0.0523917995444191,10.21669833,0.0706150341685649,14.15116714,0.0478359908883827,5.55023670196533,0.0455580865603645,0.0182232346241458,0.0227790432801822,6.420821623,0.061503416856492,0.082004555808656,0.0250569476082005,439,13.15163837,-6.12679999999999,8,-0.702921012,1.12
pdb6lg0.ent,-7.29,6,230.69,14,412.225,11.41150846,41.8187643020595,0.3,-5.557601927,0.0068649885583524,39.56,181258.6831,0.080091533180778,14.52368616,0.0869565217391304,0.0526315789473684,0.011441647597254,0.0297482837528604,0.0732265446224256,0.0663615560640732,0.11441647597254,0.0677345537757432,0.022883295194508,0.0549199084668192,47944.7612,0.0411899313501144,0.0549199084668192,10.21669833,0.0709382151029748,14.15116714,0.0480549199084668,5.61219120025635,0.0434782608695652,0.0183066361556064,0.0205949656750572,6.420821623,0.0617848970251716,0.0869565217391304,0.0274599542334096,437,13.15163837,-6.12679999999999,8,-0.702921012,1.12
pdb6lg0.ent,-7.33,6,230.69,14,412.225,11.41150846,42.6546275395034,0.3,-5.557601927,0.0090293453724605,39.56,181258.6831,0.0767494356659142,14.52368616,0.0880361173814898,0.0519187358916479,0.0112866817155756,0.0316027088036117,0.0744920993227991,0.0654627539503386,0.115124153498871,0.0264108352144467,0.0225733634311512,0.054176072234763,48735.6281,0.0406320541760722,0.0564334085778781,10.21669833,0.0699774266365689,14.15116714,0.0474040632054176,5.79407596588135,0.0451467268623025,0.018058690744921,0.0225733634311512,6.420821623,0.0609480812641084,0.0857787810383747,0.0270880361173815,443,13.15163837,-6.12679999999999,8,-0.702921012,1.12
pdb6lg0.ent,-7.23,6,230.69,14,412.225,11.41150846,42.0074324324324,0.3,-5.557601927,0.009009009009009,39.56,181258.6831,0.0788288288288288,14.52368616,0.0878378378378378,0.0518018018018018,0.0112612612612613,0.0315315315315315,0.0743243243243243,0.0675675675675676,0.114864864864865,0.0317567567567565,0.0225225225225225,0.0540540540540541,48806.6628,0.0405405405405405,0.0540540540540541,10.21669833,0.0698198198198198,14.15116714,0.0472972972972973,5.70103054046631,0.045045045045045,0.018018018018018,0.0247747747747748,6.420821623,0.0608108108108108,0.0833333333333333,0.027027027027027,444,13.15163837,-6.12679999999999,8,-0.702921012,1.12
pdb6lfz.ent,-9.06,9,309.84,19,574.366,12.21890479,40.0181609195402,0.1,-5.886253981,0.0091954022988505,44.05555556,41785932.71,0.0735632183908046,14.5802533,0.0919540229885057,0.0413793103448276,0.0091954022988505,0.0252873563218391,0.0781609195402299,0.0620689655172414,0.12183908045977,-0.0744827586206898,0.0091954022988505,0.0597701149425287,48700.3311000001,0.0298850574712644,0.0413793103448276,10.21669833,0.0919540229885057,18.6749143,0.0459770114942529,5.92059955596924,0.071264367816092,0.0229885057471264,0.0183908045977011,6.420821623,0.0666666666666667,0.0758620689655172,0.032183908045977,435,19.75852033,-8.30259999999999,11,-1.772023168,0.861111111
pdb6lfz.ent,-9.1,9,309.84,19,574.366,12.21890479,39.3578587699316,0.1,-5.886253981,0.0091116173120728,44.05555556,41785932.71,0.0728929384965831,14.5802533,0.0911161731207289,0.0432801822323462,0.0091116173120728,0.0250569476082005,0.0774487471526196,0.061503416856492,0.120728929384966,-0.0760820045558088,0.0113895216400911,0.0592255125284738,49187.9444000001,0.0296127562642369,0.0432801822323462,10.21669833,0.0911161731207289,18.6749143,0.0455580865603645,5.92173633575439,0.0706150341685649,0.0227790432801822,0.0182232346241458,6.420821623,0.0683371298405467,0.0751708428246014,0.0318906605922551,439,19.75852033,-8.30259999999999,11,-1.772023168,0.861111111
pdb6lf6.ent,-7.29,6,230.69,14,412.225,11.41150846,39.7126914660831,0.3,-5.557601927,0.0153172866520788,39.56,181258.6831,0.100656455142232,14.52368616,0.0634573304157549,0.0547045951859956,0.0175054704595186,0.0306345733041575,0.0897155361050328,0.087527352297593,0.0984682713347921,0.172428884026257,0.0153172866520788,0.0590809628008753,48833.2483000001,0.0393873085339168,0.0240700218818381,10.21669833,0.0547045951859956,14.15116714,0.0568927789934355,5.50021839141846,0.0656455142231947,0.0175054704595186,0.013129102844639,6.420821623,0.0240700218818381,0.144420131291028,0.0175054704595186,457,13.15163837,-6.12679999999999,8,-0.702921012,1.12
pdb6l8z.ent,-8.29,9,309.84,19,574.366,12.21890479,46.9099324324324,0.1,-5.886253981,0.0225225225225225,44.05555556,41785932.71,0.0833333333333333,14.5802533,0.0833333333333333,0.0540540540540541,0.018018018018018,0.0405405405405405,0.0900900900900901,0.0518018018018018,0.11036036036036,-0.275450450450451,0.0225225225225225,0.0540540540540541,50142.7271000001,0.0540540540540541,0.0720720720720721,10.21669833,0.0810810810810811,18.6749143,0.0427927927927928,5.31270656585693,0.0337837837837838,0.0247747747747748,0.0405405405405405,6.420821623,0.0382882882882883,0.0518018018018018,0.0202702702702703,444,19.75852033,-8.30259999999999,11,-1.772023168,0.861111111
pdb6l5q.ent,-8.86,6,230.69,14,412.225,11.41150846,39.1826388888889,0.3,-5.557601927,0.0115740740740741,39.56,181258.6831,0.104166666666667,14.52368616,0.0925925925925926,0.0300925925925926,0.0092592592592592,0.025462962962963,0.0972222222222222,0.0902777777777778,0.122685185185185,0.102083333333333,0.0208333333333333,0.0671296296296296,47622.7776,0.0324074074074074,0.0694444444444444,10.21669833,0.0763888888888889,14.15116714,0.0578703703703704,6.38804340362549,0.0277777777777778,0.0277777777777778,0.0162037037037037,6.420821623,0.0393518518518519,0.0486111111111111,0.0300925925925926,432,13.15163837,-6.12679999999999,8,-0.702921012,1.12
pdb6kvj.ent,-8.35,8,289.61,18,544.34,12.13839939,44.3671875,0.14,-5.76226746,0.0245535714285714,43.73529412,16666464.2,0.0691964285714286,9.473725908,0.0982142857142857,0.0535714285714286,0.0044642857142857,0.0379464285714286,0.100446428571429,0.0602678571428571,0.113839285714286,-0.19375,0.0200892857142857,0.0535714285714286,50783.2330000001,0.0379464285714286,0.046875,10.21669833,0.078125,18.6749143,0.0535714285714286,5.28167247772217,0.0513392857142857,0.0223214285714286,0.0379464285714286,6.420821623,0.0625,0.0491071428571429,0.0245535714285714,448,19.75852033,-7.66349999999999,10,-1.42053885,0.941176471
pdb6kqx.ent,-7.09,6,230.69,14,412.225,11.41150846,44.8571739130435,0.3,-5.557601927,0.0279503105590062,39.56,181258.6831,0.077639751552795,14.52368616,0.0683229813664596,0.0496894409937888,0.0124223602484472,0.0559006211180124,0.0807453416149068,0.0527950310559006,0.105590062111801,-0.0319875776397516,0.0341614906832298,0.0527950310559006,35755.5594,0.0372670807453416,0.0527950310559006,10.21669833,0.093167701863354,14.15116714,0.046583850931677,4.59295444488525,0.0248447204968944,0.0062111801242236,0.0372670807453416,6.420821623,0.062111801242236,0.0869565217391304,0.015527950310559,322,13.15163837,-6.12679999999999,8,-0.702921012,1.12
pdb6kih.ent,-7.45,6,230.69,14,412.225,11.41150846,41.808525,0.3,-5.557601927,0.045,39.56,181258.6831,0.08,14.52368616,0.035,0.0425,0.0125,0.0675,0.0975,0.075,0.1,-0.1395,0.0125,0.0575,44597.3526000001,0.0425,0.0275,10.21669833,0.06,14.15116714,0.0325,6.23616962432861,0.065,0.02,0.0325,6.420821623,0.0525,0.115,0.025,400,13.15163837,-6.12679999999999,8,-0.702921012,1.12
pdb6kih.ent,-7.38,6,230.69,14,412.225,11.41150846,41.8882456140351,0.3,-5.557601927,0.0451127819548872,39.56,181258.6831,0.0802005012531328,14.52368616,0.0350877192982456,0.0426065162907268,0.012531328320802,0.0676691729323308,0.0977443609022556,0.075187969924812,0.0977443609022556,-0.14937343358396,0.012531328320802,0.0576441102756892,44484.1950000001,0.0426065162907268,0.0275689223057644,10.21669833,0.0601503759398496,14.15116714,0.0325814536340852,6.23616962432861,0.0651629072681704,0.0200501253132832,0.0325814536340852,6.420821623,0.0526315789473684,0.115288220551378,0.025062656641604,399,13.15163837,-6.12679999999999,8,-0.702921012,1.12
pdb6kih.ent,-7.33,6,230.69,14,412.225,11.41150846,41.808525,0.3,-5.557601927,0.045,39.56,181258.6831,0.08,14.52368616,0.035,0.0425,0.0125,0.0675,0.0975,0.075,0.1,-0.1395,0.0125,0.0575,44597.3526000001,0.0425,0.0275,10.21669833,0.06,14.15116714,0.0325,6.23616962432861,0.065,0.02,0.0325,6.420821623,0.0525,0.115,0.025,400,13.15163837,-6.12679999999999,8,-0.702921012,1.12
pdb6kih.ent,-7.35,6,230.69,14,412.225,11.41150846,41.8882456140351,0.3,-5.557601927,0.0451127819548872,39.56,181258.6831,0.0802005012531328,14.52368616,0.0350877192982456,0.0426065162907268,0.012531328320802,0.0676691729323308,0.0977443609022556,0.075187969924812,0.0977443609022556,-0.14937343358396,0.012531328320802,0.0576441102756892,44484.1950000001,0.0426065162907268,0.0275689223057644,10.21669833,0.0601503759398496,14.15116714,0.0325814536340852,6.23616962432861,0.0651629072681704,0.0200501253132832,0.0325814536340852,6.420821623,0.0526315789473684,0.115288220551378,0.025062656641604,399,13.15163837,-6.12679999999999,8,-0.702921012,1.12
pdb6kih.ent,-7.31,6,230.69,14,412.225,11.41150846,41.808525,0.3,-5.557601927,0.045,39.56,181258.6831,0.08,14.52368616,0.035,0.0425,0.0125,0.0675,0.0975,0.075,0.1,-0.1395,0.0125,0.0575,44597.3526000001,0.0425,0.0275,10.21669833,0.06,14.15116714,0.0325,6.23616962432861,0.065,0.02,0.0325,6.420821623,0.0525,0.115,0.025,400,13.15163837,-6.12679999999999,8,-0.702921012,1.12
pdb6kih.ent,-7.38,6,230.69,14,412.225,11.41150846,41.8882456140351,0.3,-5.557601927,0.0451127819548872,39.56,181258.6831,0.0802005012531328,14.52368616,0.0350877192982456,0.0426065162907268,0.012531328320802,0.0676691729323308,0.0977443609022556,0.075187969924812,0.0977443609022556,-0.14937343358396,0.012531328320802,0.0576441102756892,44484.1950000001,0.0426065162907268,0.0275689223057644,10.21669833,0.0601503759398496,14.15116714,0.0325814536340852,6.23616962432861,0.0651629072681704,0.0200501253132832,0.0325814536340852,6.420821623,0.0526315789473684,0.115288220551378,0.025062656641604,399,13.15163837,-6.12679999999999,8,-0.702921012,1.12
pdb6kih.ent,-7.34,6,230.69,14,412.225,11.41150846,41.808525,0.3,-5.557601927,0.045,39.56,181258.6831,0.08,14.52368616,0.035,0.0425,0.0125,0.0675,0.0975,0.075,0.1,-0.1395,0.0125,0.0575,44597.3526000001,0.0425,0.0275,10.21669833,0.06,14.15116714,0.0325,6.23616962432861,0.065,0.02,0.0325,6.420821623,0.0525,0.115,0.025,400,13.15163837,-6.12679999999999,8,-0.702921012,1.12
pdb6kih.ent,-7.39,6,230.69,14,412.225,11.41150846,41.8882456140351,0.3,-5.557601927,0.0451127819548872,39.56,181258.6831,0.0802005012531328,14.52368616,0.0350877192982456,0.0426065162907268,0.012531328320802,0.0676691729323308,0.0977443609022556,0.075187969924812,0.0977443609022556,-0.14937343358396,0.012531328320802,0.0576441102756892,44484.1950000001,0.0426065162907268,0.0275689223057644,10.21669833,0.0601503759398496,14.15116714,0.0325814536340852,6.23616962432861,0.0651629072681704,0.0200501253132832,0.0325814536340852,6.420821623,0.0526315789473684,0.115288220551378,0.025062656641604,399,13.15163837,-6.12679999999999,8,-0.702921012,1.12
pdb6kih.ent,-7.4,6,230.69,14,412.225,11.41150846,41.8882456140351,0.3,-5.557601927,0.0451127819548872,39.56,181258.6831,0.0802005012531328,14.52368616,0.0350877192982456,0.0426065162907268,0.012531328320802,0.0676691729323308,0.0977443609022556,0.075187969924812,0.0977443609022556,-0.14937343358396,0.012531328320802,0.0576441102756892,44484.1950000001,0.0426065162907268,0.0275689223057644,10.21669833,0.0601503759398496,14.15116714,0.0325814536340852,6.23616962432861,0.0651629072681704,0.0200501253132832,0.0325814536340852,6.420821623,0.0526315789473684,0.115288220551378,0.025062656641604,399,13.15163837,-6.12679999999999,8,-0.702921012,1.12
pdb6kih.ent,-7.34,6,230.69,14,412.225,11.41150846,41.808525,0.3,-5.557601927,0.045,39.56,181258.6831,0.08,14.52368616,0.035,0.0425,0.0125,0.0675,0.0975,0.075,0.1,-0.1395,0.0125,0.0575,44597.3526000001,0.0425,0.0275,10.21669833,0.06,14.15116714,0.0325,6.23616962432861,0.065,0.02,0.0325,6.420821623,0.0525,0.115,0.025,400,13.15163837,-6.12679999999999,8,-0.702921012,1.12
pdb6kih.ent,-7.37,6,230.69,14,412.225,11.41150846,41.8882456140351,0.3,-5.557601927,0.0451127819548872,39.56,181258.6831,0.0802005012531328,14.52368616,0.0350877192982456,0.0426065162907268,0.012531328320802,0.0676691729323308,0.0977443609022556,0.075187969924812,0.0977443609022556,-0.14937343358396,0.012531328320802,0.0576441102756892,44484.1950000001,0.0426065162907268,0.0275689223057644,10.21669833,0.0601503759398496,14.15116714,0.0325814536340852,6.23616962432861,0.0651629072681704,0.0200501253132832,0.0325814536340852,6.420821623,0.0526315789473684,0.115288220551378,0.025062656641604,399,13.15163837,-6.12679999999999,8,-0.702921012,1.12
pdb6kih.ent,-7.35,6,230.69,14,412.225,11.41150846,41.808525,0.3,-5.557601927,0.045,39.56,181258.6831,0.08,14.52368616,0.035,0.0425,0.0125,0.0675,0.0975,0.075,0.1,-0.1395,0.0125,0.0575,44597.3526000001,0.0425,0.0275,10.21669833,0.06,14.15116714,0.0325,6.23616962432861,0.065,0.02,0.0325,6.420821623,0.0525,0.115,0.025,400,13.15163837,-6.12679999999999,8,-0.702921012,1.12
pdb6jtd.ent,-7.55,6,230.69,14,412.225,11.41150846,48.601677148847,0.3,-5.557601927,0.0230607966457023,39.56,181258.6831,0.0817610062893082,14.52368616,0.0775681341719078,0.0419287211740042,0.0083857442348008,0.0209643605870021,0.0775681341719077,0.0566037735849057,0.121593291404612,-0.117190775681342,0.0293501048218029,0.0670859538784067,53204.7867,0.0566037735849057,0.0566037735849057,10.21669833,0.079664570230608,14.15116714,0.0377358490566038,5.82073345184326,0.0524109014675052,0.0167714884696017,0.0440251572327044,6.420821623,0.0461215932914046,0.0670859538784067,0.0146750524109015,477,13.15163837,-6.12679999999999,8,-0.702921012,1.12
pdb6jtd.ent,-7.54,6,230.69,14,412.225,11.41150846,48.651804670913,0.3,-5.557601927,0.0233545647558386,39.56,181258.6831,0.0828025477707006,14.52368616,0.0764331210191083,0.0424628450106157,0.0084925690021231,0.0212314225053079,0.0785562632696391,0.0573248407643312,0.123142250530786,-0.0889596602972399,0.029723991507431,0.0658174097664543,52563.1128,0.0552016985138004,0.0552016985138004,10.21669833,0.0806794055201699,14.15116714,0.0382165605095541,5.69995059967041,0.0530785562632696,0.0169851380042463,0.0403397027600849,6.420821623,0.0467091295116773,0.0679405520169851,0.0148619957537155,471,13.15163837,-6.12679999999999,8,-0.702921012,1.12
pdb6jbr.ent,-6.49,6,230.69,14,412.225,11.41150846,35.4440860215054,0.3,-5.557601927,0.0365591397849462,39.56,181258.6831,0.0903225806451613,14.52368616,0.0688172043010753,0.0494623655913979,0.0064516129032258,0.0408602150537634,0.111827956989247,0.0731182795698925,0.103225806451613,-0.0886021505376345,0.0172043010752688,0.0473118279569892,52452.2744000001,0.0430107526881721,0.0430107526881721,10.21669833,0.0645161290322581,14.15116714,0.0559139784946237,5.98806743621826,0.0516129032258065,0.0193548387096774,0.0344086021505376,6.420821623,0.0537634408602151,0.0666666666666667,0.0344086021505376,465,13.15163837,-6.12679999999999,8,-0.702921012,1.12
pdb6jbr.ent,-6.47,6,230.69,14,412.225,11.41150846,35.4440860215054,0.3,-5.557601927,0.0365591397849462,39.56,181258.6831,0.0903225806451613,14.52368616,0.0688172043010753,0.0494623655913979,0.0064516129032258,0.0408602150537634,0.111827956989247,0.0731182795698925,0.103225806451613,-0.0886021505376345,0.0172043010752688,0.0473118279569892,52452.2744000001,0.0430107526881721,0.0430107526881721,10.21669833,0.0645161290322581,14.15116714,0.0559139784946237,5.98806743621826,0.0516129032258065,0.0193548387096774,0.0344086021505376,6.420821623,0.0537634408602151,0.0666666666666667,0.0344086021505376,465,13.15163837,-6.12679999999999,8,-0.702921012,1.12
pdb6jbr.ent,-6.48,6,230.69,14,412.225,11.41150846,35.4440860215054,0.3,-5.557601927,0.0365591397849462,39.56,181258.6831,0.0903225806451613,14.52368616,0.0688172043010753,0.0494623655913979,0.0064516129032258,0.0408602150537634,0.111827956989247,0.0731182795698925,0.103225806451613,-0.0886021505376345,0.0172043010752688,0.0473118279569892,52452.2744000001,0.0430107526881721,0.0430107526881721,10.21669833,0.0645161290322581,14.15116714,0.0559139784946237,5.98806743621826,0.0516129032258065,0.0193548387096774,0.0344086021505376,6.420821623,0.0537634408602151,0.0666666666666667,0.0344086021505376,465,13.15163837,-6.12679999999999,8,-0.702921012,1.12
pdb6jbr.ent,-6.52,6,230.69,14,412.225,11.41150846,35.4440860215054,0.3,-5.557601927,0.0365591397849462,39.56,181258.6831,0.0903225806451613,14.52368616,0.0688172043010753,0.0494623655913979,0.0064516129032258,0.0408602150537634,0.111827956989247,0.0731182795698925,0.103225806451613,-0.0886021505376345,0.0172043010752688,0.0473118279569892,52452.2744000001,0.0430107526881721,0.0430107526881721,10.21669833,0.0645161290322581,14.15116714,0.0559139784946237,5.98806743621826,0.0516129032258065,0.0193548387096774,0.0344086021505376,6.420821623,0.0537634408602151,0.0666666666666667,0.0344086021505376,465,13.15163837,-6.12679999999999,8,-0.702921012,1.12
pdb6jbr.ent,-6.41,6,230.69,14,412.225,11.41150846,35.4440860215054,0.3,-5.557601927,0.0365591397849462,39.56,181258.6831,0.0903225806451613,14.52368616,0.0688172043010753,0.0494623655913979,0.0064516129032258,0.0408602150537634,0.111827956989247,0.0731182795698925,0.103225806451613,-0.0886021505376345,0.0172043010752688,0.0473118279569892,52452.2744000001,0.0430107526881721,0.0430107526881721,10.21669833,0.0645161290322581,14.15116714,0.0559139784946237,5.98806743621826,0.0516129032258065,0.0193548387096774,0.0344086021505376,6.420821623,0.0537634408602151,0.0666666666666667,0.0344086021505376,465,13.15163837,-6.12679999999999,8,-0.702921012,1.12
pdb6jbr.ent,-6.52,6,230.69,14,412.225,11.41150846,35.4440860215054,0.3,-5.557601927,0.0365591397849462,39.56,181258.6831,0.0903225806451613,14.52368616,0.0688172043010753,0.0494623655913979,0.0064516129032258,0.0408602150537634,0.111827956989247,0.0731182795698925,0.103225806451613,-0.0886021505376345,0.0172043010752688,0.0473118279569892,52452.2744000001,0.0430107526881721,0.0430107526881721,10.21669833,0.0645161290322581,14.15116714,0.0559139784946237,5.98806743621826,0.0516129032258065,0.0193548387096774,0.0344086021505376,6.420821623,0.0537634408602151,0.0666666666666667,0.0344086021505376,465,13.15163837,-6.12679999999999,8,-0.702921012,1.12
pdb6jbr.ent,-6.5,6,230.69,14,412.225,11.41150846,35.4440860215054,0.3,-5.557601927,0.0365591397849462,39.56,181258.6831,0.0903225806451613,14.52368616,0.0688172043010753,0.0494623655913979,0.0064516129032258,0.0408602150537634,0.111827956989247,0.0731182795698925,0.103225806451613,-0.0886021505376345,0.0172043010752688,0.0473118279569892,52452.2744000001,0.0430107526881721,0.0430107526881721,10.21669833,0.0645161290322581,14.15116714,0.0559139784946237,5.98806743621826,0.0516129032258065,0.0193548387096774,0.0344086021505376,6.420821623,0.0537634408602151,0.0666666666666667,0.0344086021505376,465,13.15163837,-6.12679999999999,8,-0.702921012,1.12
pdb6jbr.ent,-6.52,6,230.69,14,412.225,11.41150846,35.4440860215054,0.3,-5.557601927,0.0365591397849462,39.56,181258.6831,0.0903225806451613,14.52368616,0.0688172043010753,0.0494623655913979,0.0064516129032258,0.0408602150537634,0.111827956989247,0.0731182795698925,0.103225806451613,-0.0886021505376345,0.0172043010752688,0.0473118279569892,52452.2744000001,0.0430107526881721,0.0430107526881721,10.21669833,0.0645161290322581,14.15116714,0.0559139784946237,5.98806743621826,0.0516129032258065,0.0193548387096774,0.0344086021505376,6.420821623,0.0537634408602151,0.0666666666666667,0.0344086021505376,465,13.15163837,-6.12679999999999,8,-0.702921012,1.12
pdb6j7l.ent,-7.49,6,210.46,13,410.253,11.43547108,49.8253524804177,0.34,-5.502394355,0.02088772845953,39.56,184442.8721,0.0704960835509138,14.52368616,0.0365535248041775,0.0574412532637076,0.0234986945169713,0.0469973890339426,0.109660574412533,0.0652741514360313,0.133159268929504,-0.172323759791123,0.010443864229765,0.0496083550913838,43748.4018000001,0.010443864229765,0.010443864229765,10.21669833,0.0731070496083551,14.15116714,0.0417754569190601,5.98215618133545,0.0992167101827676,0.0469973890339426,0.0156657963446475,13.34455882,0.0182767624020888,0.133159268929504,0.0365535248041775,383,13.15163837,-4.85159999999999,7,1.35986321,1.24
pdb6j7k.ent,-8.71,8,269.38,17,556.395,12.22669457,52.504750656168,0.18,-5.736658654,0.020997375328084,44.97142857,24934343.45,0.0708661417322835,13.99747307,0.036745406824147,0.057742782152231,0.0236220472440945,0.047244094488189,0.10761154855643,0.0656167979002625,0.133858267716535,-0.228083989501312,0.0,0.0498687664041995,43463.7860000001,0.010498687664042,0.010498687664042,10.21669833,0.0813648293963255,14.15116714,0.0393700787401575,5.72507343292236,0.0997375328083989,0.047244094488189,0.015748031496063,20.26829602,0.0183727034120735,0.133858267716535,0.036745406824147,381,13.15163837,-5.99979999999999,9,2.481787978,0.971428571
pdb6inf.ent,-6.98,6,230.69,14,412.225,11.41150846,46.0841163310962,0.3,-5.557601927,0.0246085011185682,39.56,181258.6831,0.0693512304250559,14.52368616,0.0984340044742729,0.0492170022371365,0.0044742729306487,0.0380313199105145,0.100671140939597,0.0604026845637584,0.116331096196868,-0.178523489932886,0.0201342281879195,0.0536912751677852,50721.2976000001,0.0357941834451902,0.0469798657718121,10.21669833,0.0782997762863535,14.15116714,0.0536912751677852,5.49055576324463,0.0536912751677852,0.0223713646532438,0.0380313199105145,6.420821623,0.0626398210290828,0.0492170022371365,0.0246085011185682,447,13.15163837,-6.12679999999999,8,-0.702921012,1.12
pdb6ij9.ent,-6.8,6,230.69,14,412.225,11.41150846,39.4085609756097,0.3,-5.557601927,0.0146341463414634,39.56,181258.6831,0.0804878048780488,14.52368616,0.0902439024390244,0.0536585365853659,0.0073170731707317,0.0268292682926829,0.0804878048780488,0.0536585365853659,0.119512195121951,-0.0078048780487804,0.024390243902439,0.0658536585365854,45515.8221000001,0.0439024390243902,0.0439024390243902,10.21669833,0.0634146341463415,14.15116714,0.0463414634146341,5.93213787078857,0.0512195121951219,0.0195121951219512,0.024390243902439,6.420821623,0.0512195121951219,0.0829268292682927,0.0365853658536585,410,13.15163837,-6.12679999999999,8,-0.702921012,1.12
pdb6ij9.ent,-6.82,6,230.69,14,412.225,11.41150846,38.4098284313725,0.3,-5.557601927,0.0147058823529412,39.56,181258.6831,0.0833333333333333,14.52368616,0.0906862745098039,0.053921568627451,0.0073529411764705,0.0269607843137255,0.0808823529411765,0.053921568627451,0.120098039215686,0.0176470588235295,0.0245098039215686,0.0661764705882353,45258.5755000001,0.0441176470588235,0.0441176470588235,10.21669833,0.0612745098039216,14.15116714,0.0465686274509804,5.92929592132568,0.0490196078431373,0.0196078431372549,0.0245098039215686,6.420821623,0.0514705882352941,0.0808823529411765,0.0367647058823529,408,13.15163837,-6.12679999999999,8,-0.702921012,1.12
pdb6ij9.ent,-6.7,6,230.69,14,412.225,11.41150846,38.816004842615,0.3,-5.557601927,0.0145278450363196,39.56,181258.6831,0.0823244552058111,14.52368616,0.0895883777239709,0.0532687651331719,0.0072639225181598,0.026634382566586,0.0799031476997579,0.0532687651331719,0.11864406779661,-0.0108958837772397,0.0242130750605327,0.0677966101694915,45840.2406000001,0.0435835351089588,0.0460048426150121,10.21669833,0.062953995157385,14.15116714,0.0460048426150121,6.02325077056885,0.0508474576271187,0.0193704600484262,0.0242130750605327,6.420821623,0.0508474576271187,0.0823244552058111,0.036319612590799,413,13.15163837,-6.12679999999999,8,-0.702921012,1.12
pdb6ij9.ent,-6.42,6,230.69,14,412.225,11.41150846,36.943324742268,0.3,-5.557601927,0.0154639175257732,39.56,181258.6831,0.0824742268041237,14.52368616,0.0902061855670103,0.0515463917525773,0.0051546391752577,0.0257731958762887,0.0824742268041237,0.0463917525773196,0.123711340206186,0.0469072164948454,0.0257731958762887,0.0670103092783505,43224.4546000001,0.0463917525773196,0.0463917525773196,10.21669833,0.0567010309278351,14.15116714,0.0463917525773196,6.32421321868897,0.0489690721649485,0.0206185567010309,0.0257731958762887,6.420821623,0.0541237113402062,0.0824742268041237,0.038659793814433,388,13.15163837,-6.12679999999999,8,-0.702921012,1.12
pdb6h2n.ent,-7.28,11,321.87,20,617.435,12.52019331,19.0791987179487,0.06,-5.898921529,0.0576923076923077,42.43589744,154682644.9,0.0544871794871795,13.99747307,0.0673076923076923,0.0608974358974359,0.0,0.0288461538461538,0.108974358974359,0.0416666666666667,0.0865384615384615,-0.544871794871795,0.0256410256410256,0.016025641025641,36153.2056,0.0512820512820513,0.137820512820513,15.53348694,0.0544871794871795,19.46795574,0.0480769230769231,9.51239070892334,0.0288461538461538,0.0032051282051282,0.0897435897435897,13.34455882,0.0833333333333333,0.0480769230769231,0.016025641025641,312,19.75852033,-8.367,12,-0.542919531,1.0
pdb6h2n.ent,-7.26,11,321.87,20,617.435,12.52019331,20.2080191693291,0.06,-5.898921529,0.0575079872204473,42.43589744,154682644.9,0.0543130990415335,13.99747307,0.0702875399361022,0.0638977635782748,0.0,0.0287539936102236,0.108626198083067,0.0415335463258786,0.0862619808306709,-0.544408945686901,0.0255591054313099,0.0159744408945687,36227.198,0.0511182108626198,0.134185303514377,15.53348694,0.0543130990415335,19.46795574,0.0479233226837061,9.44102420806885,0.0287539936102236,0.0031948881789137,0.0894568690095847,13.34455882,0.0830670926517572,0.0479233226837061,0.0159744408945687,313,19.75852033,-8.367,12,-0.542919531,1.0
pdb6h2n.ent,-7.3,11,321.87,20,617.435,12.52019331,20.2736655948553,0.06,-5.898921529,0.0578778135048232,42.43589744,154682644.9,0.0546623794212219,13.99747307,0.0707395498392283,0.0610932475884244,0.0,0.0289389067524116,0.109324758842444,0.0385852090032154,0.0868167202572347,-0.535369774919614,0.0257234726688103,0.0160771704180064,36055.0593,0.0514469453376206,0.135048231511254,15.53348694,0.0546623794212219,19.46795574,0.0482315112540193,9.48247737884521,0.0289389067524116,0.0032154340836012,0.090032154340836,13.34455882,0.0836012861736334,0.0482315112540193,0.0160771704180064,311,19.75852033,-8.367,12,-0.542919531,1.0
pdb6h21.ent,-7.18,11,321.87,20,617.435,12.52019331,18.821,0.06,-5.898921529,0.0580645161290323,42.43589744,154682644.9,0.0516129032258065,13.99747307,0.0645161290322581,0.0645161290322581,0.0,0.0290322580645161,0.109677419354839,0.0419354838709677,0.0870967741935484,-0.568387096774194,0.0258064516129032,0.0161290322580645,35980.9808,0.0483870967741936,0.138709677419355,15.53348694,0.0548387096774194,19.46795574,0.0483870967741936,9.47319393157959,0.0290322580645161,0.0032258064516129,0.0903225806451613,13.34455882,0.0838709677419355,0.0483870967741936,0.0161290322580645,310,19.75852033,-8.367,12,-0.542919531,1.0
pdb6h21.ent,-7.17,11,321.87,20,617.435,12.52019331,19.3220063694267,0.06,-5.898921529,0.0573248407643312,42.43589744,154682644.9,0.054140127388535,13.99747307,0.0700636942675159,0.0636942675159236,0.0,0.0286624203821656,0.111464968152866,0.0414012738853503,0.0859872611464968,-0.53375796178344,0.0254777070063694,0.0159235668789809,36374.3718,0.0509554140127389,0.133757961783439,15.53348694,0.054140127388535,19.46795574,0.0509554140127389,9.44102420806885,0.0286624203821656,0.0031847133757961,0.089171974522293,13.34455882,0.0828025477707006,0.0477707006369427,0.0159235668789809,314,19.75852033,-8.367,12,-0.542919531,1.0
pdb6h21.ent,-7.32,11,321.87,20,617.435,12.52019331,20.9642721518987,0.06,-5.898921529,0.0569620253164557,42.43589744,154682644.9,0.0537974683544304,13.99747307,0.069620253164557,0.0632911392405063,0.0,0.0284810126582278,0.107594936708861,0.0443037974683544,0.0854430379746835,-0.567088607594937,0.0253164556962025,0.0158227848101266,36568.6073,0.0506329113924051,0.136075949367089,15.53348694,0.0537974683544304,19.46795574,0.0474683544303798,9.51226177215576,0.0316455696202532,0.0031645569620253,0.0886075949367089,13.34455882,0.0822784810126582,0.0474683544303798,0.0158227848101266,316,19.75852033,-8.367,12,-0.542919531,1.0
pdb6h0b.ent,-7.42,6,230.69,14,412.225,11.41150846,47.8958349328216,0.3,-5.557601927,0.0403071017274472,39.56,181258.6831,0.0479846449136276,14.52368616,0.0595009596928983,0.0556621880998081,0.0268714011516315,0.0326295585412668,0.111324376199616,0.0633397312859885,0.09021113243762,-0.545297504798464,0.0153550863723608,0.0556621880998081,60369.8162000001,0.0499040307101727,0.0518234165067179,10.21669833,0.0767754318618042,14.15116714,0.0460652591170825,6.78381328582764,0.0767754318618042,0.0249520153550864,0.0499040307101727,6.420821623,0.0575815738963532,0.0499040307101727,0.0287907869481766,521,13.15163837,-6.12679999999999,8,-0.702921012,1.12
pdb6gx2.ent,-7.2,6,230.69,14,412.225,11.41150846,45.5892929292929,0.3,-5.557601927,0.0437710437710438,39.56,181258.6831,0.104377104377104,14.52368616,0.037037037037037,0.0471380471380471,0.0134680134680135,0.0505050505050505,0.124579124579125,0.0572390572390572,0.0942760942760943,-0.186868686868687,0.0303030303030303,0.0572390572390572,34477.4356,0.0538720538720539,0.0437710437710438,10.21669833,0.0606060606060606,14.15116714,0.0606060606060606,8.59339389801026,0.0740740740740741,0.0202020202020202,0.0235690235690236,6.420821623,0.0336700336700337,0.0606060606060606,0.0336700336700337,297,13.15163837,-6.12679999999999,8,-0.702921012,1.12
pdb6gx0.ent,-8.38,6,230.69,14,412.225,11.41150846,46.3729861111111,0.3,-5.557601927,0.0451388888888889,39.56,181258.6831,0.104166666666667,14.52368616,0.0381944444444444,0.0486111111111111,0.0138888888888889,0.0486111111111111,0.128472222222222,0.0590277777777778,0.0972222222222222,-0.13125,0.03125,0.0555555555555556,33432.2798,0.0555555555555556,0.0416666666666667,10.21669833,0.0625,14.15116714,0.0625,7.87334651947022,0.0729166666666667,0.0208333333333333,0.0173611111111111,6.420821623,0.0347222222222222,0.0590277777777778,0.03125,288,13.15163837,-6.12679999999999,8,-0.702921012,1.12
pdb6gng.ent,-6.48,4,175.34,11,332.246,9.943468443,34.5384952380952,-0.01,-4.741659148,0.0361904761904762,43.19047619,36879.82654,0.0704761904761905,19.41709776,0.0457142857142857,0.0533333333333333,0.0228571428571429,0.0285714285714286,0.102857142857143,0.0876190476190476,0.0780952380952381,-0.029142857142857,0.04,0.0647619047619048,57790.6397000001,0.0419047619047619,0.0780952380952381,10.21669833,0.0552380952380952,9.840535766,0.0514285714285714,7.90990009307861,0.0342857142857143,0.0152380952380952,0.0247619047619048,6.420821623,0.0590476190476191,0.0971428571428571,0.0152380952380952,525,13.15163837,-4.2739,8,-0.33285482,1.142857143
pdb6gng.ent,-6.27,4,175.34,11,332.246,9.943468443,34.4918441064639,-0.01,-4.741659148,0.0361216730038023,43.19047619,36879.82654,0.0703422053231939,19.41709776,0.0456273764258555,0.0532319391634981,0.0228136882129278,0.0285171102661597,0.102661596958175,0.0874524714828897,0.0779467680608365,-0.03574144486692,0.0399239543726236,0.064638783269962,57919.7537000001,0.0418250950570342,0.0779467680608365,10.21669833,0.0570342205323194,9.840535766,0.0513307984790875,7.62855434417725,0.0342205323193916,0.0152091254752852,0.0247148288973384,6.420821623,0.05893536121673,0.096958174904943,0.0152091254752852,526,13.15163837,-4.2739,8,-0.33285482,1.142857143
pdb6gnf.ent,-6.95,4,175.34,11,332.246,9.943468443,37.9172413793103,-0.01,-4.741659148,0.0383141762452107,43.19047619,36879.82654,0.0823754789272031,19.41709776,0.0478927203065134,0.053639846743295,0.0191570881226054,0.0421455938697318,0.0957854406130268,0.0727969348659004,0.0977011494252874,-0.0977011494252877,0.0325670498084291,0.0689655172413793,57808.2887,0.0517241379310345,0.078544061302682,10.21669833,0.0498084291187739,9.840535766,0.0459770114942529,6.40952854156494,0.0191570881226054,0.0114942528735632,0.0478927203065134,6.420821623,0.0498084291187739,0.0708812260536399,0.0191570881226054,522,13.15163837,-4.2739,8,-0.33285482,1.142857143
pdb6gnf.ent,-6.59,4,175.34,11,332.246,9.943468443,36.1743902439024,-0.01,-4.741659148,0.0386178861788618,43.19047619,36879.82654,0.0853658536585366,19.41709776,0.0487804878048781,0.0508130081300813,0.0203252032520325,0.0447154471544715,0.0975609756097561,0.0772357723577236,0.0995934959349593,-0.033130081300813,0.0345528455284553,0.0589430894308943,54485.5781,0.0467479674796748,0.0731707317073171,10.21669833,0.0467479674796748,9.840535766,0.0467479674796748,6.85838603973389,0.0223577235772358,0.0121951219512195,0.0487804878048781,6.420821623,0.0508130081300813,0.0731707317073171,0.0203252032520325,492,13.15163837,-4.2739,8,-0.33285482,1.142857143
pdb6gnf.ent,-6.95,4,175.34,11,332.246,9.943468443,35.3480544747081,-0.01,-4.741659148,0.0389105058365759,43.19047619,36879.82654,0.0856031128404669,19.41709776,0.0525291828793774,0.0525291828793774,0.0194552529182879,0.0428015564202335,0.0972762645914397,0.0778210116731518,0.0992217898832685,-0.0653696498054475,0.0330739299610895,0.0622568093385214,56845.2529,0.0466926070038911,0.0778210116731518,10.21669833,0.0447470817120623,9.840535766,0.0466926070038911,7.51766147613525,0.0214007782101167,0.0116731517509728,0.0486381322957198,6.420821623,0.0486381322957198,0.0700389105058366,0.0194552529182879,514,13.15163837,-4.2739,8,-0.33285482,1.142857143
pdb6gne.ent,-7.01,4,175.34,11,332.246,9.943468443,42.3939350912779,-0.01,-4.741659148,0.0385395537525355,43.19047619,36879.82654,0.0588235294117647,19.41709776,0.0689655172413793,0.0628803245436106,0.0141987829614604,0.050709939148073,0.109533468559838,0.0791075050709939,0.0912778904665314,-0.321298174442191,0.0141987829614604,0.0425963488843813,55683.5437000001,0.0466531440162272,0.0567951318458418,10.21669833,0.0547667342799189,9.840535766,0.0567951318458418,6.65302677154541,0.0547667342799189,0.0141987829614604,0.0304259634888438,6.420821623,0.0608519269776876,0.0669371196754564,0.0365111561866126,493,13.15163837,-4.2739,8,-0.33285482,1.142857143
pdb6gne.ent,-7.07,4,175.34,11,332.246,9.943468443,42.3283603238866,-0.01,-4.741659148,0.0384615384615385,43.19047619,36879.82654,0.0587044534412955,19.41709776,0.0688259109311741,0.062753036437247,0.01417004048583,0.0506072874493927,0.109311740890688,0.0789473684210526,0.0910931174089069,-0.317004048582996,0.01417004048583,0.0425101214574899,55754.6216000001,0.0465587044534413,0.0566801619433198,10.21669833,0.0546558704453441,9.840535766,0.0566801619433198,6.65302677154541,0.0546558704453441,0.01417004048583,0.0303643724696356,6.420821623,0.0607287449392713,0.0688259109311741,0.0364372469635627,494,13.15163837,-4.2739,8,-0.33285482,1.142857143
pdb6fsn.ent,-8.35,9,309.84,19,574.366,12.21890479,34.3963768115942,0.1,-5.886253981,0.0507246376811594,44.05555556,41785932.71,0.0507246376811594,14.5802533,0.0398550724637681,0.0688405797101449,0.0144927536231884,0.0434782608695652,0.13768115942029,0.0326086956521739,0.0942028985507246,-0.443115942028986,0.0398550724637681,0.0543478260869565,32840.2315,0.0434782608695652,0.0543478260869565,10.21669833,0.072463768115942,18.6749143,0.0507246376811594,5.83249912261963,0.0615942028985507,0.036231884057971,0.0326086956521739,6.420821623,0.0507246376811594,0.072463768115942,0.036231884057971,276,19.75852033,-8.30259999999999,11,-1.772023168,0.861111111
pdb6ejj.ent,-6.86,6,230.69,14,412.225,11.41150846,27.3511388888889,0.3,-5.557601927,0.0333333333333333,39.56,181258.6831,0.075,14.52368616,0.0666666666666667,0.05,0.025,0.0111111111111111,0.105555555555556,0.0388888888888889,0.127777777777778,-0.0766666666666666,0.0111111111111111,0.0194444444444444,41367.6823,0.0277777777777778,0.105555555555556,10.21669833,0.0861111111111111,14.15116714,0.0666666666666667,8.40591983795166,0.0416666666666667,0.0055555555555555,0.0583333333333333,6.420821623,0.0666666666666667,0.0611111111111111,0.0222222222222222,360,13.15163837,-6.12679999999999,8,-0.702921012,1.12
pdb6ejj.ent,-6.81,6,230.69,14,412.225,11.41150846,27.3511388888889,0.3,-5.557601927,0.0333333333333333,39.56,181258.6831,0.075,14.52368616,0.0666666666666667,0.05,0.025,0.0111111111111111,0.105555555555556,0.0388888888888889,0.127777777777778,-0.0766666666666666,0.0111111111111111,0.0194444444444444,41367.6823,0.0277777777777778,0.105555555555556,10.21669833,0.0861111111111111,14.15116714,0.0666666666666667,8.40591983795166,0.0416666666666667,0.0055555555555555,0.0583333333333333,6.420821623,0.0666666666666667,0.0611111111111111,0.0222222222222222,360,13.15163837,-6.12679999999999,8,-0.702921012,1.12
pdb6ej7.ent,-7.8,8,289.61,18,544.34,12.13839939,40.0969121813032,0.14,-5.76226746,0.0382436260623229,43.73529412,16666464.2,0.0651558073654391,9.473725908,0.0609065155807365,0.0580736543909348,0.0198300283286119,0.0396600566572238,0.11614730878187,0.0580736543909348,0.0949008498583569,-0.379603399433427,0.0254957507082153,0.0609065155807365,81057.6710000003,0.056657223796034,0.0495750708215298,10.21669833,0.046742209631728,18.6749143,0.0509915014164306,8.65960292816162,0.0665722379603399,0.0269121813031161,0.0439093484419263,6.420821623,0.0382436260623229,0.0651558073654391,0.0339943342776204,706,19.75852033,-7.66349999999999,10,-1.42053885,0.941176471
pdb6egs.ent,-8.25,11,321.87,20,617.435,12.52019331,45.8931380753138,0.06,-5.898921529,0.0292887029288703,42.43589744,154682644.9,0.0857740585774059,13.99747307,0.0543933054393305,0.0648535564853557,0.0251046025104602,0.0460251046025105,0.0920502092050209,0.0690376569037657,0.0878661087866109,-0.460460251046025,0.0230125523012552,0.0460251046025105,54581.6237,0.0334728033472803,0.0585774058577406,15.53348694,0.0648535564853557,19.46795574,0.0376569037656904,7.97333698272705,0.0753138075313808,0.0251046025104602,0.0460251046025105,13.34455882,0.0376569037656904,0.0648535564853557,0.0251046025104602,478,19.75852033,-8.367,12,-0.542919531,1.0
pdb6egs.ent,-8.34,11,321.87,20,617.435,12.52019331,44.0811991434689,0.06,-5.898921529,0.0278372591006424,42.43589744,154682644.9,0.0877944325481799,13.99747307,0.0556745182012848,0.0663811563169165,0.0256959314775161,0.0428265524625268,0.0899357601713062,0.0685224839400428,0.0899357601713062,-0.438972162740899,0.0235546038543897,0.0428265524625268,53311.2318,0.0321199143468951,0.0578158458244111,15.53348694,0.0642398286937901,19.46795574,0.0364025695931477,7.97552890777588,0.0770877944325482,0.0256959314775161,0.0492505353319058,13.34455882,0.0385438972162741,0.0642398286937901,0.0235546038543897,467,19.75852033,-8.367,12,-0.542919531,1.0
pdb6e4q.ent,-7.01,6,230.69,14,412.225,11.41150846,44.4451485148515,0.3,-5.557601927,0.0455445544554455,39.56,181258.6831,0.0554455445544554,14.52368616,0.0673267326732673,0.0752475247524752,0.0277227722772277,0.0257425742574257,0.104950495049505,0.0871287128712871,0.0891089108910891,-0.632475247524752,0.0158415841584158,0.0435643564356436,57828.6949000001,0.0455445544554455,0.0693069306930693,10.21669833,0.0594059405940594,14.15116714,0.0297029702970297,7.64498081207275,0.0673267326732673,0.0297029702970297,0.0396039603960396,6.420821623,0.0455445544554455,0.0435643564356436,0.0376237623762376,505,13.15163837,-6.12679999999999,8,-0.702921012,1.12
pdb6e4q.ent,-6.9,6,230.69,14,412.225,11.41150846,44.3367793240557,0.3,-5.557601927,0.0457256461232604,39.56,181258.6831,0.0556660039761431,14.52368616,0.0675944333996024,0.0755467196819085,0.0278330019880716,0.025844930417495,0.10337972166998,0.0874751491053678,0.0894632206759443,-0.624254473161034,0.0159045725646123,0.0437375745526839,57486.2993,0.0457256461232604,0.0695825049701789,10.21669833,0.0596421471172962,14.15116714,0.0298210735586481,7.34498462677002,0.0656063618290259,0.0278330019880716,0.0397614314115308,6.420821623,0.0457256461232604,0.0437375745526839,0.0377733598409543,503,13.15163837,-6.12679999999999,8,-0.702921012,1.12
pdb6e4q.ent,-6.88,6,230.69,14,412.225,11.41150846,44.3367793240557,0.3,-5.557601927,0.0457256461232604,39.56,181258.6831,0.0556660039761431,14.52368616,0.0675944333996024,0.0755467196819085,0.0278330019880716,0.025844930417495,0.10337972166998,0.0874751491053678,0.0894632206759443,-0.624254473161034,0.0159045725646123,0.0437375745526839,57486.2993,0.0457256461232604,0.0695825049701789,10.21669833,0.0596421471172962,14.15116714,0.0298210735586481,7.34498462677002,0.0656063618290259,0.0278330019880716,0.0397614314115308,6.420821623,0.0457256461232604,0.0437375745526839,0.0377733598409543,503,13.15163837,-6.12679999999999,8,-0.702921012,1.12
pdb6e4q.ent,-6.98,6,230.69,14,412.225,11.41150846,44.4051792828685,0.3,-5.557601927,0.0458167330677291,39.56,181258.6831,0.0557768924302789,14.52368616,0.0677290836653386,0.0756972111553785,0.0278884462151394,0.0258964143426295,0.103585657370518,0.0876494023904383,0.0896414342629482,-0.617729083665339,0.0159362549800797,0.0438247011952191,57358.1270000001,0.0458167330677291,0.0677290836653386,10.21669833,0.0597609561752988,14.15116714,0.0298804780876494,7.07846660614014,0.0657370517928287,0.0278884462151394,0.0398406374501992,6.420821623,0.0458167330677291,0.0438247011952191,0.0378486055776892,502,13.15163837,-6.12679999999999,8,-0.702921012,1.12
pdb6dfe.ent,-7.94,10,287.17,18,590.544,12.61155641,44.8211663066954,-0.29,-5.083227284,0.0280777537796976,45.71794872,344740619.7,0.0971922246220302,29.3614151,0.0431965442764579,0.0691144708423326,0.0021598272138228,0.0388768898488121,0.0863930885529158,0.0734341252699784,0.116630669546436,-0.188984881209504,0.0129589632829374,0.0539956803455724,52223.0295000001,0.0367170626349892,0.0172786177105832,20.85027554,0.0561555075593952,15.95036581,0.0388768898488121,7.88682041168213,0.110151187904968,0.019438444924406,0.0280777537796976,13.34455882,0.041036717062635,0.0950323974082074,0.0215982721382289,463,26.55114631,-7.79680000000001,12,0.741558615,1.025641026
pdb6dfe.ent,-7.9,10,287.17,18,590.544,12.61155641,44.8211663066954,-0.29,-5.083227284,0.0280777537796976,45.71794872,344740619.7,0.0971922246220302,29.3614151,0.0431965442764579,0.0691144708423326,0.0021598272138228,0.0388768898488121,0.0863930885529158,0.0734341252699784,0.116630669546436,-0.188984881209504,0.0129589632829374,0.0539956803455724,52223.0295000001,0.0367170626349892,0.0172786177105832,20.85027554,0.0561555075593952,15.95036581,0.0388768898488121,7.88682041168213,0.110151187904968,0.019438444924406,0.0280777537796976,13.34455882,0.041036717062635,0.0950323974082074,0.0215982721382289,463,26.55114631,-7.79680000000001,12,0.741558615,1.025641026
pdb6apl.ent,-6.56,4,183.96,11,330.254,10.67352235,30.4121453287197,-0.01,-4.975130222,0.0449826989619377,43.19047619,36879.82654,0.0484429065743945,20.25735364,0.0795847750865052,0.0519031141868512,0.013840830449827,0.0346020761245675,0.124567474048443,0.0795847750865052,0.134948096885813,-0.132871972318339,0.0,0.055363321799308,32543.8989,0.041522491349481,0.0519031141868512,10.21669833,0.0242214532871972,9.840535766,0.0588235294117647,9.35824680328369,0.055363321799308,0.0207612456747405,0.0380622837370242,6.420821623,0.0519031141868512,0.069204152249135,0.0449826989619377,289,13.15163837,-4.93949999999999,7,-0.258009141,1.333333333
pdb6apl.ent,-6.52,4,183.96,11,330.254,10.67352235,29.8590169491525,-0.01,-4.975130222,0.0474576271186441,43.19047619,36879.82654,0.0474576271186441,20.25735364,0.0779661016949153,0.0542372881355932,0.0135593220338983,0.0338983050847458,0.125423728813559,0.0779661016949153,0.132203389830508,-0.176949152542373,0.0,0.0576271186440678,33271.6205,0.0440677966101695,0.0508474576271187,10.21669833,0.023728813559322,9.840535766,0.0576271186440678,9.25535526275635,0.0542372881355932,0.0203389830508475,0.0406779661016949,6.420821623,0.0508474576271187,0.0677966101694915,0.0474576271186441,295,13.15163837,-4.93949999999999,7,-0.258009141,1.333333333
pdb6apl.ent,-6.84,4,183.96,11,330.254,10.67352235,29.5618604651163,-0.01,-4.975130222,0.0465116279069768,43.19047619,36879.82654,0.0465116279069768,20.25735364,0.0764119601328904,0.053156146179402,0.0132890365448505,0.0332225913621262,0.129568106312292,0.079734219269103,0.132890365448505,-0.130897009966777,0.0,0.0564784053156146,33950.4385,0.0465116279069768,0.0498338870431894,10.21669833,0.0232558139534884,9.840535766,0.0631229235880399,9.25535526275635,0.053156146179402,0.0199335548172757,0.0398671096345515,6.420821623,0.053156146179402,0.0664451827242525,0.0465116279069768,301,13.15163837,-4.93949999999999,7,-0.258009141,1.333333333
pdb6apl.ent,-6.82,4,183.96,11,330.254,10.67352235,28.922962962963,-0.01,-4.975130222,0.0471380471380471,43.19047619,36879.82654,0.0471380471380471,20.25735364,0.0774410774410774,0.0538720538720539,0.0134680134680135,0.0336700336700337,0.131313131313131,0.0808080808080808,0.134680134680135,-0.106397306397306,0.0,0.0505050505050505,33526.9319,0.0437710437710438,0.0471380471380471,10.21669833,0.0235690235690236,9.840535766,0.063973063973064,9.17128849029541,0.0538720538720539,0.0202020202020202,0.0404040404040404,6.420821623,0.0538720538720539,0.0673400673400673,0.0471380471380471,297,13.15163837,-4.93949999999999,7,-0.258009141,1.333333333
pdb6apl.ent,-6.6,4,183.96,11,330.254,10.67352235,28.5199644128114,-0.01,-4.975130222,0.0462633451957295,43.19047619,36879.82654,0.0498220640569395,20.25735364,0.0818505338078292,0.0569395017793594,0.0142348754448399,0.0355871886120996,0.128113879003559,0.0818505338078292,0.138790035587189,-0.0871886120996441,0.0,0.0462633451957295,31669.7709,0.0427046263345196,0.0427046263345196,10.21669833,0.0213523131672598,9.840535766,0.0604982206405694,8.96531200408936,0.0533807829181495,0.0213523131672598,0.0427046263345196,6.420821623,0.0533807829181495,0.0640569395017794,0.0462633451957295,281,13.15163837,-4.93949999999999,7,-0.258009141,1.333333333
pdb6apl.ent,-6.62,4,183.96,11,330.254,10.67352235,27.9495017793594,-0.01,-4.975130222,0.0462633451957295,43.19047619,36879.82654,0.0498220640569395,20.25735364,0.0818505338078292,0.0569395017793594,0.0106761565836299,0.0355871886120996,0.128113879003559,0.0818505338078292,0.135231316725979,-0.09644128113879,0.0,0.0498220640569395,31558.5564,0.0462633451957295,0.0427046263345196,10.21669833,0.0249110320284697,9.840535766,0.0604982206405694,8.6721097946167,0.0498220640569395,0.0213523131672598,0.0427046263345196,6.420821623,0.0533807829181495,0.0676156583629893,0.0427046263345196,281,13.15163837,-4.93949999999999,7,-0.258009141,1.333333333
pdb5zfk.ent,-6.91,6,230.69,14,412.225,11.41150846,38.2251428571428,0.3,-5.557601927,0.0228571428571429,39.56,181258.6831,0.06,14.52368616,0.0571428571428571,0.0428571428571429,0.0142857142857143,0.0714285714285714,0.0857142857142857,0.0942857142857143,0.134285714285714,0.0174285714285715,0.0,0.0714285714285714,37663.3516,0.0428571428571429,0.0142857142857143,10.21669833,0.0514285714285714,14.15116714,0.0371428571428571,5.29718952178955,0.0571428571428571,0.0257142857142857,0.0171428571428571,6.420821623,0.0371428571428571,0.131428571428571,0.0171428571428571,350,13.15163837,-6.12679999999999,8,-0.702921012,1.12
pdb5y7f.ent,-7.45,6,230.69,14,412.225,11.41150846,32.647859922179,0.3,-5.557601927,0.0466926070038911,39.56,181258.6831,0.0544747081712062,14.52368616,0.0466926070038911,0.0700389105058366,0.0155642023346304,0.0428015564202335,0.140077821011673,0.0428015564202335,0.116731517509728,-0.476653696498055,0.0,0.0505836575875486,30438.3251,0.0389105058365759,0.066147859922179,10.21669833,0.066147859922179,14.15116714,0.0544747081712062,7.25614528656006,0.0700389105058366,0.0389105058365759,0.0350194552529183,6.420821623,0.0505836575875486,0.0622568093385214,0.0311284046692607,257,13.15163837,-6.12679999999999,8,-0.702921012,1.12
pdb5wxk.ent,-7.48,6,210.46,13,410.253,11.43547108,49.3778933333333,0.34,-5.502394355,0.0186666666666667,39.56,184442.8721,0.0693333333333333,14.52368616,0.056,0.0773333333333333,0.0213333333333333,0.0586666666666667,0.114666666666667,0.0533333333333333,0.106666666666667,-0.329333333333334,0.0133333333333333,0.056,43293.5320000001,0.032,0.0346666666666667,10.21669833,0.0613333333333333,14.15116714,0.0506666666666667,5.4175745010376,0.0613333333333333,0.0453333333333333,0.024,13.34455882,0.04,0.0773333333333333,0.0426666666666667,375,13.15163837,-4.85159999999999,7,1.35986321,1.24
pdb5wxi.ent,-8.39,8,269.38,17,556.395,12.22669457,48.8407671957672,0.18,-5.736658654,0.0185185185185185,44.97142857,24934343.45,0.0687830687830688,13.99747307,0.0555555555555556,0.0767195767195767,0.0211640211640212,0.0608465608465608,0.113756613756614,0.0529100529100529,0.105820105820106,-0.347089947089947,0.0132275132275132,0.0555555555555556,43636.8677000001,0.0343915343915344,0.0343915343915344,10.21669833,0.0608465608465608,14.15116714,0.0502645502645503,5.41700611114502,0.0608465608465608,0.044973544973545,0.0264550264550265,20.26829602,0.0396825396825397,0.0767195767195767,0.0423280423280423,378,13.15163837,-5.99979999999999,9,2.481787978,0.971428571
pdb5wxi.ent,-8.39,8,269.38,17,556.395,12.22669457,49.70696,0.18,-5.736658654,0.0186666666666667,44.97142857,24934343.45,0.0693333333333333,13.99747307,0.056,0.0773333333333333,0.0213333333333333,0.0586666666666667,0.114666666666667,0.0506666666666667,0.106666666666667,-0.330133333333334,0.0133333333333333,0.056,43337.5846000001,0.0346666666666667,0.0346666666666667,10.21669833,0.0613333333333333,14.15116714,0.0506666666666667,5.41484622955322,0.0613333333333333,0.0453333333333333,0.024,20.26829602,0.04,0.0773333333333333,0.0426666666666667,375,13.15163837,-5.99979999999999,9,2.481787978,0.971428571
pdb5w8x.ent,-6.98,6,230.69,14,412.225,11.41150846,38.4093169398907,0.3,-5.557601927,0.0191256830601093,39.56,181258.6831,0.0683060109289618,14.52368616,0.040983606557377,0.0546448087431694,0.0191256830601093,0.0327868852459016,0.0683060109289617,0.0601092896174863,0.128415300546448,-0.0775956284153006,0.0273224043715847,0.0546448087431694,40532.5555,0.0382513661202186,0.0573770491803279,10.21669833,0.0710382513661202,14.15116714,0.0382513661202186,6.87259578704834,0.0655737704918033,0.0109289617486339,0.0245901639344262,6.420821623,0.0382513661202186,0.122950819672131,0.0273224043715847,366,13.15163837,-6.12679999999999,8,-0.702921012,1.12
pdb5vcm.ent,-7.02,6,230.69,14,412.225,11.41150846,53.388660968661,0.3,-5.557601927,0.0484330484330484,39.56,181258.6831,0.0626780626780627,14.52368616,0.056980056980057,0.0626780626780627,0.0313390313390313,0.0484330484330484,0.13960113960114,0.0398860398860399,0.113960113960114,-0.368660968660969,0.0113960113960114,0.0541310541310541,41372.9142,0.0484330484330484,0.0598290598290598,10.21669833,0.0484330484330484,14.15116714,0.056980056980057,7.99261302947998,0.056980056980057,0.0341880341880342,0.0484330484330484,6.420821623,0.0427350427350427,0.0427350427350427,0.0313390313390313,351,13.15163837,-6.12679999999999,8,-0.702921012,1.12
pdb5v4a.ent,-7.43,6,230.69,14,412.225,11.41150846,37.6298507462686,0.3,-5.557601927,0.0447761194029851,39.56,181258.6831,0.0597014925373134,14.52368616,0.082089552238806,0.0858208955223881,0.0111940298507463,0.0447761194029851,0.100746268656716,0.0559701492537313,0.108208955223881,-0.319776119402985,0.0223880597014925,0.0298507462686567,30673.394,0.0261194029850746,0.0522388059701493,10.21669833,0.0634328358208955,14.15116714,0.041044776119403,5.29542751312256,0.0597014925373134,0.0149253731343284,0.0335820895522388,6.420821623,0.0671641791044776,0.0671641791044776,0.0298507462686567,268,13.15163837,-6.12679999999999,8,-0.702921012,1.12
pdb5v4a.ent,-7.29,6,230.69,14,412.225,11.41150846,37.6298507462686,0.3,-5.557601927,0.0447761194029851,39.56,181258.6831,0.0597014925373134,14.52368616,0.082089552238806,0.0858208955223881,0.0111940298507463,0.0447761194029851,0.100746268656716,0.0559701492537313,0.108208955223881,-0.319776119402985,0.0223880597014925,0.0298507462686567,30673.394,0.0261194029850746,0.0522388059701493,10.21669833,0.0634328358208955,14.15116714,0.041044776119403,5.29542751312256,0.0597014925373134,0.0149253731343284,0.0335820895522388,6.420821623,0.0671641791044776,0.0671641791044776,0.0298507462686567,268,13.15163837,-6.12679999999999,8,-0.702921012,1.12
pdb5v0t.ent,-6.87,6,230.69,14,412.225,11.41150846,44.8211663066954,0.3,-5.557601927,0.0280777537796976,39.56,181258.6831,0.0971922246220302,14.52368616,0.0431965442764579,0.0691144708423326,0.0021598272138228,0.0388768898488121,0.0863930885529158,0.0734341252699784,0.116630669546436,-0.188984881209504,0.0129589632829374,0.0539956803455724,52223.0295000001,0.0367170626349892,0.0172786177105832,10.21669833,0.0561555075593952,14.15116714,0.0388768898488121,7.88682041168213,0.110151187904968,0.019438444924406,0.0280777537796976,6.420821623,0.041036717062635,0.0950323974082074,0.0215982721382289,463,13.15163837,-6.12679999999999,8,-0.702921012,1.12
pdb5v0t.ent,-6.87,6,230.69,14,412.225,11.41150846,35.0761589403973,0.3,-5.557601927,0.0375275938189845,39.56,181258.6831,0.0728476821192053,14.52368616,0.0419426048565121,0.0640176600441501,0.0044150110375275,0.0419426048565121,0.0993377483443709,0.0706401766004415,0.108167770419426,-0.169315673289183,0.0242825607064018,0.0551876379690949,50897.5419000001,0.033112582781457,0.0242825607064018,10.21669833,0.0529801324503311,14.15116714,0.0441501103752759,6.53662052154541,0.0860927152317881,0.0176600441501104,0.0309050772626932,6.420821623,0.0441501103752759,0.116997792494481,0.0286975717439294,453,13.15163837,-6.12679999999999,8,-0.702921012,1.12
pdb5v0t.ent,-6.85,6,230.69,14,412.225,11.41150846,34.641814159292,0.3,-5.557601927,0.0376106194690266,39.56,181258.6831,0.0730088495575221,14.52368616,0.0398230088495575,0.0641592920353982,0.0044247787610619,0.0420353982300885,0.0995575221238938,0.0707964601769911,0.108407079646018,-0.161946902654867,0.0243362831858407,0.0553097345132743,50852.5443000001,0.0331858407079646,0.0243362831858407,10.21669833,0.0530973451327434,14.15116714,0.0442477876106195,6.53662052154541,0.086283185840708,0.0176991150442478,0.0309734513274336,6.420821623,0.0464601769911504,0.115044247787611,0.0287610619469027,452,13.15163837,-6.12679999999999,8,-0.702921012,1.12
pdb5v0t.ent,-6.88,6,230.69,14,412.225,11.41150846,34.641814159292,0.3,-5.557601927,0.0376106194690266,39.56,181258.6831,0.0730088495575221,14.52368616,0.0398230088495575,0.0641592920353982,0.0044247787610619,0.0420353982300885,0.0995575221238938,0.0707964601769911,0.108407079646018,-0.161946902654867,0.0243362831858407,0.0553097345132743,50852.5443000001,0.0331858407079646,0.0243362831858407,10.21669833,0.0530973451327434,14.15116714,0.0442477876106195,6.53662052154541,0.086283185840708,0.0176991150442478,0.0309734513274336,6.420821623,0.0464601769911504,0.115044247787611,0.0287610619469027,452,13.15163837,-6.12679999999999,8,-0.702921012,1.12
pdb5v0t.ent,-6.95,6,230.69,14,412.225,11.41150846,35.1266958424508,0.3,-5.557601927,0.037199124726477,39.56,181258.6831,0.0722100656455142,14.52368616,0.0437636761487965,0.0634573304157549,0.0043763676148796,0.0415754923413567,0.0984682713347921,0.0722100656455142,0.107221006564551,-0.168271334792123,0.0240700218818381,0.0547045951859956,51283.9421000001,0.0328227571115974,0.0240700218818381,10.21669833,0.0547045951859956,14.15116714,0.0437636761487965,6.38645191192627,0.0853391684901532,0.0175054704595186,0.0306345733041575,6.420821623,0.0459518599562363,0.115973741794311,0.0284463894967177,457,13.15163837,-6.12679999999999,8,-0.702921012,1.12
pdb5v0t.ent,-6.96,6,230.69,14,412.225,11.41150846,34.8138461538461,0.3,-5.557601927,0.0373626373626374,39.56,181258.6831,0.0725274725274725,14.52368616,0.0395604395604396,0.0637362637362637,0.0043956043956044,0.0417582417582418,0.0989010989010989,0.0747252747252747,0.107692307692308,-0.17032967032967,0.0241758241758242,0.0549450549450549,51095.7609000001,0.032967032967033,0.0241758241758242,10.21669833,0.0549450549450549,14.15116714,0.043956043956044,6.38645191192627,0.0857142857142857,0.0175824175824176,0.0307692307692308,6.420821623,0.0461538461538462,0.114285714285714,0.0285714285714286,455,13.15163837,-6.12679999999999,8,-0.702921012,1.12
pdb5v0t.ent,-6.85,6,230.69,14,412.225,11.41150846,34.5332599118943,0.3,-5.557601927,0.0374449339207048,39.56,181258.6831,0.0726872246696035,14.52368616,0.0418502202643172,0.0638766519823789,0.0044052863436123,0.0418502202643172,0.0991189427312775,0.0704845814977974,0.107929515418502,-0.159030837004405,0.0242290748898678,0.0550660792951542,51010.6995000001,0.0330396475770925,0.0242290748898678,10.21669833,0.052863436123348,14.15116714,0.0440528634361234,6.53662052154541,0.0859030837004405,0.0176211453744493,0.0308370044052863,6.420821623,0.0462555066079295,0.116740088105727,0.0286343612334802,454,13.15163837,-6.12679999999999,8,-0.702921012,1.12
pdb5v0t.ent,-6.82,6,230.69,14,412.225,11.41150846,34.3332594235033,0.3,-5.557601927,0.0376940133037694,39.56,181258.6831,0.0731707317073171,14.52368616,0.0421286031042129,0.0643015521064302,0.0044345898004434,0.0421286031042129,0.0997782705099778,0.0687361419068736,0.108647450110865,-0.159645232815965,0.024390243902439,0.0532150776053215,50785.4551000001,0.0332594235033259,0.024390243902439,10.21669833,0.0532150776053215,14.15116714,0.0443458980044346,6.53662052154541,0.0864745011086474,0.0177383592017738,0.0310421286031042,6.420821623,0.0465631929046563,0.11529933481153,0.0288248337028825,451,13.15163837,-6.12679999999999,8,-0.702921012,1.12
pdb5uxh.ent,-7.72,8,319.46,20,599.424,12.33831391,40.7338108882522,0.06,-5.796243185,0.0401146131805158,47.73684211,149044923.1,0.0716332378223496,19.73114055,0.0744985673352436,0.0401146131805158,0.0229226361031519,0.0544412607449857,0.126074498567335,0.0544412607449857,0.0916905444126074,-0.236103151862464,0.0286532951289398,0.0802292263610315,39646.2198,0.0343839541547278,0.0601719197707736,20.85027554,0.0544412607449857,24.78474434,0.0630372492836676,8.51080989837647,0.0458452722063037,0.0229226361031519,0.0171919770773639,6.9237372,0.0257879656160458,0.0830945558739255,0.0343839541547278,349,13.27557315,-8.85370000000001,12,0.502013343,0.947368421
pdb5uxh.ent,-7.61,8,319.46,20,599.424,12.33831391,41.8314447592068,0.06,-5.796243185,0.0396600566572238,47.73684211,149044923.1,0.0708215297450425,19.73114055,0.0764872521246459,0.0424929178470255,0.0226628895184136,0.0538243626062323,0.121813031161473,0.0538243626062323,0.0906515580736544,-0.309631728045326,0.028328611898017,0.0793201133144476,40215.8378000001,0.0311614730878187,0.0651558073654391,20.85027554,0.0538243626062323,24.78474434,0.0594900849858357,8.77061748504639,0.0481586402266289,0.0226628895184136,0.0169971671388102,6.9237372,0.0254957507082153,0.0793201133144476,0.0396600566572238,353,13.27557315,-8.85370000000001,12,0.502013343,0.947368421
pdb5uw1.ent,-7.77,6,230.69,14,412.225,11.41150846,36.5457836990596,0.3,-5.557601927,0.0407523510971787,39.56,181258.6831,0.0736677115987461,14.52368616,0.0470219435736677,0.0642633228840125,0.0109717868338558,0.0313479623824451,0.108150470219436,0.061128526645768,0.100313479623824,-0.304075235109718,0.0188087774294671,0.0391849529780564,73023.2925000002,0.04858934169279,0.0532915360501567,10.21669833,0.0658307210031348,14.15116714,0.054858934169279,6.32597522735596,0.0642633228840125,0.0125391849529781,0.0501567398119122,6.420821623,0.0532915360501567,0.0721003134796238,0.0376175548589342,638,13.15163837,-6.12679999999999,8,-0.702921012,1.12
pdb5uw1.ent,-7.56,6,230.69,14,412.225,11.41150846,36.5457836990596,0.3,-5.557601927,0.0407523510971787,39.56,181258.6831,0.0736677115987461,14.52368616,0.0470219435736677,0.0642633228840125,0.0109717868338558,0.0313479623824451,0.108150470219436,0.061128526645768,0.100313479623824,-0.304075235109718,0.0188087774294671,0.0391849529780564,73023.2925000002,0.04858934169279,0.0532915360501567,10.21669833,0.0658307210031348,14.15116714,0.054858934169279,6.32597522735596,0.0642633228840125,0.0125391849529781,0.0501567398119122,6.420821623,0.0532915360501567,0.0721003134796238,0.0376175548589342,638,13.15163837,-6.12679999999999,8,-0.702921012,1.12
pdb5uw1.ent,-7.98,6,230.69,14,412.225,11.41150846,36.5457836990596,0.3,-5.557601927,0.0407523510971787,39.56,181258.6831,0.0736677115987461,14.52368616,0.0470219435736677,0.0642633228840125,0.0109717868338558,0.0313479623824451,0.108150470219436,0.061128526645768,0.100313479623824,-0.304075235109718,0.0188087774294671,0.0391849529780564,73023.2925000002,0.04858934169279,0.0532915360501567,10.21669833,0.0658307210031348,14.15116714,0.054858934169279,6.32597522735596,0.0642633228840125,0.0125391849529781,0.0501567398119122,6.420821623,0.0532915360501567,0.0721003134796238,0.0376175548589342,638,13.15163837,-6.12679999999999,8,-0.702921012,1.12
pdb5uw1.ent,-7.43,6,230.69,14,412.225,11.41150846,36.5741428571429,0.3,-5.557601927,0.0412698412698413,39.56,181258.6831,0.0746031746031746,14.52368616,0.046031746031746,0.0619047619047619,0.0111111111111111,0.0317460317460317,0.106349206349206,0.0619047619047619,0.1,-0.305555555555556,0.0190476190476191,0.0396825396825397,72018.1692000002,0.0492063492063492,0.0523809523809524,10.21669833,0.0666666666666667,14.15116714,0.053968253968254,6.39935436248779,0.0650793650793651,0.0111111111111111,0.0507936507936508,6.420821623,0.0523809523809524,0.073015873015873,0.0380952380952381,630,13.15163837,-6.12679999999999,8,-0.702921012,1.12
pdb5u6s.ent,-7.51,6,230.69,14,412.225,11.41150846,39.0263513513513,0.3,-5.557601927,0.0315315315315315,39.56,181258.6831,0.0743243243243243,14.52368616,0.0855855855855856,0.0540540540540541,0.0157657657657658,0.045045045045045,0.117117117117117,0.0540540540540541,0.0900900900900901,-0.17454954954955,0.0202702702702703,0.0495495495495496,50158.5363000001,0.0630630630630631,0.0653153153153153,10.21669833,0.0675675675675676,14.15116714,0.0653153153153153,5.14167804718017,0.027027027027027,0.0202702702702703,0.045045045045045,6.420821623,0.0563063063063063,0.0540540540540541,0.0157657657657658,444,13.15163837,-6.12679999999999,8,-0.702921012,1.12
pdb5u6s.ent,-7.59,6,230.69,14,412.225,11.41150846,39.0263513513513,0.3,-5.557601927,0.0315315315315315,39.56,181258.6831,0.0743243243243243,14.52368616,0.0855855855855856,0.0540540540540541,0.0157657657657658,0.045045045045045,0.117117117117117,0.0540540540540541,0.0900900900900901,-0.17454954954955,0.0202702702702703,0.0495495495495496,50158.5363000001,0.0630630630630631,0.0653153153153153,10.21669833,0.0675675675675676,14.15116714,0.0653153153153153,5.14167804718017,0.027027027027027,0.0202702702702703,0.045045045045045,6.420821623,0.0563063063063063,0.0540540540540541,0.0157657657657658,444,13.15163837,-6.12679999999999,8,-0.702921012,1.12
pdb5tzk.ent,-6.46,6,230.69,14,412.225,11.41150846,34.2065384615385,0.3,-5.557601927,0.0532544378698225,39.56,181258.6831,0.0739644970414201,14.52368616,0.0591715976331361,0.0710059171597633,0.0029585798816568,0.0414201183431953,0.109467455621302,0.0384615384615385,0.100591715976331,-0.388757396449705,0.0177514792899408,0.0384615384615385,38897.6135,0.0473372781065089,0.0739644970414201,10.21669833,0.0857988165680473,14.15116714,0.0532544378698225,5.03277454376221,0.0443786982248521,0.0029585798816568,0.0562130177514793,6.420821623,0.0591715976331361,0.0650887573964497,0.014792899408284,338,13.15163837,-6.12679999999999,8,-0.702921012,1.12
pdb5tzj.ent,-8.64,11,321.87,20,617.435,12.52019331,35.7564756446991,0.06,-5.898921529,0.0544412607449857,42.43589744,154682644.9,0.0716332378223496,13.99747307,0.0630372492836676,0.0687679083094556,0.0028653295128939,0.0401146131805158,0.108882521489971,0.0401146131805158,0.0974212034383954,-0.42865329512894,0.0200573065902579,0.0372492836676218,40173.9918,0.0458452722063037,0.0744985673352436,15.53348694,0.0888252148997135,19.46795574,0.0515759312320917,5.10859775543213,0.0458452722063037,0.0028653295128939,0.0544412607449857,13.34455882,0.0573065902578797,0.0659025787965616,0.0171919770773639,349,19.75852033,-8.367,12,-0.542919531,1.0
pdb5tzj.ent,-8.58,11,321.87,20,617.435,12.52019331,35.7564756446991,0.06,-5.898921529,0.0544412607449857,42.43589744,154682644.9,0.0716332378223496,13.99747307,0.0630372492836676,0.0687679083094556,0.0028653295128939,0.0401146131805158,0.108882521489971,0.0401146131805158,0.0974212034383954,-0.42865329512894,0.0200573065902579,0.0372492836676218,40173.9918,0.0458452722063037,0.0744985673352436,15.53348694,0.0888252148997135,19.46795574,0.0515759312320917,5.10859775543213,0.0458452722063037,0.0028653295128939,0.0544412607449857,13.34455882,0.0573065902578797,0.0659025787965616,0.0171919770773639,349,19.75852033,-8.367,12,-0.542919531,1.0
pdb5tze.ent,-8.7,11,321.87,20,617.435,12.52019331,35.7564756446991,0.06,-5.898921529,0.0544412607449857,42.43589744,154682644.9,0.0716332378223496,13.99747307,0.0630372492836676,0.0687679083094556,0.0028653295128939,0.0401146131805158,0.108882521489971,0.0401146131805158,0.0974212034383954,-0.42865329512894,0.0200573065902579,0.0372492836676218,40173.9918,0.0458452722063037,0.0744985673352436,15.53348694,0.0888252148997135,19.46795574,0.0515759312320917,5.10859775543213,0.0458452722063037,0.0028653295128939,0.0544412607449857,13.34455882,0.0573065902578797,0.0659025787965616,0.0171919770773639,349,19.75852033,-8.367,12,-0.542919531,1.0
pdb5tze.ent,-8.67,11,321.87,20,617.435,12.52019331,35.7564756446991,0.06,-5.898921529,0.0544412607449857,42.43589744,154682644.9,0.0716332378223496,13.99747307,0.0630372492836676,0.0687679083094556,0.0028653295128939,0.0401146131805158,0.108882521489971,0.0401146131805158,0.0974212034383954,-0.42865329512894,0.0200573065902579,0.0372492836676218,40173.9918,0.0458452722063037,0.0744985673352436,15.53348694,0.0888252148997135,19.46795574,0.0515759312320917,5.10859775543213,0.0458452722063037,0.0028653295128939,0.0544412607449857,13.34455882,0.0573065902578797,0.0659025787965616,0.0171919770773639,349,19.75852033,-8.367,12,-0.542919531,1.0
pdb5tvg.ent,-6.62,6,230.69,14,412.225,11.41150846,39.2141025641025,0.3,-5.557601927,0.0427350427350427,39.56,181258.6831,0.0833333333333333,14.52368616,0.0405982905982906,0.0726495726495727,0.0042735042735042,0.0384615384615385,0.0982905982905983,0.0769230769230769,0.0982905982905983,-0.21923076923077,0.0299145299145299,0.0512820512820513,52311.9760000001,0.0341880341880342,0.0235042735042735,10.21669833,0.0405982905982906,14.15116714,0.0405982905982906,7.94439067840576,0.0918803418803419,0.014957264957265,0.0299145299145299,6.420821623,0.0299145299145299,0.123931623931624,0.032051282051282,468,13.15163837,-6.12679999999999,8,-0.702921012,1.12
pdb5tvg.ent,-6.58,6,230.69,14,412.225,11.41150846,39.1733480176211,0.3,-5.557601927,0.0440528634361234,39.56,181258.6831,0.0859030837004405,14.52368616,0.039647577092511,0.0682819383259912,0.0044052863436123,0.0418502202643172,0.101321585903084,0.0770925110132159,0.101321585903084,-0.164977973568282,0.0308370044052863,0.0506607929515419,50776.4826000001,0.0330396475770925,0.0242290748898678,10.21669833,0.039647577092511,14.15116714,0.0418502202643172,8.87576541900635,0.092511013215859,0.0154185022026432,0.0308370044052863,6.420821623,0.0308370044052863,0.123348017621145,0.0242290748898678,454,13.15163837,-6.12679999999999,8,-0.702921012,1.12
pdb5tvg.ent,-6.59,6,230.69,14,412.225,11.41150846,39.5742358078602,0.3,-5.557601927,0.0436681222707424,39.56,181258.6831,0.0851528384279476,14.52368616,0.0393013100436681,0.0676855895196507,0.0043668122270742,0.0414847161572052,0.100436681222707,0.0786026200873363,0.100436681222707,-0.176637554585153,0.0305676855895196,0.0524017467248908,51176.9591000001,0.0327510917030568,0.0240174672489083,10.21669833,0.0393013100436681,14.15116714,0.0414847161572052,9.14382495880127,0.0960698689956332,0.0152838427947598,0.0305676855895196,6.420821623,0.0305676855895196,0.124454148471616,0.0218340611353712,458,13.15163837,-6.12679999999999,8,-0.702921012,1.12
pdb5tvg.ent,-6.67,6,230.69,14,412.225,11.41150846,39.9828947368421,0.3,-5.557601927,0.043859649122807,39.56,181258.6831,0.0833333333333333,14.52368616,0.037280701754386,0.0701754385964912,0.0043859649122807,0.0394736842105263,0.100877192982456,0.0789473684210526,0.100877192982456,-0.226535087719299,0.0307017543859649,0.0526315789473684,51214.8829000001,0.0328947368421053,0.0241228070175439,10.21669833,0.0416666666666667,14.15116714,0.0416666666666667,8.68178005218506,0.0942982456140351,0.0153508771929825,0.0307017543859649,6.420821623,0.0307017543859649,0.116228070175439,0.0307017543859649,456,13.15163837,-6.12679999999999,8,-0.702921012,1.12
pdb5tvg.ent,-6.62,6,230.69,14,412.225,11.41150846,40.8505592841163,0.3,-5.557601927,0.0447427293064877,39.56,181258.6831,0.0850111856823266,14.52368616,0.0380313199105145,0.0693512304250559,0.0044742729306487,0.0402684563758389,0.102908277404922,0.0760626398210291,0.102908277404922,-0.189038031319911,0.0313199105145414,0.0536912751677852,50236.9438000001,0.0335570469798658,0.0246085011185682,10.21669833,0.0402684563758389,14.15116714,0.0425055928411633,9.02172183990479,0.0961968680089485,0.0156599552572707,0.0313199105145414,6.420821623,0.0313199105145414,0.116331096196868,0.0223713646532438,447,13.15163837,-6.12679999999999,8,-0.702921012,1.12
pdb5tvg.ent,-6.6,6,230.69,14,412.225,11.41150846,40.1690789473684,0.3,-5.557601927,0.043859649122807,39.56,181258.6831,0.0833333333333333,14.52368616,0.037280701754386,0.0701754385964912,0.0043859649122807,0.0394736842105263,0.100877192982456,0.0767543859649123,0.100877192982456,-0.177850877192983,0.0307017543859649,0.0526315789473684,50964.6639000001,0.0328947368421053,0.0241228070175439,10.21669833,0.0416666666666667,14.15116714,0.0416666666666667,8.67011127471924,0.0942982456140351,0.0153508771929825,0.0307017543859649,6.420821623,0.0307017543859649,0.12719298245614,0.0219298245614035,456,13.15163837,-6.12679999999999,8,-0.702921012,1.12
pdb5tvg.ent,-6.54,6,230.69,14,412.225,11.41150846,39.4824601366742,0.3,-5.557601927,0.0455580865603645,39.56,181258.6831,0.0842824601366743,14.52368616,0.0364464692482916,0.0706150341685649,0.0045558086560364,0.041002277904328,0.104783599088838,0.0774487471526196,0.104783599088838,-0.203416856492027,0.0296127562642369,0.0523917995444191,49380.8992000001,0.0318906605922551,0.0250569476082005,10.21669833,0.041002277904328,14.15116714,0.0432801822323462,8.87054347991943,0.0956719817767654,0.0159453302961276,0.0318906605922551,6.420821623,0.0296127562642369,0.116173120728929,0.0227790432801822,439,13.15163837,-6.12679999999999,8,-0.702921012,1.12
pdb5tvg.ent,-6.49,6,230.69,14,412.225,11.41150846,38.989164785553,0.3,-5.557601927,0.0451467268623025,39.56,181258.6831,0.0835214446952596,14.52368616,0.0383747178329571,0.0744920993227991,0.0045146726862302,0.0406320541760722,0.103837471783296,0.0744920993227991,0.103837471783296,-0.189841986455982,0.0293453724604966,0.0519187358916479,49740.2277000001,0.0316027088036117,0.0248306997742664,10.21669833,0.0406320541760722,14.15116714,0.0428893905191874,7.77434635162354,0.0925507900677201,0.0158013544018059,0.0316027088036117,6.420821623,0.0316027088036117,0.119638826185102,0.0225733634311512,443,13.15163837,-6.12679999999999,8,-0.702921012,1.12
pdb5nv8.ent,-8.12,8,269.38,17,556.395,12.22669457,34.8620792079208,0.18,-5.736658654,0.0198019801980198,44.97142857,24934343.45,0.0693069306930693,13.99747307,0.0363036303630363,0.0759075907590759,0.0165016501650165,0.0627062706270627,0.118811881188119,0.0825082508250825,0.138613861386139,-0.0145214521452144,0.0132013201320132,0.0396039603960396,33847.1034000001,0.0264026402640264,0.0132013201320132,10.21669833,0.033003300330033,14.15116714,0.0528052805280528,5.58985347747803,0.0726072607260726,0.0462046204620462,0.0231023102310231,20.26829602,0.0132013201320132,0.138613861386139,0.0264026402640264,303,13.15163837,-5.99979999999999,9,2.481787978,0.971428571
pdb5nrd.ent,-8.68,6,230.69,14,412.225,11.41150846,48.6807042253521,0.3,-5.557601927,0.0528169014084507,39.56,181258.6831,0.0809859154929577,14.52368616,0.0352112676056338,0.0598591549295775,0.0105633802816901,0.0387323943661972,0.147887323943662,0.0492957746478873,0.0704225352112676,-0.331338028169014,0.0316901408450704,0.0457746478873239,33500.266,0.0492957746478873,0.0915492957746479,10.21669833,0.0669014084507042,14.15116714,0.0633802816901408,7.2826322555542,0.0352112676056338,0.0316901408450704,0.0352112676056338,6.420821623,0.0633802816901408,0.0528169014084507,0.0352112676056338,284,13.15163837,-6.12679999999999,8,-0.702921012,1.12
pdb5nrd.ent,-8.25,6,230.69,14,412.225,11.41150846,49.6581949458484,0.3,-5.557601927,0.0505415162454874,39.56,181258.6831,0.075812274368231,14.52368616,0.036101083032491,0.0613718411552347,0.0108303249097473,0.0397111913357401,0.148014440433213,0.0505415162454874,0.0722021660649819,-0.309747292418773,0.0324909747292419,0.0469314079422383,32611.2562,0.0505415162454874,0.0902527075812274,10.21669833,0.0649819494584837,14.15116714,0.0649819494584837,6.86821918487549,0.0324909747292419,0.0324909747292419,0.0324909747292419,6.420821623,0.0649819494584837,0.0541516245487365,0.036101083032491,277,13.15163837,-6.12679999999999,8,-0.702921012,1.12
pdb5n80.ent,-6.56,6,230.69,14,412.225,11.41150846,32.5463966480447,0.3,-5.557601927,0.0391061452513966,39.56,181258.6831,0.0614525139664804,14.52368616,0.0782122905027933,0.0502793296089386,0.0223463687150838,0.0363128491620112,0.122905027932961,0.0670391061452514,0.0642458100558659,-0.122625698324022,0.0251396648044693,0.0418994413407821,40704.5397,0.0363128491620112,0.0782122905027933,10.21669833,0.053072625698324,14.15116714,0.0642458100558659,8.62885150909424,0.0391061452513966,0.0195530726256983,0.0391061452513966,6.420821623,0.0949720670391061,0.0614525139664804,0.0279329608938547,358,13.15163837,-6.12679999999999,8,-0.702921012,1.12
pdb5mm1.ent,-5.72,6,260.54,16,453.282,11.54709042,23.7618786127168,0.22,-5.561978886,0.0317919075144509,43.89285714,1122914.608,0.104046242774566,20.25735364,0.0606936416184971,0.0404624277456647,0.0,0.0086705202312138,0.115606936416185,0.0751445086705202,0.0953757225433526,0.230635838150289,0.0115606936416185,0.0375722543352601,39370.8435,0.023121387283237,0.0809248554913295,20.85027554,0.0664739884393064,24.78474434,0.0606936416184971,9.47435436248779,0.0549132947976879,0.023121387283237,0.0433526011560694,0.0,0.11849710982659,0.0491329479768786,0.0144508670520231,346,13.27557315,-7.70549999999999,10,-0.628557901,1.142857143
pdb5mm0.ent,-7.38,9,339.69,21,615.423,12.35448675,24.7417183098592,0.02,-5.89063094,0.0309859154929577,46.82051282,253378350.3,0.101408450704225,15.20739338,0.0619718309859155,0.0394366197183099,0.0,0.0112676056338028,0.115492957746479,0.076056338028169,0.0929577464788732,0.194647887323944,0.0140845070422535,0.0366197183098592,40434.0344,0.0225352112676056,0.0788732394366197,20.85027554,0.0676056338028169,29.30849151,0.0619718309859155,9.53405208587646,0.0591549295774648,0.0225352112676056,0.0422535211267606,0.0,0.115492957746479,0.0507042253521127,0.0140845070422535,355,19.88245512,-9.88130000000001,13,-1.693562908,0.897435897
pdb5mlz.ent,-5.97,6,260.54,16,453.282,11.54709042,24.7417183098592,0.22,-5.561978886,0.0309859154929577,43.89285714,1122914.608,0.101408450704225,20.25735364,0.0619718309859155,0.0394366197183099,0.0,0.0112676056338028,0.115492957746479,0.076056338028169,0.0929577464788732,0.194647887323944,0.0140845070422535,0.0366197183098592,40434.0344,0.0225352112676056,0.0788732394366197,20.85027554,0.0676056338028169,24.78474434,0.0619718309859155,9.53405208587646,0.0591549295774648,0.0225352112676056,0.0422535211267606,0.0,0.115492957746479,0.0507042253521127,0.0140845070422535,355,13.27557315,-7.70549999999999,10,-0.628557901,1.142857143
pdb5m7d.ent,-8.78,6,230.69,14,412.225,11.41150846,45.8068243243243,0.3,-5.557601927,0.0439189189189189,39.56,181258.6831,0.10472972972973,14.52368616,0.0371621621621622,0.0472972972972973,0.0135135135135135,0.0506756756756757,0.125,0.0574324324324324,0.0945945945945946,-0.182094594594595,0.0304054054054054,0.0540540540540541,34380.3204,0.0540540540540541,0.0439189189189189,10.21669833,0.0608108108108108,14.15116714,0.0608108108108108,8.59339389801026,0.0743243243243243,0.0202702702702703,0.0236486486486486,6.420821623,0.0337837837837838,0.0608108108108108,0.0337837837837838,296,13.15163837,-6.12679999999999,8,-0.702921012,1.12
pdb5m79.ent,-6.94,4,178.17,11,331.238,10.65963346,46.3324914675768,-0.01,-4.991659148,0.0443686006825939,43.19047619,36879.82654,0.10580204778157,14.52368616,0.037542662116041,0.0477815699658703,0.0136518771331058,0.0511945392491468,0.126279863481229,0.0546075085324232,0.0955631399317406,-0.197610921501707,0.0307167235494881,0.0580204778156997,34107.0348,0.0546075085324232,0.0443686006825939,10.21669833,0.0580204778156997,9.840535766,0.0614334470989761,8.79285907745361,0.0750853242320819,0.0204778156996587,0.0238907849829352,6.420821623,0.0307167235494881,0.0580204778156997,0.0341296928327645,293,13.15163837,-4.90589999999999,7,-0.407700499,1.238095238
pdb5ky3.ent,-7.8,8,319.46,20,599.424,12.33831391,40.0446327683616,0.06,-5.796243185,0.0395480225988701,47.73684211,149044923.1,0.0677966101694915,19.73114055,0.076271186440678,0.0423728813559322,0.0225988700564972,0.0480225988700565,0.124293785310734,0.0508474576271187,0.0903954802259887,-0.25225988700565,0.0282485875706215,0.0677966101694915,40348.8111000001,0.0395480225988701,0.0536723163841808,20.85027554,0.0564971751412429,24.78474434,0.0621468926553672,8.11168613433838,0.0508474576271187,0.0225988700564972,0.0254237288135593,6.9237372,0.0310734463276836,0.0847457627118644,0.0395480225988701,354,13.27557315,-8.85370000000001,12,0.502013343,0.947368421
pdb5kxq.ent,-6.07,6,260.54,16,453.282,11.54709042,38.6617737003058,0.22,-5.561978886,0.0397553516819572,43.89285714,1122914.608,0.073394495412844,20.25735364,0.073394495412844,0.0397553516819572,0.0244648318042813,0.0489296636085627,0.125382262996942,0.0489296636085627,0.0978593272171254,-0.178593272171254,0.0275229357798165,0.0642201834862385,37394.6166000001,0.0336391437308868,0.0519877675840979,20.85027554,0.0611620795107034,24.78474434,0.0611620795107034,7.61349201202393,0.0519877675840979,0.0244648318042813,0.0275229357798165,0.0,0.0336391437308868,0.0825688073394496,0.0336391437308868,327,13.27557315,-7.70549999999999,10,-0.628557901,1.142857143
pdb5kxq.ent,-6.08,6,260.54,16,453.282,11.54709042,39.4790769230769,0.22,-5.561978886,0.04,43.89285714,1122914.608,0.0738461538461539,20.25735364,0.0738461538461539,0.0369230769230769,0.0246153846153846,0.0492307692307692,0.126153846153846,0.0492307692307692,0.0953846153846154,-0.163076923076923,0.0276923076923077,0.0646153846153846,37109.2772000001,0.0338461538461538,0.0492307692307692,20.85027554,0.0615384615384615,24.78474434,0.0615384615384615,7.61553821563721,0.0523076923076923,0.0246153846153846,0.0276923076923077,0.0,0.0338461538461538,0.0861538461538462,0.0338461538461538,325,13.27557315,-7.70549999999999,10,-0.628557901,1.142857143
pdb5kxq.ent,-6.15,6,260.54,16,453.282,11.54709042,40.6399380804954,0.22,-5.561978886,0.0402476780185759,43.89285714,1122914.608,0.0743034055727554,20.25735364,0.0743034055727554,0.0371517027863777,0.0247678018575851,0.0495356037151703,0.126934984520124,0.0495356037151703,0.0959752321981424,-0.175232198142415,0.0278637770897833,0.065015479876161,36967.1214000001,0.0340557275541796,0.0495356037151703,20.85027554,0.0619195046439628,24.78474434,0.0619195046439628,7.61553821563721,0.0526315789473684,0.0247678018575851,0.0278637770897833,0.0,0.0340557275541796,0.0804953560371517,0.0340557275541796,323,13.27557315,-7.70549999999999,10,-0.628557901,1.142857143
pdb5kxq.ent,-6.01,6,260.54,16,453.282,11.54709042,38.8381538461539,0.22,-5.561978886,0.0430769230769231,43.89285714,1122914.608,0.0738461538461539,20.25735364,0.0738461538461539,0.04,0.0246153846153846,0.0492307692307692,0.129230769230769,0.0492307692307692,0.0953846153846154,-0.189230769230769,0.0246153846153846,0.0646153846153846,37185.2639000001,0.0338461538461538,0.0492307692307692,20.85027554,0.0615384615384615,24.78474434,0.0615384615384615,7.13865909576416,0.0523076923076923,0.0246153846153846,0.0276923076923077,0.0,0.0338461538461538,0.0830769230769231,0.0338461538461538,325,13.27557315,-7.70549999999999,10,-0.628557901,1.142857143
pdb5k41.ent,-7.88,9,345.35,21,613.407,12.20337564,44.8211663066954,0.02,-6.20313094,0.0280777537796976,46.82051282,253378350.3,0.0971922246220302,20.31392078,0.0431965442764579,0.0691144708423326,0.0021598272138228,0.0388768898488121,0.0863930885529158,0.0734341252699784,0.116630669546436,-0.188984881209504,0.0129589632829374,0.0539956803455724,52223.0295000001,0.0367170626349892,0.0172786177105832,20.85027554,0.0561555075593952,29.30849151,0.0388768898488121,7.88682041168213,0.110151187904968,0.019438444924406,0.0280777537796976,0.0,0.041036717062635,0.0950323974082074,0.0215982721382289,463,19.88245512,-11.1453,11,-1.83720467,0.871794872
pdb5k41.ent,-7.82,9,319.46,20,599.424,12.34616489,44.8211663066954,0.06,-5.860394527,0.0280777537796976,45.76315789,182194169.6,0.0971922246220302,19.73114055,0.0431965442764579,0.0691144708423326,0.0021598272138228,0.0388768898488121,0.0863930885529158,0.0734341252699784,0.116630669546436,-0.188984881209504,0.0129589632829374,0.0539956803455724,52223.0295000001,0.0367170626349892,0.0172786177105832,20.85027554,0.0561555075593952,24.78474434,0.0388768898488121,7.88682041168213,0.110151187904968,0.019438444924406,0.0280777537796976,0.0,0.041036717062635,0.0950323974082074,0.0215982721382289,463,26.55114631,-9.19970000000001,12,-1.111740621,0.894736842
pdb5jud.ent,-6.81,6,230.69,14,412.225,11.41150846,34.6087003610108,0.3,-5.557601927,0.0144404332129964,39.56,181258.6831,0.0938628158844765,14.52368616,0.0685920577617329,0.0577617328519856,0.0072202166064982,0.0216606498194946,0.0541516245487365,0.0866425992779783,0.140794223826715,0.18086642599278,0.0108303249097473,0.075812274368231,29917.1471,0.0577617328519856,0.0144404332129964,10.21669833,0.0613718411552347,14.15116714,0.0216606498194946,5.0978551864624,0.075812274368231,0.0180505415162455,0.0144404332129964,6.420821623,0.0613718411552347,0.0830324909747292,0.0144404332129964,277,13.15163837,-6.12679999999999,8,-0.702921012,1.12
pdb5jio.ent,-6.37,4,175.34,11,332.246,9.943468443,44.5229122055674,-0.01,-4.741659148,0.0278372591006424,43.19047619,36879.82654,0.0963597430406852,19.41709776,0.0428265524625268,0.0685224839400428,0.0021413276231263,0.0385438972162741,0.0856531049250535,0.0728051391862955,0.115631691648822,-0.207494646680943,0.012847965738758,0.0535331905781585,52710.5370000001,0.0406852248394004,0.0171306209850107,10.21669833,0.0578158458244111,9.840535766,0.0385438972162741,7.88714275360107,0.11134903640257,0.019271948608137,0.0278372591006424,6.420821623,0.0406852248394004,0.0942184154175589,0.0214132762312634,467,13.15163837,-4.2739,8,-0.33285482,1.142857143
pdb5hvo.ent,-6.37,6,230.69,14,412.225,11.41150846,39.5152505446623,0.3,-5.557601927,0.0413943355119826,39.56,181258.6831,0.0806100217864924,14.52368616,0.0784313725490196,0.0501089324618736,0.008714596949891,0.0348583877995643,0.111111111111111,0.065359477124183,0.113289760348584,-0.158823529411765,0.0174291938997821,0.0413943355119826,51981.0039000001,0.037037037037037,0.0631808278867102,10.21669833,0.0631808278867102,14.15116714,0.0522875816993464,7.80887813568115,0.0522875816993464,0.0174291938997821,0.0348583877995643,6.420821623,0.0479302832244009,0.0697167755991285,0.0305010893246187,459,13.15163837,-6.12679999999999,8,-0.702921012,1.12
pdb5hvo.ent,-6.32,6,230.69,14,412.225,11.41150846,37.0204845814978,0.3,-5.557601927,0.0418502202643172,39.56,181258.6831,0.0814977973568282,14.52368616,0.0748898678414097,0.0506607929515419,0.0088105726872246,0.0352422907488987,0.112334801762115,0.066079295154185,0.114537444933921,-0.130837004405286,0.0176211453744493,0.0418502202643172,51393.3773000001,0.0374449339207048,0.0616740088105727,10.21669833,0.0616740088105727,14.15116714,0.052863436123348,7.35510196685791,0.0506607929515419,0.0176211453744493,0.0352422907488987,6.420821623,0.0484581497797357,0.0704845814977974,0.0308370044052863,454,13.15163837,-6.12679999999999,8,-0.702921012,1.12
pdb5hvo.ent,-6.33,6,230.69,14,412.225,11.41150846,36.2187224669603,0.3,-5.557601927,0.0418502202643172,39.56,181258.6831,0.0814977973568282,14.52368616,0.0748898678414097,0.0506607929515419,0.0088105726872246,0.0352422907488987,0.112334801762115,0.066079295154185,0.114537444933921,-0.127973568281938,0.0176211453744493,0.0418502202643172,51374.3309000001,0.0374449339207048,0.0616740088105727,10.21669833,0.0616740088105727,14.15116714,0.052863436123348,7.02407169342041,0.0484581497797357,0.0176211453744493,0.0352422907488987,6.420821623,0.0484581497797357,0.0704845814977974,0.0330396475770925,454,13.15163837,-6.12679999999999,8,-0.702921012,1.12
pdb5hvo.ent,-6.42,6,230.69,14,412.225,11.41150846,36.9019736842105,0.3,-5.557601927,0.0416666666666667,39.56,181258.6831,0.081140350877193,14.52368616,0.0767543859649123,0.0504385964912281,0.0087719298245614,0.0350877192982456,0.111842105263158,0.0657894736842105,0.114035087719298,-0.139035087719298,0.0175438596491228,0.0416666666666667,51617.5939000001,0.037280701754386,0.0614035087719298,10.21669833,0.0614035087719298,14.15116714,0.0526315789473684,7.37169895172119,0.0504385964912281,0.0175438596491228,0.0350877192982456,6.420821623,0.0482456140350877,0.0701754385964912,0.0328947368421053,456,13.15163837,-6.12679999999999,8,-0.702921012,1.12
pdb5hvl.ent,-6.48,6,230.69,14,412.225,11.41150846,40.454817987152,0.3,-5.557601927,0.0428265524625268,39.56,181258.6831,0.0835117773019272,14.52368616,0.0792291220556745,0.0556745182012848,0.0107066381156317,0.0278372591006424,0.115631691648822,0.0663811563169165,0.0942184154175589,-0.149036402569593,0.012847965738758,0.0406852248394004,53159.2321,0.0364025695931477,0.0749464668094218,10.21669833,0.0728051391862955,14.15116714,0.0556745182012848,5.75349292755127,0.0342612419700214,0.0171306209850107,0.0513918629550321,6.420821623,0.0813704496788009,0.0385438972162741,0.0235546038543897,467,13.15163837,-6.12679999999999,8,-0.702921012,1.12
pdb5hvl.ent,-6.48,6,230.69,14,412.225,11.41150846,40.5201716738197,0.3,-5.557601927,0.0429184549356223,39.56,181258.6831,0.0836909871244635,14.52368616,0.0793991416309013,0.055793991416309,0.0085836909871244,0.0278969957081545,0.11587982832618,0.0665236051502146,0.0944206008583691,-0.154721030042919,0.0128755364806867,0.0407725321888412,53056.0892,0.036480686695279,0.0751072961373391,10.21669833,0.0729613733905579,14.15116714,0.055793991416309,5.75354976654053,0.0343347639484979,0.0171673819742489,0.0515021459227468,6.420821623,0.0815450643776824,0.0386266094420601,0.0236051502145923,466,13.15163837,-6.12679999999999,8,-0.702921012,1.12
pdb5huv.ent,-8.03,9,309.84,19,574.366,12.21890479,40.4243070362473,0.1,-5.886253981,0.0426439232409382,44.05555556,41785932.71,0.0831556503198294,14.5802533,0.0788912579957356,0.0554371002132196,0.0106609808102345,0.0277185501066098,0.115138592750533,0.0660980810234542,0.093816631130064,-0.163539445628998,0.0127931769722815,0.0426439232409382,53424.5933,0.0362473347547974,0.0746268656716418,10.21669833,0.0682302771855011,18.6749143,0.0554371002132196,6.17654552459717,0.0383795309168444,0.0170575692963753,0.0533049040511727,6.420821623,0.0810234541577825,0.0383795309168444,0.023454157782516,469,19.75852033,-8.30259999999999,11,-1.772023168,0.861111111
pdb5huv.ent,-7.96,9,309.84,19,574.366,12.21890479,40.6271551724138,0.1,-5.886253981,0.0431034482758621,44.05555556,41785932.71,0.084051724137931,14.5802533,0.0797413793103448,0.0538793103448276,0.0107758620689655,0.0280172413793103,0.116379310344828,0.0625,0.0926724137931035,-0.156681034482759,0.0129310344827586,0.0431034482758621,52968.1431,0.0366379310344828,0.0754310344827586,10.21669833,0.0689655172413793,18.6749143,0.0560344827586207,6.30960559844971,0.0387931034482759,0.0172413793103448,0.0517241379310345,6.420821623,0.0818965517241379,0.0387931034482759,0.0237068965517241,464,19.75852033,-8.30259999999999,11,-1.772023168,0.861111111
pdb5hut.ent,-7.99,9,309.84,19,574.366,12.21890479,40.263539445629,0.1,-5.886253981,0.0426439232409382,44.05555556,41785932.71,0.0831556503198294,14.5802533,0.0788912579957356,0.0554371002132196,0.0106609808102345,0.0277185501066098,0.115138592750533,0.0660980810234542,0.093816631130064,-0.159275053304904,0.0127931769722815,0.0426439232409382,53370.4499,0.0362473347547974,0.0746268656716418,10.21669833,0.0724946695095949,18.6749143,0.0554371002132196,5.75349292755127,0.0341151385927505,0.0170575692963753,0.0533049040511727,6.420821623,0.0810234541577825,0.0383795309168444,0.023454157782516,469,19.75852033,-8.30259999999999,11,-1.772023168,0.861111111
pdb5hut.ent,-7.7,9,309.84,19,574.366,12.21890479,40.7510775862069,0.1,-5.886253981,0.0431034482758621,44.05555556,41785932.71,0.084051724137931,14.5802533,0.0775862068965517,0.0538793103448276,0.0107758620689655,0.0280172413793103,0.116379310344828,0.0646551724137931,0.0926724137931035,-0.151508620689655,0.0129310344827586,0.0431034482758621,52883.9737,0.0366379310344828,0.0754310344827586,10.21669833,0.0732758620689655,18.6749143,0.0560344827586207,5.84847087860107,0.0344827586206897,0.0172413793103448,0.0517241379310345,6.420821623,0.0818965517241379,0.0387931034482759,0.0237068965517241,464,19.75852033,-8.30259999999999,11,-1.772023168,0.861111111
pdb5gl5.ent,-8.36,9,309.84,19,574.366,12.21890479,36.7088399071926,0.1,-5.886253981,0.0301624129930394,44.05555556,41785932.71,0.0788863109048724,14.5802533,0.0626450116009281,0.0394431554524362,0.0046403712296983,0.0301624129930394,0.106728538283063,0.0788863109048724,0.0858468677494199,-0.130626450116009,0.0208816705336427,0.0417633410672854,48431.2524,0.0533642691415313,0.074245939675174,10.21669833,0.0649651972157773,18.6749143,0.0556844547563805,9.08780193328857,0.0464037122969838,0.0208816705336427,0.0487238979118329,6.420821623,0.074245939675174,0.0672853828306265,0.0208816705336427,431,19.75852033,-8.30259999999999,11,-1.772023168,0.861111111
pdb5gl5.ent,-8.29,9,309.84,19,574.366,12.21890479,36.0612761020882,0.1,-5.886253981,0.0301624129930394,44.05555556,41785932.71,0.0765661252900232,14.5802533,0.0626450116009281,0.0417633410672854,0.0046403712296983,0.0301624129930394,0.106728538283063,0.0788863109048724,0.0858468677494199,-0.118561484918794,0.0208816705336427,0.0440835266821346,48315.0909,0.0533642691415313,0.0719257540603248,10.21669833,0.0626450116009281,18.6749143,0.0556844547563805,8.99980258941651,0.0464037122969838,0.0208816705336427,0.0464037122969838,6.420821623,0.074245939675174,0.0719257540603248,0.0208816705336427,431,19.75852033,-8.30259999999999,11,-1.772023168,0.861111111
pdb5ggi.ent,-6.79,6,230.69,14,412.225,11.41150846,48.3365482233503,0.3,-5.557601927,0.0406091370558376,39.56,181258.6831,0.0786802030456853,14.52368616,0.0634517766497462,0.0634517766497462,0.0203045685279188,0.0228426395939086,0.116751269035533,0.0482233502538071,0.0964467005076142,-0.380456852791878,0.0228426395939086,0.0710659898477157,45645.5971,0.0406091370558376,0.0532994923857868,10.21669833,0.0736040609137056,14.15116714,0.050761421319797,5.98795375823975,0.0634517766497462,0.0253807106598985,0.0380710659898477,6.420821623,0.0406091370558376,0.050761421319797,0.0355329949238579,394,13.15163837,-6.12679999999999,8,-0.702921012,1.12
pdb5ggi.ent,-6.96,6,230.69,14,412.225,11.41150846,45.5729582577134,0.3,-5.557601927,0.0344827586206897,39.56,181258.6831,0.0907441016333938,14.52368616,0.0689655172413793,0.0635208711433757,0.0163339382940109,0.0217785843920145,0.103448275862069,0.0598911070780399,0.0961887477313975,-0.316152450090744,0.0217785843920145,0.0635208711433757,62689.7627000002,0.043557168784029,0.0544464609800363,10.21669833,0.0725952813067151,14.15116714,0.0453720508166969,5.98096256256104,0.0617059891107078,0.0235934664246824,0.0308529945553539,6.420821623,0.0344827586206897,0.0617059891107078,0.0344827586206897,551,13.15163837,-6.12679999999999,8,-0.702921012,1.12
pdb5foe.ent,-5.99,6,260.54,16,453.282,11.54709042,47.0662237762238,0.22,-5.561978886,0.0512820512820513,43.89285714,1122914.608,0.048951048951049,20.25735364,0.0722610722610723,0.0792540792540792,0.027972027972028,0.041958041958042,0.128205128205128,0.0536130536130536,0.0839160839160839,-0.625874125874125,0.0069930069930069,0.0372960372960373,50209.8786000001,0.0536130536130536,0.0629370629370629,20.85027554,0.0745920745920746,24.78474434,0.048951048951049,5.6674955368042,0.0722610722610723,0.027972027972028,0.034965034965035,0.0,0.0559440559440559,0.0466200466200466,0.0186480186480186,429,13.27557315,-7.70549999999999,10,-0.628557901,1.142857143
pdb5foe.ent,-6.03,6,260.54,16,453.282,11.54709042,46.7954252873563,0.22,-5.561978886,0.0505747126436782,43.89285714,1122914.608,0.0482758620689655,20.25735364,0.0689655172413793,0.0781609195402299,0.0275862068965517,0.0413793103448276,0.128735632183908,0.0528735632183908,0.0850574712643678,-0.638390804597701,0.0091954022988505,0.0367816091954023,51112.0014000001,0.0528735632183908,0.064367816091954,20.85027554,0.0735632183908046,24.78474434,0.0482758620689655,6.01233768463135,0.0735632183908046,0.0298850574712644,0.0344827586206897,0.0,0.0551724137931034,0.0459770114942529,0.0229885057471264,435,13.27557315,-7.70549999999999,10,-0.628557901,1.142857143
pdb5fa1.ent,-6.17,4,183.96,11,330.254,10.67352235,41.0726666666667,-0.01,-4.975130222,0.0512820512820513,43.19047619,36879.82654,0.0487179487179487,20.25735364,0.0769230769230769,0.0641025641025641,0.0179487179487179,0.0205128205128205,0.117948717948718,0.0487179487179487,0.117948717948718,-0.0548717948717948,0.0128205128205128,0.041025641025641,43877.0304000001,0.0461538461538462,0.0333333333333333,10.21669833,0.0743589743589744,9.840535766,0.0615384615384615,4.89766826629639,0.041025641025641,0.0051282051282051,0.0435897435897436,6.420821623,0.0615384615384615,0.0948717948717949,0.0384615384615385,390,13.15163837,-4.93949999999999,7,-0.258009141,1.333333333
pdb5fa1.ent,-6.17,4,183.96,11,330.254,10.67352235,41.5080512820513,-0.01,-4.975130222,0.0512820512820513,43.19047619,36879.82654,0.0487179487179487,20.25735364,0.0769230769230769,0.0615384615384615,0.0179487179487179,0.0205128205128205,0.117948717948718,0.0487179487179487,0.115384615384615,-0.0399999999999999,0.0128205128205128,0.041025641025641,43754.9058000001,0.0487179487179487,0.0333333333333333,10.21669833,0.0743589743589744,9.840535766,0.0615384615384615,4.8781156539917,0.041025641025641,0.0051282051282051,0.0435897435897436,6.420821623,0.0615384615384615,0.1,0.0358974358974359,390,13.15163837,-4.93949999999999,7,-0.258009141,1.333333333
pdb5eke.ent,-6.44,6,230.69,14,412.225,11.41150846,31.8621527777778,0.3,-5.557601927,0.0520833333333333,39.56,181258.6831,0.0659722222222222,14.52368616,0.0555555555555556,0.0555555555555556,0.0069444444444444,0.0347222222222222,0.114583333333333,0.0659722222222222,0.142361111111111,0.128472222222222,0.0173611111111111,0.0416666666666667,32837.8315,0.0416666666666667,0.0520833333333333,10.21669833,0.0555555555555556,14.15116714,0.0416666666666667,5.84687938690186,0.0520833333333333,0.0208333333333333,0.0416666666666667,6.420821623,0.0902777777777778,0.0590277777777778,0.0069444444444444,288,13.15163837,-6.12679999999999,8,-0.702921012,1.12
pdb5eke.ent,-6.26,6,230.69,14,412.225,11.41150846,31.8394983277592,0.3,-5.557601927,0.0535117056856187,39.56,181258.6831,0.0702341137123746,14.52368616,0.0535117056856187,0.0535117056856187,0.0066889632107023,0.0334448160535117,0.123745819397993,0.0602006688963211,0.137123745819398,0.126086956521739,0.020066889632107,0.0401337792642141,34338.6777,0.0401337792642141,0.0602006688963211,10.21669833,0.0568561872909699,14.15116714,0.0468227424749164,6.94972629547119,0.0501672240802676,0.0234113712374582,0.0401337792642141,6.420821623,0.0869565217391304,0.0602006688963211,0.0066889632107023,299,13.15163837,-6.12679999999999,8,-0.702921012,1.12
pdb5eke.ent,-6.29,6,230.69,14,412.225,11.41150846,31.2857003257329,0.3,-5.557601927,0.0521172638436482,39.56,181258.6831,0.0716612377850163,14.52368616,0.0521172638436482,0.0521172638436482,0.006514657980456,0.0358306188925081,0.120521172638436,0.0618892508143323,0.136807817589577,0.131596091205212,0.0195439739413681,0.0390879478827362,35207.6979,0.0456026058631922,0.0586319218241042,10.21669833,0.0553745928338762,14.15116714,0.0456026058631922,7.83021717071533,0.0521172638436482,0.0228013029315961,0.0390879478827362,6.420821623,0.0879478827361564,0.0586319218241042,0.006514657980456,307,13.15163837,-6.12679999999999,8,-0.702921012,1.12
pdb5eke.ent,-6.28,6,230.69,14,412.225,11.41150846,29.89125,0.3,-5.557601927,0.0540540540540541,39.56,181258.6831,0.0709459459459459,14.52368616,0.0506756756756757,0.0506756756756757,0.0067567567567567,0.0337837837837838,0.128378378378378,0.0608108108108108,0.138513513513514,0.165878378378378,0.0202702702702703,0.0405405405405405,34037.4232,0.0405405405405405,0.0608108108108108,10.21669833,0.0540540540540541,14.15116714,0.0472972972972973,7.82989482879639,0.0472972972972973,0.027027027027027,0.0405405405405405,6.420821623,0.0878378378378378,0.0608108108108108,0.0067567567567567,296,13.15163837,-6.12679999999999,8,-0.702921012,1.12
pdb5ejz.ent,-6.71,6,230.69,14,412.225,11.41150846,47.5934203296705,0.3,-5.557601927,0.021978021978022,39.56,181258.6831,0.0824175824175824,14.52368616,0.0453296703296703,0.0384615384615385,0.0096153846153846,0.0343406593406593,0.104395604395604,0.0618131868131868,0.133241758241758,0.24684065934066,0.032967032967033,0.0700549450549451,81306.2978000004,0.0412087912087912,0.0178571428571429,10.21669833,0.0549450549450549,14.15116714,0.0659340659340659,9.17141742706299,0.0879120879120879,0.0164835164835165,0.0192307692307692,6.420821623,0.0384615384615385,0.116758241758242,0.010989010989011,728,13.15163837,-6.12679999999999,8,-0.702921012,1.12
pdb5e9u.ent,-6.77,6,230.69,14,412.225,11.41150846,47.5081287726359,0.3,-5.557601927,0.06841046277666,39.56,181258.6831,0.0643863179074447,14.52368616,0.0563380281690141,0.0724346076458753,0.0040241448692152,0.0784708249496982,0.128772635814889,0.0543259557344064,0.0865191146881288,-0.398591549295774,0.0,0.028169014084507,57270.2301000001,0.0462776659959759,0.0422535211267606,10.21669833,0.0764587525150905,14.15116714,0.0503018108651912,4.89243907928467,0.0543259557344064,0.0100603621730382,0.028169014084507,6.420821623,0.0724346076458753,0.0824949698189135,0.0241448692152917,497,13.15163837,-6.12679999999999,8,-0.702921012,1.12
pdb5e9u.ent,-6.86,6,230.69,14,412.225,11.41150846,47.5081287726359,0.3,-5.557601927,0.06841046277666,39.56,181258.6831,0.0643863179074447,14.52368616,0.0563380281690141,0.0724346076458753,0.0040241448692152,0.0784708249496982,0.128772635814889,0.0543259557344064,0.0865191146881288,-0.398591549295774,0.0,0.028169014084507,57270.2301000001,0.0462776659959759,0.0422535211267606,10.21669833,0.0764587525150905,14.15116714,0.0503018108651912,4.89243907928467,0.0543259557344064,0.0100603621730382,0.028169014084507,6.420821623,0.0724346076458753,0.0824949698189135,0.0241448692152917,497,13.15163837,-6.12679999999999,8,-0.702921012,1.12
pdb5djs.ent,-7.51,6,230.69,14,412.225,11.41150846,50.9280961538462,0.3,-5.557601927,0.0384615384615385,39.56,181258.6831,0.0576923076923077,14.52368616,0.0557692307692308,0.0711538461538462,0.0192307692307692,0.0192307692307692,0.0769230769230769,0.0673076923076923,0.15,-0.149423076923077,0.0211538461538462,0.0615384615384615,58131.7508000001,0.0519230769230769,0.0038461538461538,10.21669833,0.0519230769230769,14.15116714,0.0153846153846154,6.06502742767334,0.101923076923077,0.0230769230769231,0.0173076923076923,6.420821623,0.0288461538461538,0.109615384615385,0.0346153846153846,520,13.15163837,-6.12679999999999,8,-0.702921012,1.12
pdb5djs.ent,-7.66,6,230.69,14,412.225,11.41150846,50.9280961538462,0.3,-5.557601927,0.0384615384615385,39.56,181258.6831,0.0576923076923077,14.52368616,0.0557692307692308,0.0711538461538462,0.0192307692307692,0.0192307692307692,0.0769230769230769,0.0673076923076923,0.15,-0.149423076923077,0.0211538461538462,0.0615384615384615,58131.7508000001,0.0519230769230769,0.0038461538461538,10.21669833,0.0519230769230769,14.15116714,0.0153846153846154,6.06502742767334,0.101923076923077,0.0230769230769231,0.0173076923076923,6.420821623,0.0288461538461538,0.109615384615385,0.0346153846153846,520,13.15163837,-6.12679999999999,8,-0.702921012,1.12
pdb5djs.ent,-7.47,6,230.69,14,412.225,11.41150846,50.9280961538462,0.3,-5.557601927,0.0384615384615385,39.56,181258.6831,0.0576923076923077,14.52368616,0.0557692307692308,0.0711538461538462,0.0192307692307692,0.0192307692307692,0.0769230769230769,0.0673076923076923,0.15,-0.149423076923077,0.0211538461538462,0.0615384615384615,58131.7508000001,0.0519230769230769,0.0038461538461538,10.21669833,0.0519230769230769,14.15116714,0.0153846153846154,6.06502742767334,0.101923076923077,0.0230769230769231,0.0173076923076923,6.420821623,0.0288461538461538,0.109615384615385,0.0346153846153846,520,13.15163837,-6.12679999999999,8,-0.702921012,1.12
pdb5djs.ent,-7.57,6,230.69,14,412.225,11.41150846,50.9280961538462,0.3,-5.557601927,0.0384615384615385,39.56,181258.6831,0.0576923076923077,14.52368616,0.0557692307692308,0.0711538461538462,0.0192307692307692,0.0192307692307692,0.0769230769230769,0.0673076923076923,0.15,-0.149423076923077,0.0211538461538462,0.0615384615384615,58131.7508000001,0.0519230769230769,0.0038461538461538,10.21669833,0.0519230769230769,14.15116714,0.0153846153846154,6.06502742767334,0.101923076923077,0.0230769230769231,0.0173076923076923,6.420821623,0.0288461538461538,0.109615384615385,0.0346153846153846,520,13.15163837,-6.12679999999999,8,-0.702921012,1.12
pdb5d00.ent,-6.5,4,178.17,11,331.238,10.65963346,34.6440677966102,-0.01,-4.991659148,0.0564971751412429,43.19047619,36879.82654,0.0564971751412429,14.52368616,0.0564971751412429,0.0395480225988701,0.0112994350282486,0.0169491525423729,0.0847457627118644,0.0508474576271187,0.0847457627118644,-0.0564971751412429,0.0056497175141242,0.0395480225988701,19695.4095,0.0734463276836158,0.0790960451977401,10.21669833,0.0734463276836158,9.840535766,0.0282485875706215,6.82360057830811,0.0282485875706215,0.0,0.0338983050847458,6.420821623,0.112994350282486,0.101694915254237,0.0508474576271187,177,13.15163837,-4.90589999999999,7,-0.407700499,1.238095238
pdb5c4d.ent,-8.12,9,309.84,19,574.366,12.21890479,45.4233691756272,0.1,-5.886253981,0.046594982078853,44.05555556,41785932.71,0.103942652329749,14.5802533,0.0430107526881721,0.046594982078853,0.014336917562724,0.046594982078853,0.129032258064516,0.0537634408602151,0.100358422939068,-0.0931899641577061,0.03584229390681,0.0573476702508961,32382.1721,0.0573476702508961,0.0430107526881721,10.21669833,0.0609318996415771,18.6749143,0.0645161290322581,7.84768810272217,0.0681003584229391,0.017921146953405,0.017921146953405,6.420821623,0.032258064516129,0.0573476702508961,0.032258064516129,279,19.75852033,-8.30259999999999,11,-1.772023168,0.861111111
pdb5bo9.ent,-9.34,12,335.83,20,643.532,15.5136689,40.3755244755245,-0.44,-6.028466456,0.0454545454545455,42.95238095,646192646.4,0.048951048951049,24.25488771,0.0664335664335664,0.041958041958042,0.0174825174825175,0.0454545454545455,0.13986013986014,0.0524475524475525,0.104895104895105,-0.326223776223777,0.0174825174825175,0.0384615384615385,33372.8117,0.0629370629370629,0.0629370629370629,15.53348694,0.0384615384615385,10.63357721,0.0769230769230769,9.25999698638916,0.048951048951049,0.0174825174825175,0.0664335664335664,13.34455882,0.0559440559440559,0.041958041958042,0.048951048951049,286,19.75852033,-8.79980000000001,14,-0.861552265,1.166666667
pdb5bo9.ent,-8.9,12,335.83,20,643.532,15.5136689,41.586642599278,-0.44,-6.028466456,0.0469314079422383,42.95238095,646192646.4,0.0505415162454874,24.25488771,0.0649819494584837,0.0433212996389892,0.0180505415162455,0.0469314079422383,0.140794223826715,0.0505415162454874,0.108303249097473,-0.273646209386282,0.0180505415162455,0.0397111913357401,32329.6352,0.0613718411552347,0.0541516245487365,15.53348694,0.036101083032491,10.63357721,0.075812274368231,9.11055927276611,0.0505415162454874,0.0180505415162455,0.0685920577617329,13.34455882,0.0577617328519856,0.0433212996389892,0.0469314079422383,277,19.75852033,-8.79980000000001,14,-0.861552265,1.166666667
pdb5a07.ent,-6.86,6,260.54,16,453.282,11.54709042,45.3818734177215,0.22,-5.561978886,0.0708860759493671,43.89285714,1122914.608,0.0430379746835443,20.25735364,0.0632911392405063,0.0860759493670886,0.020253164556962,0.0329113924050633,0.149367088607595,0.0405063291139241,0.0784810126582279,-0.769620253164557,0.0253164556962025,0.0506329113924051,46850.4061,0.0430379746835443,0.0582278481012658,20.85027554,0.0936708860759494,24.78474434,0.0556962025316456,4.5845422744751,0.0354430379746835,0.0227848101265823,0.0734177215189873,0.0,0.0455696202531646,0.0329113924050633,0.0278481012658228,395,13.27557315,-7.70549999999999,10,-0.628557901,1.142857143
pdb5a07.ent,-6.97,6,260.54,16,453.282,11.54709042,45.4716751269035,0.22,-5.561978886,0.0710659898477157,43.89285714,1122914.608,0.0431472081218274,20.25735364,0.0634517766497462,0.083756345177665,0.0203045685279188,0.032994923857868,0.149746192893401,0.0406091370558376,0.0786802030456853,-0.762690355329949,0.0253807106598985,0.050761421319797,46735.3187,0.0431472081218274,0.0583756345177665,20.85027554,0.0939086294416244,24.78474434,0.0558375634517767,4.60665264129639,0.0355329949238579,0.0228426395939086,0.0736040609137056,0.0,0.0456852791878173,0.032994923857868,0.0279187817258883,394,13.27557315,-7.70549999999999,10,-0.628557901,1.142857143
pdb4y6u.ent,-8.51,9,309.84,19,574.366,12.21890479,35.8220996441281,0.1,-5.886253981,0.0142348754448399,44.05555556,41785932.71,0.0925266903914591,14.5802533,0.0676156583629893,0.0569395017793594,0.0071174377224199,0.0213523131672598,0.0533807829181495,0.0925266903914591,0.142348754448399,0.195373665480427,0.0106761565836299,0.0747330960854093,30215.4852,0.0569395017793594,0.0142348754448399,10.21669833,0.0604982206405694,18.6749143,0.0213523131672598,5.09762783050537,0.0747330960854093,0.0177935943060498,0.0142348754448399,6.420821623,0.0604982206405694,0.0854092526690392,0.0142348754448399,281,19.75852033,-8.30259999999999,11,-1.772023168,0.861111111
pdb4xsr.ent,-8.83,9,309.84,19,574.366,12.21890479,34.0917808219178,0.1,-5.886253981,0.0191780821917808,44.05555556,41785932.71,0.0794520547945206,14.5802533,0.052054794520548,0.0410958904109589,0.0136986301369863,0.0684931506849315,0.0684931506849315,0.0657534246575342,0.10958904109589,0.126301369863014,0.010958904109589,0.0438356164383562,39593.0386000001,0.0547945205479452,0.0410958904109589,10.21669833,0.0465753424657534,18.6749143,0.0465753424657534,6.47790584564209,0.0383561643835616,0.0027397260273972,0.0438356164383562,6.420821623,0.0712328767123288,0.117808219178082,0.0328767123287671,365,19.75852033,-8.30259999999999,11,-1.772023168,0.861111111
pdb4xsr.ent,-8.92,9,309.84,19,574.366,12.21890479,33.6288461538462,0.1,-5.886253981,0.0192307692307692,44.05555556,41785932.71,0.0796703296703297,14.5802533,0.0494505494505494,0.0412087912087912,0.0137362637362637,0.0686813186813187,0.0686813186813187,0.0659340659340659,0.10989010989011,0.128846153846154,0.010989010989011,0.043956043956044,39505.9613000001,0.0549450549450549,0.0412087912087912,10.21669833,0.0467032967032967,18.6749143,0.0467032967032967,6.47790584564209,0.0384615384615385,0.0027472527472527,0.043956043956044,6.420821623,0.0714285714285714,0.118131868131868,0.032967032967033,364,19.75852033,-8.30259999999999,11,-1.772023168,0.861111111
pdb4xsp.ent,-6.94,6,230.69,14,412.225,11.41150846,34.0917808219178,0.3,-5.557601927,0.0191780821917808,39.56,181258.6831,0.0794520547945206,14.52368616,0.052054794520548,0.0410958904109589,0.0136986301369863,0.0684931506849315,0.0684931506849315,0.0657534246575342,0.10958904109589,0.126301369863014,0.010958904109589,0.0438356164383562,39593.0386000001,0.0547945205479452,0.0410958904109589,10.21669833,0.0465753424657534,14.15116714,0.0465753424657534,6.47790584564209,0.0383561643835616,0.0027397260273972,0.0438356164383562,6.420821623,0.0712328767123288,0.117808219178082,0.0328767123287671,365,13.15163837,-6.12679999999999,8,-0.702921012,1.12
pdb4x6l.ent,-6.95,6,230.69,14,412.225,11.41150846,43.7864503042596,0.3,-5.557601927,0.0486815415821501,39.56,181258.6831,0.0669371196754564,14.52368616,0.0567951318458418,0.0628803245436106,0.0081135902636916,0.0223123732251521,0.111561866125761,0.0466531440162272,0.0567951318458418,-0.498580121703854,0.0304259634888438,0.0182555780933063,57274.0873,0.0405679513184584,0.123732251521298,10.21669833,0.0709939148073022,14.15116714,0.0608519269776876,8.96002559661865,0.0304259634888438,0.0020283975659229,0.0892494929006085,6.420821623,0.0953346855983773,0.0425963488843813,0.026369168356998,493,13.15163837,-6.12679999999999,8,-0.702921012,1.12
pdb4x6l.ent,-6.94,6,230.69,14,412.225,11.41150846,43.7864503042596,0.3,-5.557601927,0.0486815415821501,39.56,181258.6831,0.0669371196754564,14.52368616,0.0567951318458418,0.0628803245436106,0.0081135902636916,0.0223123732251521,0.111561866125761,0.0466531440162272,0.0567951318458418,-0.498580121703854,0.0304259634888438,0.0182555780933063,57274.0873,0.0405679513184584,0.123732251521298,10.21669833,0.0709939148073022,14.15116714,0.0608519269776876,8.96002559661865,0.0304259634888438,0.0020283975659229,0.0892494929006085,6.420821623,0.0953346855983773,0.0425963488843813,0.026369168356998,493,13.15163837,-6.12679999999999,8,-0.702921012,1.12
pdb4x6l.ent,-6.89,6,230.69,14,412.225,11.41150846,43.7864503042596,0.3,-5.557601927,0.0486815415821501,39.56,181258.6831,0.0669371196754564,14.52368616,0.0567951318458418,0.0628803245436106,0.0081135902636916,0.0223123732251521,0.111561866125761,0.0466531440162272,0.0567951318458418,-0.498580121703854,0.0304259634888438,0.0182555780933063,57274.0873,0.0405679513184584,0.123732251521298,10.21669833,0.0709939148073022,14.15116714,0.0608519269776876,8.96002559661865,0.0304259634888438,0.0020283975659229,0.0892494929006085,6.420821623,0.0953346855983773,0.0425963488843813,0.026369168356998,493,13.15163837,-6.12679999999999,8,-0.702921012,1.12
pdb4x1t.ent,-7.38,6,230.69,14,412.225,11.41150846,40.3155763239875,0.3,-5.557601927,0.0186915887850467,39.56,181258.6831,0.0809968847352025,14.52368616,0.0529595015576324,0.0342679127725857,0.0249221183800623,0.0342679127725857,0.059190031152648,0.0841121495327103,0.0903426791277258,-0.0277258566978193,0.0311526479750779,0.0560747663551402,35189.9796,0.043613707165109,0.0872274143302181,10.21669833,0.0654205607476635,14.15116714,0.0311526479750779,9.23188877105713,0.0467289719626168,0.0093457943925233,0.0280373831775701,6.420821623,0.0778816199376947,0.0809968847352025,0.0218068535825545,321,13.15163837,-6.12679999999999,8,-0.702921012,1.12
pdb4wnh.ent,-8.16,8,289.61,18,544.34,12.13839939,34.406711409396,0.14,-5.76226746,0.0369127516778524,43.73529412,16666464.2,0.0671140939597315,9.473725908,0.0469798657718121,0.0469798657718121,0.0167785234899329,0.0402684563758389,0.124161073825503,0.0503355704697987,0.110738255033557,-0.183557046979866,0.0335570469798658,0.063758389261745,34493.3422,0.0335570469798658,0.0469798657718121,10.21669833,0.0704697986577181,18.6749143,0.0704697986577181,6.24605960845947,0.0503355704697987,0.0167785234899329,0.0335570469798658,6.420821623,0.0402684563758389,0.0704697986577181,0.0536912751677852,298,19.75852033,-7.66349999999999,10,-1.42053885,0.941176471
pdb4wmi.ent,-7.13,6,230.69,14,412.225,11.41150846,34.3250836120401,0.3,-5.557601927,0.0367892976588629,39.56,181258.6831,0.0702341137123746,14.52368616,0.0468227424749164,0.0468227424749164,0.0167224080267559,0.0401337792642141,0.123745819397993,0.0501672240802676,0.110367892976589,-0.168896321070234,0.0334448160535117,0.0635451505016722,34592.4732,0.0334448160535117,0.0468227424749164,10.21669833,0.0702341137123746,14.15116714,0.0702341137123746,6.24605960845947,0.0501672240802676,0.0167224080267559,0.0334448160535117,6.420821623,0.0401337792642141,0.0702341137123746,0.0535117056856187,299,13.15163837,-6.12679999999999,8,-0.702921012,1.12
pdb4wma.ent,-8.23,9,309.84,19,574.366,12.21890479,34.3250836120401,0.1,-5.886253981,0.0367892976588629,44.05555556,41785932.71,0.0702341137123746,14.5802533,0.0468227424749164,0.0468227424749164,0.0167224080267559,0.0401337792642141,0.123745819397993,0.0501672240802676,0.110367892976589,-0.168896321070234,0.0334448160535117,0.0635451505016722,34592.4732,0.0334448160535117,0.0468227424749164,10.21669833,0.0702341137123746,18.6749143,0.0702341137123746,6.24605960845947,0.0501672240802676,0.0167224080267559,0.0334448160535117,6.420821623,0.0401337792642141,0.0702341137123746,0.0535117056856187,299,19.75852033,-8.30259999999999,11,-1.772023168,0.861111111
pdb4whm.ent,-7.22,6,230.69,14,412.225,11.41150846,43.1551569506726,0.3,-5.557601927,0.0089686098654708,39.56,181258.6831,0.116591928251121,14.52368616,0.0919282511210762,0.0448430493273543,0.0179372197309417,0.0336322869955157,0.0829596412556054,0.0582959641255605,0.109865470852018,0.209192825112107,0.0112107623318386,0.0672645739910314,48727.8923000001,0.0403587443946188,0.0582959641255605,10.21669833,0.047085201793722,14.15116714,0.0605381165919283,6.56015186309814,0.0291479820627803,0.0134529147982063,0.0493273542600897,6.420821623,0.0560538116591928,0.062780269058296,0.0224215246636771,446,13.15163837,-6.12679999999999,8,-0.702921012,1.12
pdb4wad.ent,-8.33,11,321.87,20,617.435,12.52019331,43.8339759036145,0.06,-5.898921529,0.0481927710843374,42.43589744,154682644.9,0.0662650602409639,13.99747307,0.0562248995983936,0.0642570281124498,0.0080321285140562,0.0220883534136546,0.112449799196787,0.0461847389558233,0.0562248995983936,-0.490562248995984,0.0301204819277108,0.0200803212851406,57847.7252,0.0421686746987952,0.122489959839357,15.53348694,0.070281124497992,19.46795574,0.0622489959839357,8.90116596221924,0.0301204819277108,0.002008032128514,0.0883534136546185,13.34455882,0.0963855421686747,0.0421686746987952,0.0261044176706827,498,19.75852033,-8.367,12,-0.542919531,1.0
pdb4w6q.ent,-7.39,6,230.69,14,412.225,11.41150846,40.8423262839879,0.3,-5.557601927,0.0453172205438066,39.56,181258.6831,0.0694864048338369,14.52368616,0.0483383685800604,0.0664652567975831,0.0090634441087613,0.0453172205438066,0.102719033232628,0.054380664652568,0.0785498489425982,-0.165256797583082,0.0362537764350453,0.0422960725075529,37918.1595,0.0694864048338369,0.0604229607250755,10.21669833,0.0513595166163142,14.15116714,0.0453172205438066,5.7362138748169,0.0362537764350453,0.0120845921450151,0.0574018126888218,6.420821623,0.0996978851963746,0.0453172205438066,0.027190332326284,331,13.15163837,-6.12679999999999,8,-0.702921012,1.12
pdb4w6q.ent,-7.12,6,230.69,14,412.225,11.41150846,40.7494277108434,0.3,-5.557601927,0.0451807228915663,39.56,181258.6831,0.0692771084337349,14.52368616,0.0512048192771084,0.0662650602409639,0.0090361445783132,0.0451807228915663,0.102409638554217,0.0542168674698795,0.0783132530120482,-0.167168674698795,0.036144578313253,0.0421686746987952,38005.2368,0.0692771084337349,0.0602409638554217,10.21669833,0.0512048192771084,14.15116714,0.0451807228915663,5.7362138748169,0.036144578313253,0.0120481927710843,0.0572289156626506,6.420821623,0.0993975903614458,0.0451807228915663,0.0271084337349398,332,13.15163837,-6.12679999999999,8,-0.702921012,1.12
pdb4w6q.ent,-7.42,6,230.69,14,412.225,11.41150846,40.7494277108434,0.3,-5.557601927,0.0451807228915663,39.56,181258.6831,0.0692771084337349,14.52368616,0.0512048192771084,0.0662650602409639,0.0090361445783132,0.0451807228915663,0.102409638554217,0.0542168674698795,0.0783132530120482,-0.167168674698795,0.036144578313253,0.0421686746987952,38005.2368,0.0692771084337349,0.0602409638554217,10.21669833,0.0512048192771084,14.15116714,0.0451807228915663,5.7362138748169,0.036144578313253,0.0120481927710843,0.0572289156626506,6.420821623,0.0993975903614458,0.0451807228915663,0.0271084337349398,332,13.15163837,-6.12679999999999,8,-0.702921012,1.12
pdb4w6q.ent,-7.46,6,230.69,14,412.225,11.41150846,40.7494277108434,0.3,-5.557601927,0.0451807228915663,39.56,181258.6831,0.0692771084337349,14.52368616,0.0512048192771084,0.0662650602409639,0.0090361445783132,0.0451807228915663,0.102409638554217,0.0542168674698795,0.0783132530120482,-0.167168674698795,0.036144578313253,0.0421686746987952,38005.2368,0.0692771084337349,0.0602409638554217,10.21669833,0.0512048192771084,14.15116714,0.0451807228915663,5.7362138748169,0.036144578313253,0.0120481927710843,0.0572289156626506,6.420821623,0.0993975903614458,0.0451807228915663,0.0271084337349398,332,13.15163837,-6.12679999999999,8,-0.702921012,1.12
pdb4rii.ent,-7.47,6,210.46,13,410.253,11.43547108,43.0271186440678,0.34,-5.502394355,0.0112994350282486,39.56,184442.8721,0.0988700564971751,14.52368616,0.0310734463276836,0.0593220338983051,0.0084745762711864,0.0141242937853107,0.0593220338983051,0.0819209039548023,0.0903954802259887,0.131638418079096,0.0338983050847458,0.0875706214689266,37589.5619,0.0508474576271187,0.0084745762711864,10.21669833,0.076271186440678,14.15116714,0.0282485875706215,4.56714954376221,0.0649717514124294,0.019774011299435,0.0254237288135593,13.34455882,0.0395480225988701,0.155367231638418,0.0141242937853107,354,13.15163837,-4.85159999999999,7,1.35986321,1.24
pdb4rii.ent,-7.52,6,210.46,13,410.253,11.43547108,41.4929775280899,0.34,-5.502394355,0.0112359550561798,39.56,184442.8721,0.0955056179775281,14.52368616,0.0337078651685393,0.0617977528089888,0.0084269662921348,0.0140449438202247,0.0617977528089888,0.0842696629213483,0.0926966292134832,0.15814606741573,0.0365168539325843,0.0842696629213483,37782.8768,0.047752808988764,0.0084269662921348,10.21669833,0.0674157303370787,14.15116714,0.0308988764044944,4.65138492584229,0.0674157303370787,0.0196629213483146,0.0252808988764045,13.34455882,0.0393258426966292,0.157303370786517,0.0140449438202247,356,13.15163837,-4.85159999999999,7,1.35986321,1.24
pdb4r84.ent,-7.68,12,335.83,20,643.532,15.5136689,39.5917932489451,-0.44,-6.028466456,0.0548523206751055,42.95238095,646192646.4,0.0590717299578059,24.25488771,0.0759493670886076,0.0738396624472574,0.0042194092827004,0.0485232067510549,0.116033755274262,0.0443037974683544,0.0886075949367089,-0.344092827004219,0.0168776371308017,0.0527426160337553,53649.4639000001,0.0759493670886076,0.0569620253164557,15.53348694,0.0590717299578059,10.63357721,0.0464135021097046,4.63257122039795,0.0168776371308017,0.0147679324894515,0.0611814345991561,13.34455882,0.0675105485232067,0.0611814345991561,0.0210970464135021,474,19.75852033,-8.79980000000001,14,-0.861552265,1.166666667
pdb4r84.ent,-7.62,12,335.83,20,643.532,15.5136689,39.5917932489451,-0.44,-6.028466456,0.0548523206751055,42.95238095,646192646.4,0.0590717299578059,24.25488771,0.0759493670886076,0.0738396624472574,0.0042194092827004,0.0485232067510549,0.116033755274262,0.0443037974683544,0.0886075949367089,-0.344092827004219,0.0168776371308017,0.0527426160337553,53649.4639000001,0.0759493670886076,0.0569620253164557,15.53348694,0.0590717299578059,10.63357721,0.0464135021097046,4.63257122039795,0.0168776371308017,0.0147679324894515,0.0611814345991561,13.34455882,0.0675105485232067,0.0611814345991561,0.0210970464135021,474,19.75852033,-8.79980000000001,14,-0.861552265,1.166666667
pdb4r84.ent,-7.72,12,335.83,20,643.532,15.5136689,39.5917932489451,-0.44,-6.028466456,0.0548523206751055,42.95238095,646192646.4,0.0590717299578059,24.25488771,0.0759493670886076,0.0738396624472574,0.0042194092827004,0.0485232067510549,0.116033755274262,0.0443037974683544,0.0886075949367089,-0.344092827004219,0.0168776371308017,0.0527426160337553,53649.4639000001,0.0759493670886076,0.0569620253164557,15.53348694,0.0590717299578059,10.63357721,0.0464135021097046,4.63257122039795,0.0168776371308017,0.0147679324894515,0.0611814345991561,13.34455882,0.0675105485232067,0.0611814345991561,0.0210970464135021,474,19.75852033,-8.79980000000001,14,-0.861552265,1.166666667
pdb4r84.ent,-7.67,12,335.83,20,643.532,15.5136689,39.5917932489451,-0.44,-6.028466456,0.0548523206751055,42.95238095,646192646.4,0.0590717299578059,24.25488771,0.0759493670886076,0.0738396624472574,0.0042194092827004,0.0485232067510549,0.116033755274262,0.0443037974683544,0.0886075949367089,-0.344092827004219,0.0168776371308017,0.0527426160337553,53649.4639000001,0.0759493670886076,0.0569620253164557,15.53348694,0.0590717299578059,10.63357721,0.0464135021097046,4.63257122039795,0.0168776371308017,0.0147679324894515,0.0611814345991561,13.34455882,0.0675105485232067,0.0611814345991561,0.0210970464135021,474,19.75852033,-8.79980000000001,14,-0.861552265,1.166666667
pdb4pqg.ent,-7.0,6,230.69,14,412.225,11.41150846,32.6769169960474,0.3,-5.557601927,0.0652173913043478,39.56,181258.6831,0.0691699604743083,14.52368616,0.0573122529644269,0.0671936758893281,0.0059288537549407,0.0553359683794466,0.132411067193676,0.0573122529644269,0.0810276679841897,-0.339920948616601,0.0118577075098814,0.0197628458498024,58192.5752000001,0.0513833992094862,0.0612648221343874,10.21669833,0.075098814229249,14.15116714,0.0573122529644269,5.09376277923584,0.0296442687747036,0.0098814229249011,0.0494071146245059,6.420821623,0.0711462450592885,0.0691699604743083,0.0355731225296443,506,13.15163837,-6.12679999999999,8,-0.702921012,1.12
pdb4pqg.ent,-7.07,6,230.69,14,412.225,11.41150846,32.9032335329341,0.3,-5.557601927,0.0658682634730539,39.56,181258.6831,0.0698602794411178,14.52368616,0.0578842315369262,0.0658682634730539,0.0059880239520958,0.0558882235528942,0.13373253493014,0.0578842315369262,0.0818363273453094,-0.310778443113773,0.0119760479041916,0.0199600798403194,57528.9306000001,0.0518962075848303,0.06187624750499,10.21669833,0.0758483033932136,14.15116714,0.0578842315369262,4.97531032562256,0.029940119760479,0.0099800399201596,0.0499001996007984,6.420821623,0.0718562874251497,0.0698602794411178,0.0279441117764471,501,13.15163837,-6.12679999999999,8,-0.702921012,1.12
pdb4phs.ent,-6.96,6,230.69,14,412.225,11.41150846,43.7506227106227,0.3,-5.557601927,0.0622710622710623,39.56,181258.6831,0.0512820512820513,14.52368616,0.0732600732600733,0.0586080586080586,0.0146520146520147,0.0366300366300366,0.120879120879121,0.0512820512820513,0.113553113553114,-0.410256410256411,0.0036630036630036,0.0293040293040293,31579.413,0.0402930402930403,0.0769230769230769,10.21669833,0.0879120879120879,14.15116714,0.0476190476190476,5.72274303436279,0.0476190476190476,0.010989010989011,0.043956043956044,6.420821623,0.0659340659340659,0.0586080586080586,0.0256410256410256,273,13.15163837,-6.12679999999999,8,-0.702921012,1.12
pdb4phr.ent,-7.26,6,230.69,14,412.225,11.41150846,43.1592779783393,0.3,-5.557601927,0.0613718411552347,39.56,181258.6831,0.0505415162454874,14.52368616,0.0722021660649819,0.0577617328519856,0.0144404332129964,0.036101083032491,0.11913357400722,0.0505415162454874,0.111913357400722,-0.376895306859206,0.0180505415162455,0.0288808664259928,32104.197,0.0397111913357401,0.075812274368231,10.21669833,0.0866425992779783,14.15116714,0.0469314079422383,5.72274303436279,0.0469314079422383,0.0108303249097473,0.0433212996389892,6.420821623,0.0649819494584837,0.0577617328519856,0.0252707581227437,277,13.15163837,-6.12679999999999,8,-0.702921012,1.12
pdb4p00.ent,-6.6,6,230.69,14,412.225,11.41150846,47.5934203296705,0.3,-5.557601927,0.021978021978022,39.56,181258.6831,0.0824175824175824,14.52368616,0.0453296703296703,0.0384615384615385,0.0096153846153846,0.0343406593406593,0.104395604395604,0.0618131868131868,0.133241758241758,0.24684065934066,0.032967032967033,0.0700549450549451,81306.2978000004,0.0412087912087912,0.0178571428571429,10.21669833,0.0549450549450549,14.15116714,0.0659340659340659,9.17141742706299,0.0879120879120879,0.0164835164835165,0.0192307692307692,6.420821623,0.0384615384615385,0.116758241758242,0.010989010989011,728,13.15163837,-6.12679999999999,8,-0.702921012,1.12
pdb4n9w.ent,-5.7,6,260.54,16,453.282,11.54709042,30.0116666666667,0.22,-5.561978886,0.0277777777777778,43.89285714,1122914.608,0.116666666666667,20.25735364,0.0611111111111111,0.0722222222222222,0.0055555555555555,0.025,0.0638888888888889,0.0916666666666667,0.0944444444444444,0.141666666666667,0.0222222222222222,0.0555555555555556,38402.5495000001,0.0277777777777778,0.0305555555555556,20.85027554,0.05,24.78474434,0.0305555555555556,5.67101955413818,0.0666666666666667,0.0055555555555555,0.0083333333333333,0.0,0.0472222222222222,0.130555555555556,0.0305555555555556,360,13.27557315,-7.70549999999999,10,-0.628557901,1.142857143
pdb4n3c.ent,-9.23,11,321.87,20,617.435,12.52019331,37.3416068866572,0.06,-5.898921529,0.0373027259684362,42.43589744,154682644.9,0.0530846484935438,13.99747307,0.0487804878048781,0.0530846484935438,0.0186513629842181,0.0473457675753228,0.0803443328550932,0.0530846484935438,0.0946915351506456,-0.270875179340028,0.0358680057388809,0.0588235294117647,78422.3104000003,0.0459110473457676,0.0588235294117647,15.53348694,0.0516499282639885,19.46795574,0.0329985652797704,6.99553852081299,0.0430416068866571,0.0100430416068867,0.0616929698708752,13.34455882,0.0703012912482066,0.0875179340028694,0.0373027259684362,697,19.75852033,-8.367,12,-0.542919531,1.0
pdb4m83.ent,-6.56,6,230.69,14,412.225,11.41150846,44.7315776081425,0.3,-5.557601927,0.0229007633587786,39.56,181258.6831,0.083969465648855,14.52368616,0.0305343511450382,0.0610687022900763,0.005089058524173,0.0407124681933842,0.0712468193384224,0.0712468193384224,0.0992366412213741,-0.176590330788804,0.0127226463104326,0.0763358778625954,42866.9703000001,0.0458015267175573,0.0203562340966921,10.21669833,0.0763358778625954,14.15116714,0.0279898218829517,5.10444850921631,0.0712468193384224,0.0203562340966921,0.0203562340966921,6.420821623,0.0356234096692112,0.147582697201018,0.0305343511450382,393,13.15163837,-6.12679999999999,8,-0.702921012,1.12
pdb4m83.ent,-6.52,6,230.69,14,412.225,11.41150846,44.6434263959391,0.3,-5.557601927,0.0228426395939086,39.56,181258.6831,0.083756345177665,14.52368616,0.0304568527918782,0.0609137055837564,0.0050761421319796,0.0406091370558376,0.0710659898477157,0.0710659898477157,0.0989847715736041,-0.186548223350254,0.0126903553299492,0.0786802030456853,42994.1115000001,0.0482233502538071,0.0203045685279188,10.21669833,0.0761421319796954,14.15116714,0.0279187817258883,5.10359592437744,0.0710659898477157,0.0203045685279188,0.0203045685279188,6.420821623,0.0355329949238579,0.144670050761421,0.0304568527918782,394,13.15163837,-6.12679999999999,8,-0.702921012,1.12
pdb4lw3.ent,-8.36,6,230.69,14,412.225,11.41150846,43.4132231404959,0.3,-5.557601927,0.0371900826446281,39.56,181258.6831,0.0743801652892562,14.52368616,0.0330578512396694,0.0785123966942149,0.0165289256198347,0.0454545454545455,0.111570247933884,0.0537190082644628,0.103305785123967,-0.44297520661157,0.0289256198347107,0.0413223140495868,28411.2623,0.0413223140495868,0.0619834710743802,10.21669833,0.0330578512396694,14.15116714,0.0619834710743802,8.8159387588501,0.0661157024793388,0.012396694214876,0.0661157024793388,6.420821623,0.0495867768595041,0.0371900826446281,0.0578512396694215,242,13.15163837,-6.12679999999999,8,-0.702921012,1.12
pdb4lei.ent,-7.2,6,210.46,13,410.253,11.43547108,42.3698666666667,0.34,-5.502394355,0.0106666666666667,39.56,184442.8721,0.104,14.52368616,0.0586666666666667,0.0666666666666667,0.0106666666666667,0.024,0.0586666666666667,0.056,0.128,-0.008,0.024,0.072,41541.2289000001,0.048,0.0186666666666667,10.21669833,0.0773333333333333,14.15116714,0.0266666666666667,5.02089519500732,0.08,0.0213333333333333,0.0186666666666667,13.34455882,0.0373333333333333,0.0933333333333333,0.024,375,13.15163837,-4.85159999999999,7,1.35986321,1.24
pdb4lei.ent,-7.3,6,210.46,13,410.253,11.43547108,42.0053619302949,0.34,-5.502394355,0.0107238605898123,39.56,184442.8721,0.0991957104557641,14.52368616,0.0563002680965148,0.0670241286863271,0.0107238605898123,0.0214477211796247,0.0616621983914209,0.0616621983914209,0.126005361930295,-0.0445040214477213,0.0241286863270777,0.0723860589812333,41293.8515000001,0.0536193029490617,0.0187667560321716,10.21669833,0.0777479892761394,14.15116714,0.0294906166219839,5.02089519500732,0.0804289544235925,0.0214477211796247,0.0187667560321716,13.34455882,0.0348525469168901,0.0911528150134048,0.0241286863270777,373,13.15163837,-4.85159999999999,7,1.35986321,1.24
pdb4kqm.ent,-6.54,6,230.69,14,412.225,11.41150846,36.5457836990596,0.3,-5.557601927,0.0407523510971787,39.56,181258.6831,0.0736677115987461,14.52368616,0.0470219435736677,0.0642633228840125,0.0109717868338558,0.0313479623824451,0.108150470219436,0.061128526645768,0.100313479623824,-0.304075235109718,0.0188087774294671,0.0391849529780564,73023.2925000002,0.04858934169279,0.0532915360501567,10.21669833,0.0658307210031348,14.15116714,0.054858934169279,6.32597522735596,0.0642633228840125,0.0125391849529781,0.0501567398119122,6.420821623,0.0532915360501567,0.0721003134796238,0.0376175548589342,638,13.15163837,-6.12679999999999,8,-0.702921012,1.12
pdb4kqm.ent,-6.68,6,230.69,14,412.225,11.41150846,36.5457836990596,0.3,-5.557601927,0.0407523510971787,39.56,181258.6831,0.0736677115987461,14.52368616,0.0470219435736677,0.0642633228840125,0.0109717868338558,0.0313479623824451,0.108150470219436,0.061128526645768,0.100313479623824,-0.304075235109718,0.0188087774294671,0.0391849529780564,73023.2925000002,0.04858934169279,0.0532915360501567,10.21669833,0.0658307210031348,14.15116714,0.054858934169279,6.32597522735596,0.0642633228840125,0.0125391849529781,0.0501567398119122,6.420821623,0.0532915360501567,0.0721003134796238,0.0376175548589342,638,13.15163837,-6.12679999999999,8,-0.702921012,1.12
pdb4kqm.ent,-6.69,6,230.69,14,412.225,11.41150846,36.5457836990596,0.3,-5.557601927,0.0407523510971787,39.56,181258.6831,0.0736677115987461,14.52368616,0.0470219435736677,0.0642633228840125,0.0109717868338558,0.0313479623824451,0.108150470219436,0.061128526645768,0.100313479623824,-0.304075235109718,0.0188087774294671,0.0391849529780564,73023.2925000002,0.04858934169279,0.0532915360501567,10.21669833,0.0658307210031348,14.15116714,0.054858934169279,6.32597522735596,0.0642633228840125,0.0125391849529781,0.0501567398119122,6.420821623,0.0532915360501567,0.0721003134796238,0.0376175548589342,638,13.15163837,-6.12679999999999,8,-0.702921012,1.12
pdb4kqm.ent,-6.63,6,230.69,14,412.225,11.41150846,36.5956062992126,0.3,-5.557601927,0.0409448818897638,39.56,181258.6831,0.0740157480314961,14.52368616,0.0456692913385827,0.062992125984252,0.0110236220472441,0.031496062992126,0.107086614173228,0.0614173228346457,0.100787401574803,-0.303149606299213,0.0188976377952756,0.0393700787401575,72673.9540000002,0.0488188976377953,0.0535433070866142,10.21669833,0.0661417322834646,14.15116714,0.0535433070866142,6.39969539642334,0.0645669291338583,0.0125984251968504,0.0503937007874016,6.420821623,0.0535433070866142,0.0724409448818898,0.0377952755905512,635,13.15163837,-6.12679999999999,8,-0.702921012,1.12
pdb4kq2.ent,-6.62,4,178.17,11,331.238,10.65963346,36.3102037617555,-0.01,-4.991659148,0.0407523510971787,43.19047619,36879.82654,0.0736677115987461,14.52368616,0.0470219435736677,0.0642633228840125,0.0109717868338558,0.0297805642633229,0.108150470219436,0.061128526645768,0.100313479623824,-0.284326018808777,0.0188087774294671,0.0391849529780564,72854.0617000002,0.04858934169279,0.0532915360501567,10.21669833,0.0673981191222571,9.840535766,0.054858934169279,6.13090381622314,0.061128526645768,0.0125391849529781,0.0501567398119122,6.420821623,0.0532915360501567,0.0752351097178683,0.0376175548589342,638,13.15163837,-4.90589999999999,7,-0.407700499,1.238095238
pdb4kq2.ent,-6.59,4,178.17,11,331.238,10.65963346,36.3102037617555,-0.01,-4.991659148,0.0407523510971787,43.19047619,36879.82654,0.0736677115987461,14.52368616,0.0470219435736677,0.0642633228840125,0.0109717868338558,0.0297805642633229,0.108150470219436,0.061128526645768,0.100313479623824,-0.284326018808777,0.0188087774294671,0.0391849529780564,72854.0617000002,0.04858934169279,0.0532915360501567,10.21669833,0.0673981191222571,9.840535766,0.054858934169279,6.13090381622314,0.061128526645768,0.0125391849529781,0.0501567398119122,6.420821623,0.0532915360501567,0.0752351097178683,0.0376175548589342,638,13.15163837,-4.90589999999999,7,-0.407700499,1.238095238
pdb4kq2.ent,-6.76,4,178.17,11,331.238,10.65963346,36.3102037617555,-0.01,-4.991659148,0.0407523510971787,43.19047619,36879.82654,0.0736677115987461,14.52368616,0.0470219435736677,0.0642633228840125,0.0109717868338558,0.0297805642633229,0.108150470219436,0.061128526645768,0.100313479623824,-0.284326018808777,0.0188087774294671,0.0391849529780564,72854.0617000002,0.04858934169279,0.0532915360501567,10.21669833,0.0673981191222571,9.840535766,0.054858934169279,6.13090381622314,0.061128526645768,0.0125391849529781,0.0501567398119122,6.420821623,0.0532915360501567,0.0752351097178683,0.0376175548589342,638,13.15163837,-4.90589999999999,7,-0.407700499,1.238095238
pdb4kq2.ent,-6.61,4,178.17,11,331.238,10.65963346,35.0240963855422,-0.01,-4.991659148,0.0421686746987952,43.19047619,36879.82654,0.0843373493975904,14.52368616,0.0602409638554217,0.0662650602409639,0.0,0.036144578313253,0.114457831325301,0.0662650602409639,0.102409638554217,-0.22710843373494,0.0120481927710843,0.0421686746987952,18837.0169,0.0421686746987952,0.0481927710843374,10.21669833,0.0662650602409639,9.840535766,0.0421686746987952,5.38443737030029,0.036144578313253,0.0301204819277108,0.0421686746987952,6.420821623,0.0542168674698795,0.0783132530120482,0.0481927710843374,166,13.15163837,-4.90589999999999,7,-0.407700499,1.238095238
pdb4kq1.ent,-6.7,4,178.17,11,331.238,10.65963346,36.3102037617555,-0.01,-4.991659148,0.0407523510971787,43.19047619,36879.82654,0.0736677115987461,14.52368616,0.0470219435736677,0.0642633228840125,0.0109717868338558,0.0297805642633229,0.108150470219436,0.061128526645768,0.100313479623824,-0.284326018808777,0.0188087774294671,0.0391849529780564,72854.0617000002,0.04858934169279,0.0532915360501567,10.21669833,0.0673981191222571,9.840535766,0.054858934169279,6.13090381622314,0.061128526645768,0.0125391849529781,0.0501567398119122,6.420821623,0.0532915360501567,0.0752351097178683,0.0376175548589342,638,13.15163837,-4.90589999999999,7,-0.407700499,1.238095238
pdb4kq1.ent,-6.6,4,178.17,11,331.238,10.65963346,36.3102037617555,-0.01,-4.991659148,0.0407523510971787,43.19047619,36879.82654,0.0736677115987461,14.52368616,0.0470219435736677,0.0642633228840125,0.0109717868338558,0.0297805642633229,0.108150470219436,0.061128526645768,0.100313479623824,-0.284326018808777,0.0188087774294671,0.0391849529780564,72854.0617000002,0.04858934169279,0.0532915360501567,10.21669833,0.0673981191222571,9.840535766,0.054858934169279,6.13090381622314,0.061128526645768,0.0125391849529781,0.0501567398119122,6.420821623,0.0532915360501567,0.0752351097178683,0.0376175548589342,638,13.15163837,-4.90589999999999,7,-0.407700499,1.238095238
pdb4kq1.ent,-6.81,4,178.17,11,331.238,10.65963346,36.3102037617555,-0.01,-4.991659148,0.0407523510971787,43.19047619,36879.82654,0.0736677115987461,14.52368616,0.0470219435736677,0.0642633228840125,0.0109717868338558,0.0297805642633229,0.108150470219436,0.061128526645768,0.100313479623824,-0.284326018808777,0.0188087774294671,0.0391849529780564,72854.0617000002,0.04858934169279,0.0532915360501567,10.21669833,0.0673981191222571,9.840535766,0.054858934169279,6.13090381622314,0.061128526645768,0.0125391849529781,0.0501567398119122,6.420821623,0.0532915360501567,0.0752351097178683,0.0376175548589342,638,13.15163837,-4.90589999999999,7,-0.407700499,1.238095238
pdb4kq1.ent,-6.61,4,178.17,11,331.238,10.65963346,36.1989150943397,-0.01,-4.991659148,0.0408805031446541,43.19047619,36879.82654,0.0738993710691824,14.52368616,0.0455974842767296,0.0644654088050315,0.0110062893081761,0.029874213836478,0.106918238993711,0.0613207547169811,0.10062893081761,-0.288364779874214,0.0188679245283019,0.0393081761006289,72619.8106000002,0.0487421383647799,0.0534591194968554,10.21669833,0.0676100628930818,9.840535766,0.0534591194968554,6.13090381622314,0.0613207547169811,0.0125786163522013,0.050314465408805,6.420821623,0.0534591194968554,0.0754716981132075,0.0377358490566038,636,13.15163837,-4.90589999999999,7,-0.407700499,1.238095238
pdb4js2.ent,-7.2,4,183.96,11,330.254,10.67352235,40.4915408805031,-0.01,-4.975130222,0.0566037735849057,43.19047619,36879.82654,0.050314465408805,20.25735364,0.0754716981132075,0.0566037735849057,0.0188679245283019,0.0440251572327044,0.125786163522013,0.0534591194968554,0.0880503144654088,-0.494025157232704,0.0251572327044025,0.0691823899371069,36777.5636,0.050314465408805,0.0754716981132075,10.21669833,0.050314465408805,9.840535766,0.0440251572327044,8.24204120635987,0.0377358490566038,0.0251572327044025,0.0566037735849057,6.420821623,0.059748427672956,0.0377358490566038,0.0251572327044025,318,13.15163837,-4.93949999999999,7,-0.258009141,1.333333333
pdb4irp.ent,-6.5,6,230.69,14,412.225,11.41150846,46.5009051724138,0.3,-5.557601927,0.0431034482758621,39.56,181258.6831,0.0646551724137931,14.52368616,0.0560344827586207,0.0517241379310345,0.0172413793103448,0.0129310344827586,0.129310344827586,0.0775862068965517,0.107758620689655,-0.328448275862069,0.0172413793103448,0.0517241379310345,26834.2705,0.0474137931034483,0.0387931034482759,10.21669833,0.0603448275862069,14.15116714,0.0646551724137931,7.90667667388916,0.0775862068965517,0.021551724137931,0.0387931034482759,6.420821623,0.0387931034482759,0.0517241379310345,0.0603448275862069,232,13.15163837,-6.12679999999999,8,-0.702921012,1.12
pdb4irp.ent,-6.4,6,230.69,14,412.225,11.41150846,50.6405726872247,0.3,-5.557601927,0.0440528634361234,39.56,181258.6831,0.0616740088105727,14.52368616,0.0572687224669604,0.0484581497797357,0.0176211453744493,0.013215859030837,0.127753303964758,0.079295154185022,0.110132158590308,-0.319823788546256,0.0176211453744493,0.052863436123348,26207.5667,0.0484581497797357,0.0352422907488987,10.21669833,0.0616740088105727,14.15116714,0.0616740088105727,7.90454921722412,0.079295154185022,0.0220264317180617,0.039647577092511,6.420821623,0.039647577092511,0.052863436123348,0.0572687224669604,227,13.15163837,-6.12679999999999,8,-0.702921012,1.12
pdb4hg6.ent,-6.48,6,230.69,14,412.225,11.41150846,48.3443239625169,0.3,-5.557601927,0.0214190093708166,39.56,181258.6831,0.0803212851405623,14.52368616,0.0441767068273092,0.0388219544846051,0.0093708165997322,0.034805890227577,0.104417670682731,0.0615796519410977,0.132530120481928,0.210977242302545,0.0321285140562249,0.069611780455154,83541.7543000004,0.0414993306559572,0.0200803212851406,10.21669833,0.0575635876840696,14.15116714,0.0669344042838019,9.0622724533081,0.0870147255689424,0.0160642570281124,0.0187416331994645,6.420821623,0.037483266398929,0.116465863453815,0.0133868808567604,747,13.15163837,-6.12679999999999,8,-0.702921012,1.12
pdb4gyw.ent,-7.51,6,230.69,14,412.225,11.41150846,37.4284892086332,0.3,-5.557601927,0.037410071942446,39.56,181258.6831,0.0532374100719424,14.52368616,0.0489208633093525,0.0532374100719424,0.0172661870503597,0.0474820143884892,0.0805755395683453,0.0532374100719424,0.0935251798561151,-0.288057553956834,0.0345323741007194,0.0589928057553957,78211.9532000003,0.0460431654676259,0.0589928057553957,10.21669833,0.0517985611510791,14.15116714,0.0330935251798561,7.04817142486572,0.0431654676258993,0.0100719424460432,0.0618705035971223,6.420821623,0.0705035971223022,0.0877697841726619,0.0388489208633093,695,13.15163837,-6.12679999999999,8,-0.702921012,1.12
pdb4gyw.ent,-7.56,6,230.69,14,412.225,11.41150846,35.6500000000001,0.3,-5.557601927,0.0385756676557863,39.56,181258.6831,0.0548961424332344,14.52368616,0.0489614243323442,0.0534124629080119,0.0178041543026706,0.0474777448071217,0.0830860534124629,0.0534124629080119,0.0934718100890208,-0.255044510385757,0.0370919881305638,0.0593471810089021,75897.5490000002,0.0459940652818991,0.0593471810089021,10.21669833,0.0489614243323442,14.15116714,0.0341246290801187,7.44041728973389,0.043026706231454,0.0103857566765579,0.0578635014836795,6.420821623,0.06973293768546,0.0875370919881306,0.0385756676557863,674,13.15163837,-6.12679999999999,8,-0.702921012,1.12
pdb4g2t.ent,-7.42,6,210.46,13,410.253,11.43547108,46.6739884393064,0.34,-5.502394355,0.0144508670520231,39.56,184442.8721,0.0982658959537572,14.52368616,0.0606936416184971,0.0404624277456647,0.0202312138728324,0.023121387283237,0.0520231213872832,0.0809248554913295,0.132947976878613,0.123988439306358,0.0,0.0895953757225434,36865.8679,0.0549132947976879,0.0202312138728324,10.21669833,0.0780346820809249,14.15116714,0.0202312138728324,5.12195491790771,0.0635838150289017,0.0173410404624277,0.0144508670520231,13.34455882,0.0375722543352601,0.11271676300578,0.0202312138728324,346,13.15163837,-4.85159999999999,7,1.35986321,1.24
pdb4frm.ent,-6.55,6,230.69,14,412.225,11.41150846,44.8211663066954,0.3,-5.557601927,0.0280777537796976,39.56,181258.6831,0.0971922246220302,14.52368616,0.0431965442764579,0.0691144708423326,0.0021598272138228,0.0388768898488121,0.0863930885529158,0.0734341252699784,0.116630669546436,-0.188984881209504,0.0129589632829374,0.0539956803455724,52223.0295000001,0.0367170626349892,0.0172786177105832,10.21669833,0.0561555075593952,14.15116714,0.0388768898488121,7.88682041168213,0.110151187904968,0.019438444924406,0.0280777537796976,6.420821623,0.041036717062635,0.0950323974082074,0.0215982721382289,463,13.15163837,-6.12679999999999,8,-0.702921012,1.12
pdb4fre.ent,-6.82,6,230.69,14,412.225,11.41150846,48.1705303030303,0.3,-5.557601927,0.0454545454545455,39.56,181258.6831,0.102272727272727,14.52368616,0.0378787878787879,0.0454545454545455,0.0151515151515152,0.0492424242424242,0.125,0.0606060606060606,0.102272727272727,-0.133712121212121,0.0265151515151515,0.0568181818181818,30534.9019,0.0606060606060606,0.0416666666666667,10.21669833,0.0643939393939394,14.15116714,0.0606060606060606,7.26205654144287,0.0681818181818182,0.0189393939393939,0.0189393939393939,6.420821623,0.0340909090909091,0.0568181818181818,0.0340909090909091,264,13.15163837,-6.12679999999999,8,-0.702921012,1.12
pdb4fra.ent,-6.85,6,230.69,14,412.225,11.41150846,51.5838970588235,0.3,-5.557601927,0.0441176470588235,39.56,181258.6831,0.106617647058824,14.52368616,0.0404411764705882,0.0441176470588235,0.0147058823529412,0.0477941176470588,0.125,0.0551470588235294,0.102941176470588,-0.107720588235294,0.0330882352941176,0.0588235294117647,31624.322,0.0588235294117647,0.0404411764705882,10.21669833,0.0625,14.15116714,0.0625,8.32333583831787,0.0735294117647059,0.0183823529411765,0.0183823529411765,6.420821623,0.0330882352941176,0.0514705882352941,0.0330882352941176,272,13.15163837,-6.12679999999999,8,-0.702921012,1.12
pdb4fiy.ent,-7.09,6,230.69,14,412.225,11.41150846,48.7875796178345,0.3,-5.557601927,0.0286624203821656,39.56,181258.6831,0.071656050955414,14.52368616,0.0477707006369427,0.0652866242038217,0.0111464968152866,0.0382165605095541,0.0875796178343949,0.0573248407643312,0.0971337579617834,-0.265764331210191,0.0238853503184713,0.0668789808917197,70571.7561000002,0.0573248407643312,0.0334394904458599,10.21669833,0.0477707006369427,14.15116714,0.0334394904458599,6.91687335968018,0.0764331210191083,0.0254777070063694,0.0302547770700637,6.420821623,0.0445859872611465,0.106687898089172,0.036624203821656,628,13.15163837,-6.12679999999999,8,-0.702921012,1.12
pdb4fiy.ent,-7.03,6,230.69,14,412.225,11.41150846,48.7875796178345,0.3,-5.557601927,0.0286624203821656,39.56,181258.6831,0.071656050955414,14.52368616,0.0477707006369427,0.0652866242038217,0.0111464968152866,0.0382165605095541,0.0875796178343949,0.0573248407643312,0.0971337579617834,-0.265764331210191,0.0238853503184713,0.0668789808917197,70571.7561000002,0.0573248407643312,0.0334394904458599,10.21669833,0.0477707006369427,14.15116714,0.0334394904458599,6.91687335968018,0.0764331210191083,0.0254777070063694,0.0302547770700637,6.420821623,0.0445859872611465,0.106687898089172,0.036624203821656,628,13.15163837,-6.12679999999999,8,-0.702921012,1.12
pdb4f97.ent,-5.47,6,260.54,16,453.282,11.54709042,35.8226694915254,0.22,-5.561978886,0.0190677966101695,43.89285714,1122914.608,0.0677966101694915,20.25735364,0.0466101694915254,0.0741525423728814,0.0084745762711864,0.0254237288135593,0.0805084745762712,0.0635593220338983,0.0889830508474576,-0.278601694915255,0.0169491525423729,0.0550847457627119,52280.1380000002,0.0529661016949153,0.0105932203389831,20.85027554,0.0614406779661017,24.78474434,0.0338983050847458,5.33822727203369,0.0953389830508475,0.0275423728813559,0.0444915254237288,0.0,0.0444915254237288,0.139830508474576,0.0233050847457627,472,13.27557315,-7.70549999999999,10,-0.628557901,1.142857143
pdb4f97.ent,-5.42,6,260.54,16,453.282,11.54709042,35.7721276595745,0.22,-5.561978886,0.0191489361702128,43.89285714,1122914.608,0.0680851063829787,20.25735364,0.0446808510638298,0.074468085106383,0.0085106382978723,0.025531914893617,0.0808510638297872,0.0617021276595745,0.0893617021276596,-0.26468085106383,0.0170212765957447,0.0531914893617021,52073.9367000002,0.0553191489361702,0.0106382978723404,20.85027554,0.0617021276595745,24.78474434,0.0340425531914894,5.28207035064697,0.0957446808510638,0.0276595744680851,0.0446808510638298,0.0,0.0446808510638298,0.142553191489362,0.0212765957446808,470,13.27557315,-7.70549999999999,10,-0.628557901,1.142857143
pdb4dec.ent,-6.86,6,230.69,14,412.225,11.41150846,35.7929929577465,0.3,-5.557601927,0.0140845070422535,39.56,181258.6831,0.0915492957746479,14.52368616,0.0704225352112676,0.0598591549295775,0.0070422535211267,0.0211267605633803,0.0528169014084507,0.0915492957746479,0.140845070422535,0.172535211267605,0.0105633802816901,0.0774647887323944,30514.7651,0.0563380281690141,0.0140845070422535,10.21669833,0.0598591549295775,14.15116714,0.0211267605633803,5.0094705581665,0.073943661971831,0.0176056338028169,0.0140845070422535,6.420821623,0.0598591549295775,0.0845070422535211,0.0140845070422535,284,13.15163837,-6.12679999999999,8,-0.702921012,1.12
pdb3zy6.ent,-7.42,8,319.46,20,599.424,12.33831391,41.3311428571429,0.06,-5.796243185,0.0228571428571429,47.73684211,149044923.1,0.0685714285714286,19.73114055,0.0628571428571429,0.0514285714285714,0.0228571428571429,0.0428571428571429,0.117142857142857,0.0657142857142857,0.0571428571428571,-0.324,0.0228571428571429,0.0714285714285714,39621.8895000001,0.0485714285714286,0.0714285714285714,20.85027554,0.0685714285714286,24.78474434,0.0742857142857143,6.87526721954346,0.0457142857142857,0.02,0.0285714285714286,6.9237372,0.0571428571428571,0.0685714285714286,0.0285714285714286,350,13.27557315,-8.85370000000001,12,0.502013343,0.947368421
pdb3zy3.ent,-6.03,6,260.54,16,453.282,11.54709042,41.153125,0.22,-5.561978886,0.0227272727272727,43.89285714,1122914.608,0.0681818181818182,20.25735364,0.0625,0.0511363636363636,0.0227272727272727,0.0426136363636364,0.116477272727273,0.0653409090909091,0.0568181818181818,-0.344886363636364,0.0227272727272727,0.0710227272727273,39907.1892000001,0.0482954545454545,0.0710227272727273,20.85027554,0.0710227272727273,24.78474434,0.0738636363636364,6.88697605133057,0.0482954545454545,0.0198863636363636,0.0284090909090909,0.0,0.0568181818181818,0.0681818181818182,0.0284090909090909,352,13.27557315,-7.70549999999999,10,-0.628557901,1.142857143
pdb3zy3.ent,-5.84,6,260.54,16,453.282,11.54709042,38.3801152737752,0.22,-5.561978886,0.0259365994236311,43.89285714,1122914.608,0.069164265129683,20.25735364,0.0605187319884726,0.0518731988472623,0.0230547550432277,0.0403458213256484,0.121037463976945,0.0662824207492795,0.0576368876080692,-0.291066282420749,0.0230547550432277,0.0720461095100865,39345.6826000001,0.0489913544668588,0.0720461095100865,20.85027554,0.0662824207492795,24.78474434,0.0749279538904899,7.06022129058838,0.0461095100864553,0.0201729106628242,0.0288184438040346,0.0,0.0605187319884726,0.0662824207492795,0.0259365994236311,347,13.27557315,-7.70549999999999,10,-0.628557901,1.142857143
pdb3zf8.ent,-5.63,6,260.54,16,453.282,11.54709042,59.8757986111111,0.22,-5.561978886,0.0451388888888889,43.89285714,1122914.608,0.0381944444444444,20.25735364,0.0347222222222222,0.0555555555555556,0.0034722222222222,0.0451388888888889,0.100694444444444,0.0520833333333333,0.100694444444444,-0.40625,0.0277777777777778,0.0451388888888889,33014.1119,0.0590277777777778,0.0590277777777778,20.85027554,0.0798611111111111,24.78474434,0.0416666666666667,5.57064189910889,0.0416666666666667,0.0138888888888889,0.0590277777777778,0.0,0.0729166666666667,0.0868055555555556,0.0381944444444444,288,13.27557315,-7.70549999999999,10,-0.628557901,1.142857143
pdb3wag.ent,-6.8,6,210.46,13,410.253,11.43547108,35.0431077694236,0.34,-5.502394355,0.0225563909774436,39.56,184442.8721,0.087719298245614,14.52368616,0.037593984962406,0.0676691729323308,0.0050125313283208,0.0325814536340852,0.0776942355889724,0.0576441102756892,0.107769423558897,-0.057142857142857,0.025062656641604,0.0676691729323308,43938.3414000001,0.0676691729323308,0.0100250626566416,10.21669833,0.0576441102756892,14.15116714,0.0300751879699248,5.02754535675049,0.0651629072681704,0.025062656641604,0.0325814536340852,13.34455882,0.0350877192982456,0.130325814536341,0.0350877192982456,399,13.15163837,-4.85159999999999,7,1.35986321,1.24
pdb3wag.ent,-6.93,6,210.46,13,410.253,11.43547108,36.0139650872818,0.34,-5.502394355,0.0224438902743142,39.56,184442.8721,0.0872817955112219,14.52368616,0.0399002493765586,0.0673316708229426,0.0049875311720698,0.0324189526184539,0.0773067331670823,0.057356608478803,0.107231920199501,-0.070074812967581,0.0249376558603491,0.0673316708229426,44181.6044000001,0.0673316708229426,0.0099750623441396,10.21669833,0.057356608478803,14.15116714,0.0299251870324189,5.087624168396,0.0673316708229426,0.0249376558603491,0.0324189526184539,13.34455882,0.0349127182044888,0.129675810473815,0.0349127182044888,401,13.15163837,-4.85159999999999,7,1.35986321,1.24
pdb3vuf.ent,-6.52,4,175.34,11,332.246,9.943468443,26.1100409836065,-0.01,-4.741659148,0.0389344262295082,43.19047619,36879.82654,0.0860655737704918,19.41709776,0.040983606557377,0.0573770491803279,0.0204918032786885,0.0245901639344262,0.0922131147540984,0.0819672131147541,0.0819672131147541,-0.174795081967214,0.0327868852459016,0.0512295081967213,54262.9678,0.0368852459016393,0.069672131147541,10.21669833,0.0635245901639344,9.840535766,0.0389344262295082,7.20527439117432,0.0512295081967213,0.014344262295082,0.0471311475409836,6.420821623,0.0532786885245902,0.0901639344262295,0.0184426229508197,488,13.15163837,-4.2739,8,-0.33285482,1.142857143
pdb3v8z.ent,-6.66,6,230.69,14,412.225,11.41150846,28.105859375,0.3,-5.557601927,0.03515625,39.56,181258.6831,0.078125,14.52368616,0.078125,0.0703125,0.01171875,0.046875,0.12109375,0.046875,0.11328125,-0.08203125,0.015625,0.04296875,28836.3763,0.09765625,0.046875,10.21669833,0.03125,14.15116714,0.0625,5.58797779083252,0.03125,0.0234375,0.0390625,6.420821623,0.03515625,0.06640625,0.02734375,256,13.15163837,-6.12679999999999,8,-0.702921012,1.12
pdb3uyl.ent,-8.41,6,210.46,13,410.253,11.43547108,45.5040322580645,0.34,-5.502394355,0.0161290322580645,39.56,184442.8721,0.0725806451612903,14.52368616,0.0403225806451613,0.0483870967741936,0.0241935483870968,0.0430107526881721,0.0564516129032258,0.0752688172043011,0.129032258064516,0.164516129032258,0.0161290322580645,0.0940860215053763,39462.8681,0.0618279569892473,0.0026881720430107,10.21669833,0.0456989247311828,14.15116714,0.0268817204301075,5.31714000701904,0.0591397849462366,0.0134408602150538,0.021505376344086,13.34455882,0.0349462365591398,0.145161290322581,0.0295698924731183,372,13.15163837,-4.85159999999999,7,1.35986321,1.24
pdb3uyl.ent,-8.32,6,210.46,13,410.253,11.43547108,45.9254054054054,0.34,-5.502394355,0.0162162162162162,39.56,184442.8721,0.072972972972973,14.52368616,0.0405405405405405,0.0486486486486487,0.0243243243243243,0.0432432432432432,0.0567567567567568,0.0756756756756757,0.12972972972973,0.175945945945946,0.0162162162162162,0.0945945945945946,39224.6249000001,0.0594594594594595,0.0027027027027027,10.21669833,0.045945945945946,14.15116714,0.027027027027027,5.23267726898193,0.0594594594594595,0.0135135135135135,0.0216216216216216,13.34455882,0.0351351351351351,0.145945945945946,0.027027027027027,370,13.15163837,-4.85159999999999,7,1.35986321,1.24
pdb3u2u.ent,-7.21,6,230.69,14,412.225,11.41150846,31.3555133079848,0.3,-5.557601927,0.0342205323193916,39.56,181258.6831,0.0836501901140684,14.52368616,0.0874524714828897,0.0722433460076046,0.0114068441064639,0.0342205323193916,0.114068441064639,0.0456273764258555,0.11787072243346,-0.0490494296577947,0.0228136882129278,0.0494296577946768,29582.3698,0.0836501901140684,0.0494296577946768,10.21669833,0.0342205323193916,14.15116714,0.0570342205323194,5.55705738067627,0.0304182509505703,0.0228136882129278,0.0380228136882129,6.420821623,0.0342205323193916,0.0608365019011407,0.0304182509505703,263,13.15163837,-6.12679999999999,8,-0.702921012,1.12
pdb3u2u.ent,-7.19,6,230.69,14,412.225,11.41150846,31.3555133079848,0.3,-5.557601927,0.0342205323193916,39.56,181258.6831,0.0836501901140684,14.52368616,0.0874524714828897,0.0722433460076046,0.0114068441064639,0.0342205323193916,0.114068441064639,0.0456273764258555,0.11787072243346,-0.0490494296577947,0.0228136882129278,0.0494296577946768,29582.3698,0.0836501901140684,0.0494296577946768,10.21669833,0.0342205323193916,14.15116714,0.0570342205323194,5.55705738067627,0.0304182509505703,0.0228136882129278,0.0380228136882129,6.420821623,0.0342205323193916,0.0608365019011407,0.0304182509505703,263,13.15163837,-6.12679999999999,8,-0.702921012,1.12
pdb3siw.ent,-7.36,6,260.54,16,453.282,11.54709042,54.2165517241379,0.22,-5.561978886,0.0241379310344828,43.89285714,1122914.608,0.0655172413793104,20.25735364,0.0655172413793104,0.0620689655172414,0.0344827586206897,0.0275862068965517,0.110344827586207,0.0448275862068966,0.0758620689655172,-0.124137931034483,0.0172413793103448,0.0620689655172414,33143.605,0.0379310344827586,0.0241379310344828,20.85027554,0.0689655172413793,24.78474434,0.0655172413793104,5.91735973358154,0.0931034482758621,0.0206896551724138,0.0275862068965517,0.0,0.0724137931034483,0.0896551724137931,0.0206896551724138,290,13.27557315,-7.70549999999999,10,-0.628557901,1.142857143
pdb3s2u.ent,-8.61,11,321.87,20,617.435,12.52019331,43.42416918429,0.06,-5.898921529,0.0120845921450151,42.43589744,154682644.9,0.081570996978852,13.99747307,0.0302114803625378,0.0302114803625378,0.0151057401812689,0.0362537764350453,0.0453172205438066,0.0876132930513595,0.138972809667674,0.176132930513595,0.0120845921450151,0.0694864048338369,35040.159,0.0513595166163142,0.0151057401812689,15.53348694,0.0574018126888218,19.46795574,0.027190332326284,8.69061222076416,0.081570996978852,0.0060422960725075,0.027190332326284,13.34455882,0.0332326283987915,0.16012084592145,0.027190332326284,331,19.75852033,-8.367,12,-0.542919531,1.0
pdb3s28.ent,-6.88,6,230.69,14,412.225,11.41150846,34.6231882202306,0.3,-5.557601927,0.0422535211267606,39.56,181258.6831,0.0627400768245839,14.52368616,0.0409731113956466,0.0550576184379001,0.0128040973111396,0.0358514724711908,0.104993597951344,0.0627400768245839,0.125480153649168,-0.307810499359795,0.0153649167733675,0.0435339308578745,89771.8688000006,0.0512163892445583,0.0691421254801536,10.21669833,0.089628681177977,14.15116714,0.0486555697823304,5.80066928863525,0.0537772087067862,0.0140845070422535,0.0358514724711908,6.420821623,0.0524967989756722,0.060179257362356,0.028169014084507,781,13.15163837,-6.12679999999999,8,-0.702921012,1.12
pdb3s28.ent,-6.93,6,230.69,14,412.225,11.41150846,34.6547564102565,0.3,-5.557601927,0.0423076923076923,39.56,181258.6831,0.0628205128205128,14.52368616,0.041025641025641,0.0551282051282051,0.0128205128205128,0.0358974358974359,0.105128205128205,0.0628205128205128,0.125641025641026,-0.303717948717949,0.0153846153846154,0.0435897435897436,89657.7662000006,0.0512820512820513,0.0692307692307692,10.21669833,0.0897435897435897,14.15116714,0.0487179487179487,5.8010103225708,0.0538461538461539,0.0141025641025641,0.0346153846153846,6.420821623,0.0525641025641026,0.0602564102564103,0.0282051282051282,780,13.15163837,-6.12679999999999,8,-0.702921012,1.12
pdb3s28.ent,-6.82,6,230.69,14,412.225,11.41150846,34.6231882202306,0.3,-5.557601927,0.0422535211267606,39.56,181258.6831,0.0627400768245839,14.52368616,0.0409731113956466,0.0550576184379001,0.0128040973111396,0.0358514724711908,0.104993597951344,0.0627400768245839,0.125480153649168,-0.307810499359795,0.0153649167733675,0.0435339308578745,89771.8688000006,0.0512163892445583,0.0691421254801536,10.21669833,0.089628681177977,14.15116714,0.0486555697823304,5.80066928863525,0.0537772087067862,0.0140845070422535,0.0358514724711908,6.420821623,0.0524967989756722,0.060179257362356,0.028169014084507,781,13.15163837,-6.12679999999999,8,-0.702921012,1.12
pdb3s28.ent,-6.85,6,230.69,14,412.225,11.41150846,34.6231882202306,0.3,-5.557601927,0.0422535211267606,39.56,181258.6831,0.0627400768245839,14.52368616,0.0409731113956466,0.0550576184379001,0.0128040973111396,0.0358514724711908,0.104993597951344,0.0627400768245839,0.125480153649168,-0.307810499359795,0.0153649167733675,0.0435339308578745,89771.8688000006,0.0512163892445583,0.0691421254801536,10.21669833,0.089628681177977,14.15116714,0.0486555697823304,5.80066928863525,0.0537772087067862,0.0140845070422535,0.0358514724711908,6.420821623,0.0524967989756722,0.060179257362356,0.028169014084507,781,13.15163837,-6.12679999999999,8,-0.702921012,1.12
pdb3s28.ent,-6.91,6,230.69,14,412.225,11.41150846,34.6231882202306,0.3,-5.557601927,0.0422535211267606,39.56,181258.6831,0.0627400768245839,14.52368616,0.0409731113956466,0.0550576184379001,0.0128040973111396,0.0358514724711908,0.104993597951344,0.0627400768245839,0.125480153649168,-0.307810499359795,0.0153649167733675,0.0435339308578745,89771.8688000006,0.0512163892445583,0.0691421254801536,10.21669833,0.089628681177977,14.15116714,0.0486555697823304,5.80066928863525,0.0537772087067862,0.0140845070422535,0.0358514724711908,6.420821623,0.0524967989756722,0.060179257362356,0.028169014084507,781,13.15163837,-6.12679999999999,8,-0.702921012,1.12
pdb3s28.ent,-6.89,6,230.69,14,412.225,11.41150846,34.6231882202306,0.3,-5.557601927,0.0422535211267606,39.56,181258.6831,0.0627400768245839,14.52368616,0.0409731113956466,0.0550576184379001,0.0128040973111396,0.0358514724711908,0.104993597951344,0.0627400768245839,0.125480153649168,-0.307810499359795,0.0153649167733675,0.0435339308578745,89771.8688000006,0.0512163892445583,0.0691421254801536,10.21669833,0.089628681177977,14.15116714,0.0486555697823304,5.80066928863525,0.0537772087067862,0.0140845070422535,0.0358514724711908,6.420821623,0.0524967989756722,0.060179257362356,0.028169014084507,781,13.15163837,-6.12679999999999,8,-0.702921012,1.12
pdb3s28.ent,-6.92,6,230.69,14,412.225,11.41150846,34.6231882202306,0.3,-5.557601927,0.0422535211267606,39.56,181258.6831,0.0627400768245839,14.52368616,0.0409731113956466,0.0550576184379001,0.0128040973111396,0.0358514724711908,0.104993597951344,0.0627400768245839,0.125480153649168,-0.307810499359795,0.0153649167733675,0.0435339308578745,89771.8688000006,0.0512163892445583,0.0691421254801536,10.21669833,0.089628681177977,14.15116714,0.0486555697823304,5.80066928863525,0.0537772087067862,0.0140845070422535,0.0358514724711908,6.420821623,0.0524967989756722,0.060179257362356,0.028169014084507,781,13.15163837,-6.12679999999999,8,-0.702921012,1.12
pdb3s28.ent,-6.95,6,230.69,14,412.225,11.41150846,34.6547564102565,0.3,-5.557601927,0.0423076923076923,39.56,181258.6831,0.0628205128205128,14.52368616,0.041025641025641,0.0551282051282051,0.0128205128205128,0.0358974358974359,0.105128205128205,0.0628205128205128,0.125641025641026,-0.303717948717949,0.0153846153846154,0.0435897435897436,89657.7662000006,0.0512820512820513,0.0692307692307692,10.21669833,0.0897435897435897,14.15116714,0.0487179487179487,5.8010103225708,0.0538461538461539,0.0141025641025641,0.0346153846153846,6.420821623,0.0525641025641026,0.0602564102564103,0.0282051282051282,780,13.15163837,-6.12679999999999,8,-0.702921012,1.12
pdb3rhz.ent,-7.61,6,230.69,14,412.225,11.41150846,36.987303030303,0.3,-5.557601927,0.0454545454545455,39.56,181258.6831,0.0909090909090909,14.52368616,0.0484848484848485,0.0575757575757576,0.0151515151515152,0.0515151515151515,0.112121212121212,0.0606060606060606,0.0848484848484848,-0.18969696969697,0.0363636363636364,0.0393939393939394,38040.4177,0.0454545454545455,0.0666666666666667,10.21669833,0.0636363636363636,14.15116714,0.0484848484848485,5.77139720916748,0.0393939393939394,0.0181818181818182,0.0575757575757576,6.420821623,0.0727272727272727,0.0393939393939394,0.0181818181818182,330,13.15163837,-6.12679999999999,8,-0.702921012,1.12
pdb3rhz.ent,-7.58,6,230.69,14,412.225,11.41150846,37.5788650306748,0.3,-5.557601927,0.0460122699386503,39.56,181258.6831,0.0920245398773006,14.52368616,0.0460122699386503,0.0582822085889571,0.0153374233128834,0.0521472392638037,0.110429447852761,0.0552147239263804,0.0858895705521472,-0.195705521472393,0.0368098159509202,0.0398773006134969,37692.064,0.0460122699386503,0.0674846625766871,10.21669833,0.0644171779141104,14.15116714,0.0460122699386503,5.77139720916748,0.0398773006134969,0.0184049079754601,0.0582822085889571,6.420821623,0.0736196319018405,0.0398773006134969,0.0184049079754601,326,13.15163837,-6.12679999999999,8,-0.702921012,1.12
pdb3q3h.ent,-7.09,6,230.69,14,412.225,11.41150846,48.4529354838711,0.3,-5.557601927,0.0387096774193548,39.56,181258.6831,0.0645161290322581,14.52368616,0.0661290322580645,0.0483870967741936,0.0161290322580645,0.0306451612903226,0.0983870967741935,0.0451612903225806,0.104838709677419,-0.162258064516129,0.0241935483870968,0.0467741935483871,70485.6120000003,0.0451612903225806,0.0419354838709677,10.21669833,0.0725806451612903,14.15116714,0.0516129032258065,5.78515224456787,0.0483870967741936,0.0080645161290322,0.0612903225806452,6.420821623,0.067741935483871,0.0741935483870968,0.0435483870967742,620,13.15163837,-6.12679999999999,8,-0.702921012,1.12
pdb3q3h.ent,-6.75,6,230.69,14,412.225,11.41150846,47.626924369748,0.3,-5.557601927,0.0403361344537815,39.56,181258.6831,0.0672268907563025,14.52368616,0.0638655462184874,0.0487394957983193,0.0168067226890756,0.0319327731092437,0.102521008403361,0.0470588235294118,0.104201680672269,-0.120336134453782,0.0235294117647059,0.0453781512605042,67651.5294000003,0.0453781512605042,0.0420168067226891,10.21669833,0.0689075630252101,14.15116714,0.053781512605042,5.85011920928955,0.0470588235294118,0.0084033613445378,0.0588235294117647,6.420821623,0.0689075630252101,0.0739495798319328,0.0436974789915966,595,13.15163837,-6.12679999999999,8,-0.702921012,1.12
pdb3oy7.ent,-7.66,9,339.69,21,615.423,12.35448675,21.1278316326531,0.02,-5.89063094,0.038265306122449,46.82051282,253378350.3,0.0994897959183673,15.20739338,0.0739795918367347,0.0816326530612245,0.0229591836734694,0.0076530612244898,0.102040816326531,0.0688775510204082,0.0663265306122449,0.0178571428571429,0.0255102040816327,0.0255102040816327,44085.2208000001,0.0280612244897959,0.0637755102040816,20.85027554,0.0433673469387755,29.30849151,0.0510204081632653,6.35638408660889,0.0510204081632653,0.0127551020408163,0.0510204081632653,0.0,0.0943877551020408,0.0612244897959184,0.0331632653061224,392,19.88245512,-9.88130000000001,13,-1.693562908,0.897435897
pdb3oy7.ent,-7.51,9,339.69,21,615.423,12.35448675,21.1278316326531,0.02,-5.89063094,0.038265306122449,46.82051282,253378350.3,0.0994897959183673,15.20739338,0.0739795918367347,0.0816326530612245,0.0229591836734694,0.0076530612244898,0.102040816326531,0.0688775510204082,0.0663265306122449,0.0178571428571429,0.0255102040816327,0.0255102040816327,44085.2208000001,0.0280612244897959,0.0637755102040816,20.85027554,0.0433673469387755,29.30849151,0.0510204081632653,6.35638408660889,0.0510204081632653,0.0127551020408163,0.0510204081632653,0.0,0.0943877551020408,0.0612244897959184,0.0331632653061224,392,19.88245512,-9.88130000000001,13,-1.693562908,0.897435897
pdb3otk.ent,-6.76,6,230.69,14,412.225,11.41150846,41.6637127371274,0.3,-5.557601927,0.043360433604336,39.56,181258.6831,0.0813008130081301,14.52368616,0.0542005420054201,0.0542005420054201,0.024390243902439,0.032520325203252,0.113821138211382,0.040650406504065,0.0785907859078591,-0.323306233062331,0.029810298102981,0.0569105691056911,42690.7159000001,0.043360433604336,0.0731707317073171,10.21669833,0.0677506775067751,14.15116714,0.0487804878048781,8.0237512588501,0.0542005420054201,0.021680216802168,0.0542005420054201,6.420821623,0.0569105691056911,0.0623306233062331,0.021680216802168,369,13.15163837,-6.12679999999999,8,-0.702921012,1.12
pdb3otk.ent,-6.72,6,230.69,14,412.225,11.41150846,41.3801928374656,0.3,-5.557601927,0.0440771349862259,39.56,181258.6831,0.0798898071625344,14.52368616,0.0550964187327824,0.0550964187327824,0.0247933884297521,0.0303030303030303,0.112947658402204,0.0413223140495868,0.0798898071625344,-0.304407713498623,0.0303030303030303,0.0578512396694215,41903.7516000001,0.0440771349862259,0.068870523415978,10.21669833,0.068870523415978,14.15116714,0.046831955922865,6.78608684539795,0.0523415977961433,0.0220385674931129,0.0550964187327824,6.420821623,0.0578512396694215,0.0633608815426997,0.0220385674931129,363,13.15163837,-6.12679999999999,8,-0.702921012,1.12
pdb3otk.ent,-6.81,6,230.69,14,412.225,11.41150846,41.1066944444444,0.3,-5.557601927,0.0444444444444444,39.56,181258.6831,0.0805555555555556,14.52368616,0.0555555555555556,0.0555555555555556,0.025,0.0305555555555556,0.113888888888889,0.0416666666666667,0.0777777777777778,-0.328055555555556,0.0305555555555556,0.0583333333333333,41576.3325000001,0.0416666666666667,0.0694444444444444,10.21669833,0.0694444444444444,14.15116714,0.0472222222222222,6.78608684539795,0.0527777777777778,0.0222222222222222,0.0555555555555556,6.420821623,0.0555555555555556,0.0638888888888889,0.0222222222222222,360,13.15163837,-6.12679999999999,8,-0.702921012,1.12
pdb3otk.ent,-6.92,6,230.69,14,412.225,11.41150846,41.8231043956044,0.3,-5.557601927,0.043956043956044,39.56,181258.6831,0.0824175824175824,14.52368616,0.0549450549450549,0.0549450549450549,0.0247252747252747,0.0302197802197802,0.112637362637363,0.0412087912087912,0.0796703296703297,-0.292032967032967,0.0302197802197802,0.0576923076923077,42002.8826000001,0.043956043956044,0.0686813186813187,10.21669833,0.0686813186813187,14.15116714,0.0467032967032967,6.78608684539795,0.0521978021978022,0.021978021978022,0.0549450549450549,6.420821623,0.0576923076923077,0.0631868131868132,0.021978021978022,364,13.15163837,-6.12679999999999,8,-0.702921012,1.12
pdb3oti.ent,-7.53,6,210.46,13,410.253,11.43547108,37.321635883905,0.34,-5.502394355,0.0105540897097625,39.56,184442.8721,0.108179419525066,14.52368616,0.0395778364116095,0.0659630606860158,0.0026385224274406,0.029023746701847,0.0554089709762533,0.0817941952506596,0.0976253298153034,0.0891820580474932,0.0211081794195251,0.0712401055408971,40803.2274000001,0.0580474934036939,0.0105540897097625,10.21669833,0.0606860158311346,14.15116714,0.029023746701847,5.25592441558838,0.0817941952506596,0.0158311345646438,0.0105540897097625,13.34455882,0.050131926121372,0.129287598944591,0.0263852242744063,379,13.15163837,-4.85159999999999,7,1.35986321,1.24
pdb3oti.ent,-7.55,6,210.46,13,410.253,11.43547108,37.321635883905,0.34,-5.502394355,0.0105540897097625,39.56,184442.8721,0.108179419525066,14.52368616,0.0395778364116095,0.0659630606860158,0.0026385224274406,0.029023746701847,0.0554089709762533,0.0817941952506596,0.0976253298153034,0.0891820580474932,0.0211081794195251,0.0712401055408971,40803.2274000001,0.0580474934036939,0.0105540897097625,10.21669833,0.0606860158311346,14.15116714,0.029023746701847,5.25592441558838,0.0817941952506596,0.0158311345646438,0.0105540897097625,13.34455882,0.050131926121372,0.129287598944591,0.0263852242744063,379,13.15163837,-4.85159999999999,7,1.35986321,1.24
pdb3okp.ent,-6.44,9,339.69,21,615.423,12.35448675,42.4026455026455,0.02,-5.89063094,0.0211640211640212,46.82051282,253378350.3,0.0740740740740741,15.20739338,0.0661375661375661,0.0529100529100529,0.0052910052910052,0.0343915343915344,0.0634920634920635,0.0793650793650794,0.0846560846560847,-0.142063492063492,0.0238095238095238,0.0582010582010582,41038.3218000001,0.0767195767195767,0.037037037037037,20.85027554,0.0634920634920635,29.30849151,0.0291005291005291,6.20570392608643,0.0714285714285714,0.0132275132275132,0.0185185185185185,0.0,0.0608465608465608,0.111111111111111,0.0185185185185185,378,19.88245512,-9.88130000000001,13,-1.693562908,0.897435897
pdb3okc.ent,-6.59,6,260.54,16,453.282,11.54709042,42.4026455026455,0.22,-5.561978886,0.0211640211640212,43.89285714,1122914.608,0.0740740740740741,20.25735364,0.0661375661375661,0.0529100529100529,0.0052910052910052,0.0343915343915344,0.0634920634920635,0.0793650793650794,0.0846560846560847,-0.142063492063492,0.0238095238095238,0.0582010582010582,41038.3218000001,0.0767195767195767,0.037037037037037,20.85027554,0.0634920634920635,24.78474434,0.0291005291005291,6.20570392608643,0.0714285714285714,0.0132275132275132,0.0185185185185185,0.0,0.0608465608465608,0.111111111111111,0.0185185185185185,378,13.27557315,-7.70549999999999,10,-0.628557901,1.142857143
pdb3o3p.ent,-7.46,9,339.69,21,615.423,12.35448675,44.4773899371069,0.02,-5.89063094,0.0377358490566038,46.82051282,253378350.3,0.0943396226415094,15.20739338,0.0440251572327044,0.0628930817610063,0.0031446540880503,0.0408805031446541,0.0817610062893082,0.0911949685534591,0.113207547169811,-0.215408805031447,0.0157232704402516,0.0566037735849057,35191.4396,0.0314465408805031,0.0220125786163522,20.85027554,0.0849056603773585,29.30849151,0.0377358490566038,5.09296703338623,0.0880503144654088,0.0062893081761006,0.0188679245283019,0.0,0.0314465408805031,0.10062893081761,0.0188679245283019,318,19.88245512,-9.88130000000001,13,-1.693562908,0.897435897
pdb3mbo.ent,-6.74,6,230.69,14,412.225,11.41150846,33.4688172043011,0.3,-5.557601927,0.0430107526881721,39.56,181258.6831,0.0967741935483871,14.52368616,0.0510752688172043,0.0564516129032258,0.0161290322580645,0.0456989247311828,0.0779569892473118,0.0698924731182796,0.104838709677419,-0.0303763440860215,0.021505376344086,0.0295698924731183,41790.5612000001,0.0510752688172043,0.0564516129032258,10.21669833,0.0806451612903226,14.15116714,0.0349462365591398,5.35004978179932,0.0403225806451613,0.0,0.032258064516129,6.420821623,0.0806451612903226,0.0537634408602151,0.0349462365591398,372,13.15163837,-6.12679999999999,8,-0.702921012,1.12
pdb3mbo.ent,-6.79,6,230.69,14,412.225,11.41150846,33.1782841823056,0.3,-5.557601927,0.0428954423592493,39.56,181258.6831,0.096514745308311,14.52368616,0.0509383378016086,0.0563002680965148,0.0160857908847185,0.0455764075067024,0.0777479892761394,0.0697050938337802,0.10455764075067,-0.0579088471849866,0.0187667560321716,0.0294906166219839,41943.7232000001,0.0509383378016086,0.0589812332439678,10.21669833,0.0804289544235925,14.15116714,0.0348525469168901,5.50226459503174,0.0428954423592493,0.0,0.032171581769437,6.420821623,0.0804289544235925,0.0536193029490617,0.0348525469168901,373,13.15163837,-6.12679999999999,8,-0.702921012,1.12
pdb3mbo.ent,-6.63,6,230.69,14,412.225,11.41150846,33.6861333333333,0.3,-5.557601927,0.0426666666666667,39.56,181258.6831,0.096,14.52368616,0.0506666666666667,0.056,0.016,0.0453333333333333,0.0773333333333333,0.0693333333333333,0.106666666666667,-0.0568,0.0186666666666667,0.0293333333333333,42170.9834000001,0.0506666666666667,0.0586666666666667,10.21669833,0.08,14.15116714,0.0346666666666667,5.50226459503174,0.0426666666666667,0.0,0.0346666666666667,6.420821623,0.08,0.0533333333333333,0.0346666666666667,375,13.15163837,-6.12679999999999,8,-0.702921012,1.12
pdb3mbo.ent,-6.41,6,230.69,14,412.225,11.41150846,33.3162601626016,0.3,-5.557601927,0.040650406504065,39.56,181258.6831,0.0975609756097561,14.52368616,0.0514905149051491,0.0569105691056911,0.016260162601626,0.043360433604336,0.0731707317073171,0.0704607046070461,0.105691056910569,-0.0409214092140921,0.018970189701897,0.029810298102981,41349.0613000001,0.0514905149051491,0.0596205962059621,10.21669833,0.0813008130081301,14.15116714,0.032520325203252,5.42479305267334,0.040650406504065,0.0,0.032520325203252,6.420821623,0.0813008130081301,0.0542005420054201,0.035230352303523,369,13.15163837,-6.12679999999999,8,-0.702921012,1.12
pdb3lw6.ent,-6.72,6,230.69,14,412.225,11.41150846,44.3510373443983,0.3,-5.557601927,0.037344398340249,39.56,181258.6831,0.0746887966804979,14.52368616,0.033195020746888,0.0788381742738589,0.016597510373444,0.045643153526971,0.112033195020747,0.053941908713693,0.103734439834025,-0.430290456431536,0.029045643153527,0.04149377593361,28297.1597,0.04149377593361,0.0622406639004149,10.21669833,0.033195020746888,14.15116714,0.0622406639004149,8.8159387588501,0.0663900414937759,0.012448132780083,0.0622406639004149,6.420821623,0.0497925311203319,0.037344398340249,0.0580912863070539,241,13.15163837,-6.12679999999999,8,-0.702921012,1.12
pdb3jt1.ent,-6.77,6,230.69,14,412.225,11.41150846,44.8879603960396,0.3,-5.557601927,0.0336633663366337,39.56,181258.6831,0.0475247524752475,14.52368616,0.0653465346534654,0.0574257425742574,0.0099009900990099,0.0336633663366337,0.0930693069306931,0.0554455445544554,0.099009900990099,-0.325940594059406,0.0237623762376238,0.0534653465346535,57192.7228000001,0.0475247524752475,0.0712871287128713,10.21669833,0.0712871287128713,14.15116714,0.0514851485148515,6.14323787689209,0.0435643564356436,0.0079207920792079,0.0554455445544554,6.420821623,0.0752475247524752,0.0673267326732673,0.0297029702970297,505,13.15163837,-6.12679999999999,8,-0.702921012,1.12
pdb3e3n.ent,-5.36,4,187.79,12,356.296,10.78689356,37.1011439114392,-0.05,-4.952840235,0.044280442804428,46.08695652,165343.2902,0.0750307503075031,20.25735364,0.033210332103321,0.0553505535055351,0.011070110701107,0.03690036900369,0.100861008610086,0.0578105781057811,0.0947109471094711,-0.355473554735547,0.025830258302583,0.039360393603936,93794.3936000004,0.044280442804428,0.0553505535055351,20.85027554,0.0774907749077491,20.47411297,0.041820418204182,7.15122051239014,0.0762607626076261,0.014760147601476,0.0516605166051661,0.0,0.0602706027060271,0.0774907749077491,0.027060270602706,813,19.94426434,-5.80299999999999,8,0.346269196,1.260869565
pdb3e3n.ent,-5.17,4,187.79,12,356.296,10.78689356,37.2118304668306,-0.05,-4.952840235,0.0442260442260442,46.08695652,165343.2902,0.0749385749385749,20.25735364,0.0331695331695332,0.0552825552825553,0.0110565110565111,0.0368550368550369,0.100737100737101,0.0577395577395577,0.0945945945945946,-0.357002457002456,0.0257985257985258,0.0405405405405405,93891.5088000004,0.0442260442260442,0.0552825552825553,20.85027554,0.0773955773955774,20.47411297,0.0417690417690418,7.15173206329346,0.0761670761670762,0.0147420147420147,0.0515970515970516,0.0,0.0601965601965602,0.0773955773955774,0.027027027027027,814,19.94426434,-5.80299999999999,8,0.346269196,1.260869565
pdb3e3n.ent,-5.33,4,187.79,12,356.296,10.78689356,37.1011439114392,-0.05,-4.952840235,0.044280442804428,46.08695652,165343.2902,0.0750307503075031,20.25735364,0.033210332103321,0.0553505535055351,0.011070110701107,0.03690036900369,0.100861008610086,0.0578105781057811,0.0947109471094711,-0.355473554735547,0.025830258302583,0.039360393603936,93794.3936000004,0.044280442804428,0.0553505535055351,20.85027554,0.0774907749077491,20.47411297,0.041820418204182,7.15122051239014,0.0762607626076261,0.014760147601476,0.0516605166051661,0.0,0.0602706027060271,0.0774907749077491,0.027060270602706,813,19.94426434,-5.80299999999999,8,0.346269196,1.260869565
pdb3e3n.ent,-5.22,4,187.79,12,356.296,10.78689356,37.2118304668306,-0.05,-4.952840235,0.0442260442260442,46.08695652,165343.2902,0.0749385749385749,20.25735364,0.0331695331695332,0.0552825552825553,0.0110565110565111,0.0368550368550369,0.100737100737101,0.0577395577395577,0.0945945945945946,-0.357002457002456,0.0257985257985258,0.0405405405405405,93891.5088000004,0.0442260442260442,0.0552825552825553,20.85027554,0.0773955773955774,20.47411297,0.0417690417690418,7.15173206329346,0.0761670761670762,0.0147420147420147,0.0515970515970516,0.0,0.0601965601965602,0.0773955773955774,0.027027027027027,814,19.94426434,-5.80299999999999,8,0.346269196,1.260869565
pdb3e3n.ent,-5.56,4,187.79,12,356.296,10.78689356,37.1011439114392,-0.05,-4.952840235,0.044280442804428,46.08695652,165343.2902,0.0750307503075031,20.25735364,0.033210332103321,0.0553505535055351,0.011070110701107,0.03690036900369,0.100861008610086,0.0578105781057811,0.0947109471094711,-0.355473554735547,0.025830258302583,0.039360393603936,93794.3936000004,0.044280442804428,0.0553505535055351,20.85027554,0.0774907749077491,20.47411297,0.041820418204182,7.15122051239014,0.0762607626076261,0.014760147601476,0.0516605166051661,0.0,0.0602706027060271,0.0774907749077491,0.027060270602706,813,19.94426434,-5.80299999999999,8,0.346269196,1.260869565
pdb3e3n.ent,-5.21,4,187.79,12,356.296,10.78689356,37.1011439114392,-0.05,-4.952840235,0.044280442804428,46.08695652,165343.2902,0.0750307503075031,20.25735364,0.033210332103321,0.0553505535055351,0.011070110701107,0.03690036900369,0.100861008610086,0.0578105781057811,0.0947109471094711,-0.355473554735547,0.025830258302583,0.039360393603936,93794.3936000004,0.044280442804428,0.0553505535055351,20.85027554,0.0774907749077491,20.47411297,0.041820418204182,7.15122051239014,0.0762607626076261,0.014760147601476,0.0516605166051661,0.0,0.0602706027060271,0.0774907749077491,0.027060270602706,813,19.94426434,-5.80299999999999,8,0.346269196,1.260869565
pdb3e3n.ent,-5.3,4,187.79,12,356.296,10.78689356,37.1011439114392,-0.05,-4.952840235,0.044280442804428,46.08695652,165343.2902,0.0750307503075031,20.25735364,0.033210332103321,0.0553505535055351,0.011070110701107,0.03690036900369,0.100861008610086,0.0578105781057811,0.0947109471094711,-0.355473554735547,0.025830258302583,0.039360393603936,93794.3936000004,0.044280442804428,0.0553505535055351,20.85027554,0.0774907749077491,20.47411297,0.041820418204182,7.15122051239014,0.0762607626076261,0.014760147601476,0.0516605166051661,0.0,0.0602706027060271,0.0774907749077491,0.027060270602706,813,19.94426434,-5.80299999999999,8,0.346269196,1.260869565
pdb3e3n.ent,-5.22,4,187.79,12,356.296,10.78689356,37.1011439114392,-0.05,-4.952840235,0.044280442804428,46.08695652,165343.2902,0.0750307503075031,20.25735364,0.033210332103321,0.0553505535055351,0.011070110701107,0.03690036900369,0.100861008610086,0.0578105781057811,0.0947109471094711,-0.355473554735547,0.025830258302583,0.039360393603936,93794.3936000004,0.044280442804428,0.0553505535055351,20.85027554,0.0774907749077491,20.47411297,0.041820418204182,7.15122051239014,0.0762607626076261,0.014760147601476,0.0516605166051661,0.0,0.0602706027060271,0.0774907749077491,0.027060270602706,813,19.94426434,-5.80299999999999,8,0.346269196,1.260869565
pdb3e25.ent,-6.78,6,230.69,14,412.225,11.41150846,40.4745185185185,0.3,-5.557601927,0.0148148148148148,39.56,181258.6831,0.0962962962962963,14.52368616,0.0703703703703704,0.0555555555555556,0.0074074074074074,0.0222222222222222,0.0555555555555556,0.0851851851851852,0.137037037037037,0.193703703703704,0.0111111111111111,0.0777777777777778,29154.2903,0.0592592592592593,0.0148148148148148,10.21669833,0.062962962962963,14.15116714,0.0222222222222222,4.99867115020752,0.0740740740740741,0.0185185185185185,0.0148148148148148,6.420821623,0.062962962962963,0.0814814814814815,0.0111111111111111,270,13.15163837,-6.12679999999999,8,-0.702921012,1.12
pdb3cx4.ent,-6.64,4,175.34,11,332.246,9.943468443,38.6901470588235,-0.01,-4.741659148,0.0420168067226891,43.19047619,36879.82654,0.0735294117647059,19.41709776,0.0504201680672269,0.0609243697478992,0.0063025210084033,0.0441176470588235,0.109243697478992,0.092436974789916,0.128151260504202,0.0218487394957984,0.0210084033613445,0.0483193277310924,52635.5528000001,0.0378151260504202,0.023109243697479,10.21669833,0.0399159663865546,9.840535766,0.0483193277310924,6.14278316497803,0.0630252100840336,0.0189075630252101,0.023109243697479,6.420821623,0.0357142857142857,0.109243697478992,0.0336134453781513,476,13.15163837,-4.2739,8,-0.33285482,1.142857143
pdb3ckv.ent,-6.87,6,230.69,14,412.225,11.41150846,37.0403666666667,0.3,-5.557601927,0.0133333333333333,39.56,181258.6831,0.0966666666666667,14.52368616,0.06,0.07,0.0066666666666666,0.0266666666666667,0.0533333333333333,0.0966666666666667,0.123333333333333,0.0170000000000001,0.01,0.08,32277.4855,0.0533333333333333,0.01,10.21669833,0.0566666666666667,14.15116714,0.02,5.04363079071045,0.0866666666666667,0.02,0.0133333333333333,6.420821623,0.05,0.0933333333333333,0.0133333333333333,300,13.15163837,-6.12679999999999,8,-0.702921012,1.12
pdb3ckq.ent,-8.09,9,309.84,19,574.366,12.21890479,37.2699006622517,0.1,-5.886253981,0.0132450331125828,44.05555556,41785932.71,0.0960264900662252,14.5802533,0.0596026490066225,0.0695364238410596,0.0066225165562913,0.0264900662251656,0.0529801324503311,0.0993377483443708,0.125827814569536,0.0281456953642385,0.009933774834437,0.0794701986754967,32447.6944,0.0529801324503311,0.009933774834437,10.21669833,0.0562913907284768,18.6749143,0.0198675496688742,5.04363079071045,0.0860927152317881,0.0198675496688742,0.0132450331125828,6.420821623,0.0496688741721854,0.0927152317880795,0.0132450331125828,302,19.75852033,-8.30259999999999,11,-1.772023168,0.861111111
pdb3ckn.ent,-6.98,6,230.69,14,412.225,11.41150846,37.0403666666667,0.3,-5.557601927,0.0133333333333333,39.56,181258.6831,0.0966666666666667,14.52368616,0.06,0.07,0.0066666666666666,0.0266666666666667,0.0533333333333333,0.0966666666666667,0.123333333333333,0.0170000000000001,0.01,0.08,32277.4855,0.0533333333333333,0.01,10.21669833,0.0566666666666667,14.15116714,0.02,5.04363079071045,0.0866666666666667,0.02,0.0133333333333333,6.420821623,0.05,0.0933333333333333,0.0133333333333333,300,13.15163837,-6.12679999999999,8,-0.702921012,1.12
pdb3c4v.ent,-7.16,6,230.69,14,412.225,11.41150846,42.1099236641221,0.3,-5.557601927,0.0254452926208651,39.56,181258.6831,0.0814249363867685,14.52368616,0.0559796437659033,0.0636132315521629,0.005089058524173,0.0356234096692112,0.0610687022900763,0.0712468193384224,0.094147582697201,-0.145801526717557,0.0254452926208651,0.0559796437659033,43016.2165000001,0.0585241730279898,0.0178117048346056,10.21669833,0.0712468193384224,14.15116714,0.0229007633587786,5.16350421905517,0.0737913486005089,0.0127226463104326,0.0254452926208651,6.420821623,0.0559796437659033,0.11704834605598,0.0305343511450382,393,13.15163837,-6.12679999999999,8,-0.702921012,1.12
pdb3c4v.ent,-6.99,6,230.69,14,412.225,11.41150846,42.4923664122137,0.3,-5.557601927,0.0254452926208651,39.56,181258.6831,0.0814249363867685,14.52368616,0.0585241730279898,0.0636132315521629,0.005089058524173,0.0356234096692112,0.0610687022900763,0.0712468193384224,0.094147582697201,-0.146055979643766,0.0254452926208651,0.0559796437659033,43002.1899000001,0.0559796437659033,0.0178117048346056,10.21669833,0.0712468193384224,14.15116714,0.0229007633587786,5.16350421905517,0.0737913486005089,0.0127226463104326,0.0254452926208651,6.420821623,0.0559796437659033,0.11704834605598,0.0305343511450382,393,13.15163837,-6.12679999999999,8,-0.702921012,1.12
pdb2zwi.ent,-6.77,4,183.96,11,330.254,10.67352235,45.741972972973,-0.01,-4.975130222,0.0405405405405405,43.19047619,36879.82654,0.0378378378378378,20.25735364,0.0810810810810811,0.0540540540540541,0.0,0.045945945945946,0.105405405405405,0.0378378378378378,0.0756756756756757,-0.359189189189189,0.0216216216216216,0.0405405405405405,42376.5271,0.0648648648648649,0.0756756756756757,10.21669833,0.0675675675675676,9.840535766,0.0567567567567568,5.16106014251709,0.0216216216216216,0.0081081081081081,0.1,6.420821623,0.118918918918919,0.0405405405405405,0.0108108108108108,370,13.15163837,-4.93949999999999,7,-0.258009141,1.333333333
pdb2zwi.ent,-6.78,4,183.96,11,330.254,10.67352235,45.9255495978552,-0.01,-4.975130222,0.0402144772117963,43.19047619,36879.82654,0.0375335120643432,20.25735364,0.0804289544235925,0.0563002680965148,0.0,0.0482573726541555,0.10455764075067,0.0375335120643432,0.0750670241286863,-0.376943699731903,0.0214477211796247,0.0402144772117963,42720.8476000001,0.0670241286863271,0.0750670241286863,10.21669833,0.0670241286863271,9.840535766,0.0563002680965148,5.08864727020264,0.0214477211796247,0.0080428954423592,0.0991957104557641,6.420821623,0.117962466487936,0.0402144772117963,0.0107238605898123,373,13.15163837,-4.93949999999999,7,-0.258009141,1.333333333
pdb2zu8.ent,-7.55,9,339.69,21,615.423,12.35448675,22.4866201117318,0.02,-5.89063094,0.0446927374301676,46.82051282,253378350.3,0.0754189944134078,15.20739338,0.0391061452513966,0.0474860335195531,0.0027932960893854,0.0111731843575419,0.0921787709497207,0.0698324022346369,0.106145251396648,-0.197765363128492,0.0,0.0474860335195531,40681.2181,0.0474860335195531,0.0837988826815642,20.85027554,0.100558659217877,29.30849151,0.0363128491620112,5.86955814361572,0.0363128491620112,0.0111731843575419,0.0446927374301676,0.0,0.100558659217877,0.053072625698324,0.0418994413407821,358,19.88245512,-9.88130000000001,13,-1.693562908,0.897435897
pdb2zu8.ent,-7.45,9,339.69,21,615.423,12.35448675,24.1627401129943,0.02,-5.89063094,0.0423728813559322,46.82051282,253378350.3,0.0734463276836158,15.20739338,0.0395480225988701,0.0480225988700565,0.0028248587570621,0.0112994350282486,0.0875706214689266,0.0677966101694915,0.107344632768362,-0.232485875706215,0.0,0.0451977401129944,40223.6079,0.0480225988700565,0.0847457627118644,20.85027554,0.107344632768362,29.30849151,0.0367231638418079,5.7169454574585,0.0367231638418079,0.0084745762711864,0.0451977401129944,0.0,0.0988700564971751,0.0536723163841808,0.0423728813559322,354,19.88245512,-9.88130000000001,13,-1.693562908,0.897435897
pdb2z4t.ent,-7.0,4,183.96,11,330.254,10.67352235,31.1754563894523,-0.01,-4.975130222,0.0425963488843813,43.19047619,36879.82654,0.0689655172413793,20.25735364,0.0730223123732252,0.0608519269776876,0.0081135902636916,0.0486815415821501,0.0973630831643002,0.0405679513184584,0.0912778904665314,-0.35578093306288,0.0182555780933063,0.0385395537525355,56141.6472000001,0.0709939148073022,0.0649087221095335,10.21669833,0.0649087221095335,9.840535766,0.0405679513184584,4.9596227645874,0.0202839756592292,0.0141987829614604,0.0912778904665314,6.420821623,0.0791075050709939,0.0425963488843813,0.0202839756592292,493,13.15163837,-4.93949999999999,7,-0.258009141,1.333333333
pdb2yk7.ent,-7.15,12,335.83,20,643.532,15.5136689,37.7022049689441,-0.44,-6.028466456,0.0652173913043478,42.95238095,646192646.4,0.046583850931677,24.25488771,0.0590062111801242,0.0559006211180124,0.0031055900621118,0.0217391304347826,0.133540372670807,0.0496894409937888,0.0869565217391304,-0.275465838509317,0.0341614906832298,0.0527950310559006,37010.1613,0.0590062111801242,0.0838509316770186,15.53348694,0.0590062111801242,10.63357721,0.0590062111801242,8.43267421722412,0.0372670807453416,0.0093167701863354,0.0527950310559006,13.34455882,0.0745341614906832,0.0714285714285714,0.0186335403726708,322,19.75852033,-8.79980000000001,14,-0.861552265,1.166666667
pdb2y4m.ent,-8.01,9,339.69,21,615.423,12.35448675,37.8069230769231,0.02,-5.89063094,0.0503978779840849,46.82051282,253378350.3,0.0742705570291777,15.20739338,0.0238726790450928,0.0450928381962865,0.0106100795755968,0.0397877984084881,0.116710875331565,0.0557029177718833,0.103448275862069,-0.310610079575597,0.0291777188328912,0.0503978779840849,44019.6769000001,0.0716180371352785,0.013262599469496,20.85027554,0.0901856763925729,29.30849151,0.0397877984084881,5.91491565704346,0.0928381962864722,0.026525198938992,0.0106100795755968,0.0,0.0371352785145889,0.0875331564986738,0.0477453580901857,377,19.88245512,-9.88130000000001,13,-1.693562908,0.897435897
pdb2y4m.ent,-8.06,9,339.69,21,615.423,12.35448675,37.6887105263158,0.02,-5.89063094,0.0526315789473684,46.82051282,253378350.3,0.0736842105263158,15.20739338,0.0236842105263158,0.0447368421052632,0.0105263157894737,0.0394736842105263,0.118421052631579,0.0605263157894737,0.102631578947368,-0.313684210526316,0.0289473684210526,0.05,44296.9527000001,0.0710526315789474,0.0131578947368421,20.85027554,0.0894736842105263,29.30849151,0.0394736842105263,5.9148588180542,0.0921052631578947,0.0263157894736842,0.0105263157894737,0.0,0.0368421052631579,0.0868421052631579,0.0473684210526316,380,19.88245512,-9.88130000000001,13,-1.693562908,0.897435897
pdb2y4l.ent,-6.67,6,260.54,16,453.282,11.54709042,37.6887105263158,0.22,-5.561978886,0.0526315789473684,43.89285714,1122914.608,0.0736842105263158,20.25735364,0.0236842105263158,0.0447368421052632,0.0105263157894737,0.0394736842105263,0.118421052631579,0.0605263157894737,0.102631578947368,-0.313684210526316,0.0289473684210526,0.05,44296.9527000001,0.0710526315789474,0.0131578947368421,20.85027554,0.0894736842105263,24.78474434,0.0394736842105263,5.9148588180542,0.0921052631578947,0.0263157894736842,0.0105263157894737,0.0,0.0368421052631579,0.0868421052631579,0.0473684210526316,380,13.27557315,-7.70549999999999,10,-0.628557901,1.142857143
pdb2y4l.ent,-6.49,6,260.54,16,453.282,11.54709042,37.9090450928382,0.22,-5.561978886,0.0530503978779841,43.89285714,1122914.608,0.0742705570291777,20.25735364,0.0238726790450928,0.0450928381962865,0.0106100795755968,0.0397877984084881,0.119363395225464,0.0610079575596817,0.103448275862069,-0.30053050397878,0.0291777188328912,0.0503978779840849,43932.5498000001,0.0716180371352785,0.013262599469496,20.85027554,0.0901856763925729,24.78474434,0.0397877984084881,5.79970302581787,0.0901856763925729,0.026525198938992,0.0106100795755968,0.0,0.0371352785145889,0.0848806366047745,0.0450928381962865,377,13.27557315,-7.70549999999999,10,-0.628557901,1.142857143
pdb2y4k.ent,-6.47,6,260.54,16,453.282,11.54709042,37.6887105263158,0.22,-5.561978886,0.0526315789473684,43.89285714,1122914.608,0.0736842105263158,20.25735364,0.0236842105263158,0.0447368421052632,0.0105263157894737,0.0394736842105263,0.118421052631579,0.0605263157894737,0.102631578947368,-0.313684210526316,0.0289473684210526,0.05,44296.9527000001,0.0710526315789474,0.0131578947368421,20.85027554,0.0894736842105263,24.78474434,0.0394736842105263,5.9148588180542,0.0921052631578947,0.0263157894736842,0.0105263157894737,0.0,0.0368421052631579,0.0868421052631579,0.0473684210526316,380,13.27557315,-7.70549999999999,10,-0.628557901,1.142857143
pdb2y4k.ent,-6.66,6,260.54,16,453.282,11.54709042,38.0598148148148,0.22,-5.561978886,0.0529100529100529,43.89285714,1122914.608,0.0740740740740741,20.25735364,0.0238095238095238,0.044973544973545,0.0105820105820106,0.0396825396825397,0.119047619047619,0.0608465608465608,0.100529100529101,-0.314285714285715,0.0291005291005291,0.0502645502645503,44004.5727000001,0.0714285714285714,0.0132275132275132,20.85027554,0.0899470899470899,24.78474434,0.0396825396825397,5.79401912689209,0.0899470899470899,0.0264550264550265,0.0132275132275132,0.0,0.037037037037037,0.0873015873015873,0.044973544973545,378,13.27557315,-7.70549999999999,10,-0.628557901,1.142857143
pdb2xmp.ent,-6.42,6,230.69,14,412.225,11.41150846,45.4317433414044,0.3,-5.557601927,0.0314769975786925,39.56,181258.6831,0.0895883777239709,14.52368616,0.0556900726392252,0.0484261501210654,0.0024213075060532,0.0242130750605327,0.104116222760291,0.0605326876513317,0.0920096852300242,-0.280145278450364,0.0193704600484262,0.0435835351089588,47792.5717,0.0314769975786925,0.0847457627118644,10.21669833,0.104116222760291,14.15116714,0.0556900726392252,6.26794261932373,0.0581113801452785,0.0169491525423729,0.036319612590799,6.420821623,0.0774818401937046,0.0435835351089588,0.0242130750605327,413,13.15163837,-6.12679999999999,8,-0.702921012,1.12
pdb2xmp.ent,-6.48,6,230.69,14,412.225,11.41150846,45.4317433414044,0.3,-5.557601927,0.0314769975786925,39.56,181258.6831,0.0895883777239709,14.52368616,0.0556900726392252,0.0484261501210654,0.0024213075060532,0.0242130750605327,0.104116222760291,0.0605326876513317,0.0920096852300242,-0.280145278450364,0.0193704600484262,0.0435835351089588,47792.5717,0.0314769975786925,0.0847457627118644,10.21669833,0.104116222760291,14.15116714,0.0556900726392252,6.26794261932373,0.0581113801452785,0.0169491525423729,0.036319612590799,6.420821623,0.0774818401937046,0.0435835351089588,0.0242130750605327,413,13.15163837,-6.12679999999999,8,-0.702921012,1.12
pdb2xcu.ent,-6.27,4,183.96,11,330.254,10.67352235,29.2235410764873,-0.01,-4.975130222,0.0254957507082153,43.19047619,36879.82654,0.0651558073654391,20.25735364,0.0453257790368272,0.0254957507082153,0.0169971671388102,0.0084985835694051,0.113314447592068,0.0679886685552408,0.113314447592068,-0.139093484419263,0.0056657223796034,0.0396600566572238,40699.5253,0.0453257790368272,0.13314447592068,10.21669833,0.101983002832861,9.840535766,0.0793201133144476,9.41858921051026,0.0424929178470255,0.0084985835694051,0.0311614730878187,6.420821623,0.084985835694051,0.0368271954674221,0.0226628895184136,353,13.15163837,-4.93949999999999,7,-0.258009141,1.333333333
pdb2xcu.ent,-6.32,4,183.96,11,330.254,10.67352235,29.2781534090909,-0.01,-4.975130222,0.0255681818181818,43.19047619,36879.82654,0.0653409090909091,20.25735364,0.0454545454545455,0.0255681818181818,0.0170454545454545,0.0085227272727272,0.113636363636364,0.0681818181818182,0.113636363636364,-0.130397727272727,0.0056818181818181,0.0397727272727273,40562.386,0.0454545454545455,0.133522727272727,10.21669833,0.102272727272727,9.840535766,0.0795454545454545,9.41826686859131,0.0426136363636364,0.0085227272727272,0.03125,6.420821623,0.0852272727272727,0.0369318181818182,0.0198863636363636,352,13.15163837,-4.93949999999999,7,-0.258009141,1.333333333
pdb2xcu.ent,-6.28,4,183.96,11,330.254,10.67352235,29.2235410764873,-0.01,-4.975130222,0.0254957507082153,43.19047619,36879.82654,0.0651558073654391,20.25735364,0.0453257790368272,0.0254957507082153,0.0169971671388102,0.0084985835694051,0.113314447592068,0.0679886685552408,0.113314447592068,-0.139093484419263,0.0056657223796034,0.0396600566572238,40699.5253,0.0453257790368272,0.13314447592068,10.21669833,0.101983002832861,9.840535766,0.0793201133144476,9.41858921051026,0.0424929178470255,0.0084985835694051,0.0311614730878187,6.420821623,0.084985835694051,0.0368271954674221,0.0226628895184136,353,13.15163837,-4.93949999999999,7,-0.258009141,1.333333333
pdb2xcu.ent,-6.39,4,183.96,11,330.254,10.67352235,29.2781534090909,-0.01,-4.975130222,0.0255681818181818,43.19047619,36879.82654,0.0653409090909091,20.25735364,0.0454545454545455,0.0255681818181818,0.0170454545454545,0.0085227272727272,0.113636363636364,0.0681818181818182,0.113636363636364,-0.130397727272727,0.0056818181818181,0.0397727272727273,40562.386,0.0454545454545455,0.133522727272727,10.21669833,0.102272727272727,9.840535766,0.0795454545454545,9.41826686859131,0.0426136363636364,0.0085227272727272,0.03125,6.420821623,0.0852272727272727,0.0369318181818182,0.0198863636363636,352,13.15163837,-4.93949999999999,7,-0.258009141,1.333333333
pdb2xa2.ent,-7.62,9,309.84,19,574.366,12.21890479,45.4317433414044,0.1,-5.886253981,0.0314769975786925,44.05555556,41785932.71,0.0895883777239709,14.5802533,0.0556900726392252,0.0484261501210654,0.0024213075060532,0.0242130750605327,0.104116222760291,0.0605326876513317,0.0920096852300242,-0.280145278450364,0.0193704600484262,0.0435835351089588,47792.5717,0.0314769975786925,0.0847457627118644,10.21669833,0.104116222760291,18.6749143,0.0556900726392252,6.26794261932373,0.0581113801452785,0.0169491525423729,0.036319612590799,6.420821623,0.0774818401937046,0.0435835351089588,0.0242130750605327,413,19.75852033,-8.30259999999999,11,-1.772023168,0.861111111
pdb2xa2.ent,-7.68,9,309.84,19,574.366,12.21890479,45.4317433414044,0.1,-5.886253981,0.0314769975786925,44.05555556,41785932.71,0.0895883777239709,14.5802533,0.0556900726392252,0.0484261501210654,0.0024213075060532,0.0242130750605327,0.104116222760291,0.0605326876513317,0.0920096852300242,-0.280145278450364,0.0193704600484262,0.0435835351089588,47792.5717,0.0314769975786925,0.0847457627118644,10.21669833,0.104116222760291,18.6749143,0.0556900726392252,6.26794261932373,0.0581113801452785,0.0169491525423729,0.036319612590799,6.420821623,0.0774818401937046,0.0435835351089588,0.0242130750605327,413,19.75852033,-8.30259999999999,11,-1.772023168,0.861111111
pdb2x0e.ent,-7.39,6,210.46,13,410.253,11.43547108,43.8194680851064,0.34,-5.502394355,0.050531914893617,39.56,184442.8721,0.0398936170212766,14.52368616,0.0771276595744681,0.0425531914893617,0.0026595744680851,0.0398936170212766,0.13031914893617,0.0372340425531915,0.0851063829787234,-0.346542553191489,0.0186170212765957,0.050531914893617,43617.3893,0.0478723404255319,0.0824468085106383,10.21669833,0.0691489361702128,14.15116714,0.0638297872340425,8.32991161346435,0.0345744680851064,0.0159574468085106,0.0718085106382979,13.34455882,0.0957446808510638,0.0558510638297872,0.0186170212765957,376,13.15163837,-4.85159999999999,7,1.35986321,1.24
pdb2x0e.ent,-7.29,6,210.46,13,410.253,11.43547108,44.802962962963,0.34,-5.502394355,0.0502645502645503,39.56,184442.8721,0.0396825396825397,14.52368616,0.0767195767195767,0.0423280423280423,0.0026455026455026,0.0396825396825397,0.132275132275132,0.037037037037037,0.0846560846560847,-0.325396825396826,0.0185185185185185,0.0502645502645503,43877.7207,0.0476190476190476,0.082010582010582,10.21669833,0.0687830687830688,14.15116714,0.0661375661375661,8.30947513580323,0.0343915343915344,0.0158730158730159,0.0714285714285714,13.34455882,0.0978835978835979,0.0555555555555556,0.0185185185185185,378,13.15163837,-4.85159999999999,7,1.35986321,1.24
pdb2wzf.ent,-7.13,6,230.69,14,412.225,11.41150846,46.769359223301,0.3,-5.557601927,0.0349514563106796,39.56,181258.6831,0.0427184466019417,14.52368616,0.0737864077669903,0.0679611650485437,0.0097087378640776,0.0427184466019417,0.0970873786407767,0.0504854368932039,0.100970873786408,-0.358446601941747,0.0194174757281553,0.0504854368932039,58493.1408000001,0.0427184466019417,0.0776699029126214,10.21669833,0.0601941747572816,14.15116714,0.0524271844660194,6.579079246521,0.0446601941747573,0.0097087378640776,0.0466019417475728,6.420821623,0.0757281553398058,0.0699029126213592,0.0271844660194175,515,13.15163837,-6.12679999999999,8,-0.702921012,1.12
pdb2wvl.ent,-7.0,9,339.69,21,615.423,12.35448675,50.4787012987013,0.02,-5.89063094,0.0285714285714286,46.82051282,253378350.3,0.0857142857142857,15.20739338,0.0467532467532468,0.0441558441558442,0.0025974025974026,0.0285714285714286,0.0727272727272727,0.0779220779220779,0.135064935064935,-0.132987012987013,0.0181818181818182,0.0623376623376623,42877.5936,0.025974025974026,0.0233766233766234,20.85027554,0.0935064935064935,29.30849151,0.038961038961039,5.76588382720947,0.0883116883116883,0.0051948051948052,0.025974025974026,0.0,0.0363636363636364,0.0987012987012987,0.0337662337662338,385,19.88245512,-9.88130000000001,13,-1.693562908,0.897435897
pdb2wvl.ent,-7.08,9,339.69,21,615.423,12.35448675,50.969109947644,0.02,-5.89063094,0.0261780104712042,46.82051282,253378350.3,0.0863874345549738,15.20739338,0.0471204188481675,0.0445026178010471,0.0026178010471204,0.0287958115183246,0.0706806282722513,0.0785340314136126,0.136125654450262,-0.116230366492147,0.0183246073298429,0.0602094240837696,42489.1329,0.0261780104712042,0.0209424083769633,20.85027554,0.0942408376963351,29.30849151,0.0392670157068063,5.6809663772583,0.0890052356020942,0.0052356020942408,0.0261780104712042,0.0,0.0366492146596859,0.0994764397905759,0.0340314136125654,382,19.88245512,-9.88130000000001,13,-1.693562908,0.897435897
pdb2wtx.ent,-6.86,6,230.69,14,412.225,11.41150846,32.1989035087719,0.3,-5.557601927,0.0416666666666667,39.56,181258.6831,0.0548245614035088,14.52368616,0.0416666666666667,0.0635964912280702,0.006578947368421,0.0482456140350877,0.103070175438596,0.0614035087719298,0.129385964912281,-0.265789473684211,0.0087719298245614,0.0548245614035088,51621.2337000001,0.037280701754386,0.0504385964912281,10.21669833,0.0548245614035088,14.15116714,0.0416666666666667,6.24179668426514,0.0570175438596491,0.0197368421052632,0.0504385964912281,6.420821623,0.0526315789473684,0.0964912280701754,0.0285087719298246,456,13.15163837,-6.12679999999999,8,-0.702921012,1.12
pdb2wtx.ent,-6.94,6,230.69,14,412.225,11.41150846,33.854845814978,0.3,-5.557601927,0.0418502202643172,39.56,181258.6831,0.0550660792951542,14.52368616,0.0440528634361234,0.0638766519823789,0.0066079295154185,0.0484581497797357,0.10352422907489,0.0616740088105727,0.129955947136564,-0.257929515418502,0.0088105726872246,0.0550660792951542,51370.9798000001,0.0374449339207048,0.0506607929515419,10.21669833,0.052863436123348,14.15116714,0.0418502202643172,6.32381534576416,0.0572687224669604,0.0198237885462555,0.0506607929515419,6.420821623,0.052863436123348,0.0947136563876652,0.026431718061674,454,13.15163837,-6.12679999999999,8,-0.702921012,1.12
pdb2wtx.ent,-6.65,6,230.69,14,412.225,11.41150846,31.7768181818182,0.3,-5.557601927,0.0431818181818182,39.56,181258.6831,0.0568181818181818,14.52368616,0.0409090909090909,0.0613636363636364,0.0068181818181818,0.05,0.106818181818182,0.0613636363636364,0.129545454545455,-0.243409090909091,0.009090909090909,0.05,49992.4962000001,0.0386363636363636,0.05,10.21669833,0.0522727272727273,14.15116714,0.0431818181818182,6.64029483795166,0.0590909090909091,0.0204545454545455,0.0522727272727273,6.420821623,0.0545454545454545,0.0931818181818182,0.0272727272727273,440,13.15163837,-6.12679999999999,8,-0.702921012,1.12
pdb2wtx.ent,-6.72,6,230.69,14,412.225,11.41150846,33.1118161925602,0.3,-5.557601927,0.0415754923413567,39.56,181258.6831,0.0547045951859956,14.52368616,0.0437636761487965,0.0634573304157549,0.0065645514223194,0.0481400437636762,0.102844638949672,0.0612691466083151,0.12910284463895,-0.266958424507659,0.0087527352297593,0.0547045951859956,51708.3110000001,0.037199124726477,0.050328227571116,10.21669833,0.0547045951859956,14.15116714,0.0415754923413567,6.24179668426514,0.0568927789934355,0.0196936542669584,0.050328227571116,6.420821623,0.0525164113785558,0.0962800875273523,0.0284463894967177,457,13.15163837,-6.12679999999999,8,-0.702921012,1.12
pdb2wnb.ent,-6.23,4,183.96,11,330.254,10.67352235,44.6959259259259,-0.01,-4.975130222,0.037037037037037,43.19047619,36879.82654,0.0777777777777778,20.25735364,0.062962962962963,0.0518518518518519,0.0222222222222222,0.0296296296296296,0.114814814814815,0.0592592592592593,0.0777777777777778,-0.443333333333334,0.0,0.0481481481481482,31199.039,0.062962962962963,0.062962962962963,10.21669833,0.0703703703703704,9.840535766,0.0518518518518519,8.19730014801025,0.0666666666666667,0.0259259259259259,0.0444444444444444,6.420821623,0.062962962962963,0.0444444444444444,0.0407407407407407,270,13.15163837,-4.93949999999999,7,-0.258009141,1.333333333
pdb2vsn.ent,-6.8,6,230.69,14,412.225,11.41150846,42.888595505618,0.3,-5.557601927,0.0168539325842697,39.56,181258.6831,0.0692883895131086,14.52368616,0.0430711610486891,0.0561797752808989,0.0112359550561798,0.048689138576779,0.0749063670411985,0.0749063670411985,0.127340823970037,-0.0129213483146067,0.0168539325842697,0.0617977528089888,57533.7562000002,0.048689138576779,0.0093632958801498,10.21669833,0.0411985018726592,14.15116714,0.0374531835205993,6.34422054290771,0.0749063670411985,0.0205992509363296,0.0168539325842697,6.420821623,0.0112359550561798,0.172284644194757,0.0411985018726592,534,13.15163837,-6.12679999999999,8,-0.702921012,1.12
pdb2vsn.ent,-6.77,6,230.69,14,412.225,11.41150846,42.8520786516854,0.3,-5.557601927,0.0168539325842697,39.56,181258.6831,0.0711610486891386,14.52368616,0.0430711610486891,0.0543071161048689,0.0112359550561798,0.048689138576779,0.0749063670411985,0.0767790262172285,0.129213483146067,0.0104868913857678,0.0168539325842697,0.0617977528089888,57485.8009000002,0.0449438202247191,0.0093632958801498,10.21669833,0.0411985018726592,14.15116714,0.0374531835205993,6.43021793365479,0.0749063670411985,0.0205992509363296,0.0168539325842697,6.420821623,0.0112359550561798,0.172284644194757,0.0411985018726592,534,13.15163837,-6.12679999999999,8,-0.702921012,1.12
pdb2vs5.ent,-8.65,6,230.69,14,412.225,11.41150846,49.9894699646644,0.3,-5.557601927,0.0530035335689046,39.56,181258.6831,0.0812720848056537,14.52368616,0.0353356890459364,0.0600706713780919,0.0106007067137809,0.0424028268551237,0.148409893992933,0.049469964664311,0.0706713780918728,-0.318727915194346,0.0318021201413428,0.0459363957597173,33371.1089,0.049469964664311,0.088339222614841,10.21669833,0.0636042402826855,14.15116714,0.0636042402826855,7.28285961151123,0.0353356890459364,0.0318021201413428,0.0353356890459364,6.420821623,0.0636042402826855,0.0530035335689046,0.0353356890459364,283,13.15163837,-6.12679999999999,8,-0.702921012,1.12
pdb2vs5.ent,-8.43,6,230.69,14,412.225,11.41150846,50.403309352518,0.3,-5.557601927,0.0503597122302158,39.56,181258.6831,0.0755395683453237,14.52368616,0.0359712230215827,0.0611510791366907,0.0107913669064748,0.0431654676258993,0.147482014388489,0.0503597122302158,0.0719424460431655,-0.322661870503597,0.0323741007194245,0.0467625899280576,32738.4437,0.0503597122302158,0.0935251798561151,10.21669833,0.0611510791366907,14.15116714,0.0647482014388489,7.83466548919678,0.0323741007194245,0.0323741007194245,0.0323741007194245,6.420821623,0.0647482014388489,0.0539568345323741,0.0359712230215827,278,13.15163837,-6.12679999999999,8,-0.702921012,1.12
pdb2vkd.ent,-8.69,9,309.84,19,574.366,12.21890479,32.7467158671587,0.1,-5.886253981,0.0553505535055351,44.05555556,41785932.71,0.0424354243542435,14.5802533,0.0756457564575646,0.0664206642066421,0.0018450184501845,0.0313653136531365,0.112546125461255,0.0276752767527675,0.0977859778597786,-0.521217712177121,0.0276752767527675,0.025830258302583,63121.8069000002,0.0461254612546126,0.0959409594095941,10.21669833,0.0830258302583026,18.6749143,0.047970479704797,5.0880220413208,0.025830258302583,0.0092250922509225,0.101476014760148,6.420821623,0.0848708487084871,0.0461254612546126,0.007380073800738,542,19.75852033,-8.30259999999999,11,-1.772023168,0.861111111
pdb2vkd.ent,-8.61,9,309.84,19,574.366,12.21890479,33.0736431226766,0.1,-5.886253981,0.0557620817843866,44.05555556,41785932.71,0.0427509293680297,14.5802533,0.0762081784386617,0.0669144981412639,0.0018587360594795,0.0315985130111524,0.113382899628253,0.0260223048327138,0.0985130111524164,-0.524721189591078,0.0260223048327138,0.0260223048327138,62748.3791000002,0.0464684014869888,0.0966542750929368,10.21669833,0.0836431226765799,18.6749143,0.0483271375464684,5.10064029693603,0.0260223048327138,0.0092936802973977,0.100371747211896,6.420821623,0.0855018587360595,0.0446096654275093,0.0074349442379182,538,19.75852033,-8.30259999999999,11,-1.772023168,0.861111111
pdb2vkd.ent,-8.41,9,309.84,19,574.366,12.21890479,32.9456931608133,0.1,-5.886253981,0.055452865064695,44.05555556,41785932.71,0.0425138632162662,14.5802533,0.0757855822550832,0.066543438077634,0.0018484288354898,0.0314232902033272,0.11275415896488,0.0277264325323475,0.0979667282809612,-0.525508317929759,0.0277264325323475,0.0258780036968577,63050.7290000002,0.0462107208872458,0.0961182994454713,10.21669833,0.0831792975970425,18.6749143,0.0480591497227357,5.0880220413208,0.0258780036968577,0.0092421441774491,0.101663585951941,6.420821623,0.0850277264325323,0.044362292051756,0.0073937153419593,541,19.75852033,-8.30259999999999,11,-1.772023168,0.861111111
pdb2vg8.ent,-7.22,6,230.69,14,412.225,11.41150846,50.447660944206,0.3,-5.557601927,0.0171673819742489,39.56,181258.6831,0.0836909871244635,14.52368616,0.0729613733905579,0.0493562231759657,0.0128755364806867,0.0257510729613734,0.0815450643776824,0.0708154506437768,0.126609442060086,-0.0963519313304722,0.0107296137339056,0.0772532188841202,51344.3917000001,0.055793991416309,0.0579399141630901,10.21669833,0.0729613733905579,14.15116714,0.0493562231759657,5.83806934356689,0.0472103004291846,0.0150214592274678,0.0257510729613734,6.420821623,0.036480686695279,0.0686695278969957,0.0236051502145923,466,13.15163837,-6.12679999999999,8,-0.702921012,1.12
pdb2qzs.ent,-6.63,4,175.34,11,332.246,9.943468443,38.4520125786163,-0.01,-4.741659148,0.0419287211740042,43.19047619,36879.82654,0.0733752620545073,19.41709776,0.050314465408805,0.0607966457023061,0.0062893081761006,0.0440251572327044,0.109014675052411,0.0922431865828092,0.127882599580713,0.0025157232704402,0.0209643605870021,0.0482180293501048,52821.7612000001,0.0377358490566038,0.0251572327044025,10.21669833,0.0419287211740042,9.840535766,0.0482180293501048,6.14465885162354,0.0628930817610063,0.0188679245283019,0.0230607966457023,6.420821623,0.0356394129979036,0.106918238993711,0.0335429769392034,477,13.15163837,-4.2739,8,-0.33285482,1.142857143
pdb2q6v.ent,-7.38,6,230.69,14,412.225,11.41150846,38.4132432432432,0.3,-5.557601927,0.0486486486486487,39.56,181258.6831,0.0972972972972973,14.52368616,0.0648648648648649,0.0648648648648649,0.0108108108108108,0.0243243243243243,0.113513513513514,0.0594594594594595,0.0756756756756757,-0.131081081081081,0.0243243243243243,0.0675675675675676,41559.9152,0.0486486486486487,0.0243243243243243,10.21669833,0.0351351351351351,14.15116714,0.0513513513513514,8.30083637237549,0.0810810810810811,0.0135135135135135,0.0324324324324324,6.420821623,0.0432432432432432,0.0972972972972973,0.0351351351351351,370,13.15163837,-6.12679999999999,8,-0.702921012,1.12
pdb2p2v.ent,-9.62,12,335.83,20,643.532,15.5136689,45.6692727272727,-0.44,-6.028466456,0.08,42.95238095,646192646.4,0.0327272727272727,24.25488771,0.0472727272727273,0.0472727272727273,0.0218181818181818,0.0254545454545455,0.16,0.04,0.0836363636363636,-0.241818181818182,0.0181818181818182,0.0363636363636364,32241.6652,0.0327272727272727,0.0909090909090909,15.53348694,0.0581818181818182,10.63357721,0.08,7.68522281646729,0.0181818181818182,0.0,0.112727272727273,13.34455882,0.109090909090909,0.0472727272727273,0.0181818181818182,275,19.75852033,-8.79980000000001,14,-0.861552265,1.166666667
pdb2nzx.ent,-5.38,6,260.54,16,453.282,11.54709042,29.2792058823529,0.22,-5.561978886,0.0735294117647059,43.89285714,1122914.608,0.0470588235294118,20.25735364,0.0647058823529412,0.0647058823529412,0.0088235294117647,0.0205882352941176,0.158823529411765,0.0382352941176471,0.0852941176470588,-0.515294117647059,0.0117647058823529,0.0588235294117647,39415.8017,0.0411764705882353,0.0794117647058823,20.85027554,0.0558823529411765,24.78474434,0.0764705882352941,5.94282360076904,0.0235294117647059,0.0088235294117647,0.0970588235294118,0.0,0.05,0.0647058823529412,0.0294117647058823,340,13.27557315,-7.70549999999999,10,-0.628557901,1.142857143
pdb2nzx.ent,-5.36,6,260.54,16,453.282,11.54709042,30.0483136094675,0.22,-5.561978886,0.0710059171597633,43.89285714,1122914.608,0.0473372781065089,20.25735364,0.0650887573964497,0.0650887573964497,0.0088757396449704,0.0207100591715976,0.156804733727811,0.0384615384615385,0.0857988165680473,-0.509763313609467,0.0118343195266272,0.0562130177514793,39155.5133,0.0414201183431953,0.0798816568047337,20.85027554,0.0562130177514793,24.78474434,0.0769230769230769,5.94282360076904,0.0236686390532544,0.0088757396449704,0.0976331360946746,0.0,0.0502958579881657,0.0650887573964497,0.029585798816568,338,13.27557315,-7.70549999999999,10,-0.628557901,1.142857143
pdb2nzx.ent,-5.16,6,260.54,16,453.282,11.54709042,29.5863714285714,0.22,-5.561978886,0.0714285714285714,43.89285714,1122914.608,0.0457142857142857,20.25735364,0.0685714285714286,0.0628571428571429,0.0085714285714285,0.02,0.157142857142857,0.04,0.0885714285714286,-0.482571428571428,0.0114285714285714,0.0571428571428571,40489.0901,0.04,0.08,20.85027554,0.0542857142857143,24.78474434,0.0771428571428571,6.21457080841064,0.0257142857142857,0.0085714285714285,0.0942857142857143,0.0,0.0514285714285714,0.0657142857142857,0.0285714285714286,350,13.27557315,-7.70549999999999,10,-0.628557901,1.142857143
pdb2iya.ent,-7.01,6,230.69,14,412.225,11.41150846,36.5785969387755,0.3,-5.557601927,0.0204081632653061,39.56,181258.6831,0.0994897959183673,14.52368616,0.0459183673469388,0.0714285714285714,0.0051020408163265,0.0357142857142857,0.0790816326530612,0.076530612244898,0.0841836734693877,-0.0410714285714286,0.0127551020408163,0.0739795918367347,42571.4234000001,0.0510204081632653,0.0153061224489796,10.21669833,0.076530612244898,14.15116714,0.0433673469387755,4.57357234954834,0.0561224489795918,0.0153061224489796,0.0204081632653061,6.420821623,0.0510204081632653,0.11734693877551,0.0280612244897959,392,13.15163837,-6.12679999999999,8,-0.702921012,1.12
pdb2iya.ent,-6.83,6,230.69,14,412.225,11.41150846,36.8010677083333,0.3,-5.557601927,0.0208333333333333,39.56,181258.6831,0.104166666666667,14.52368616,0.046875,0.0703125,0.0052083333333333,0.0338541666666667,0.0807291666666667,0.0703125,0.0859375,0.0138020833333334,0.0130208333333333,0.0729166666666667,41791.7115000001,0.0494791666666667,0.015625,10.21669833,0.0755208333333333,14.15116714,0.0442708333333333,4.58704319000244,0.0572916666666667,0.015625,0.0208333333333333,6.420821623,0.0520833333333333,0.119791666666667,0.0260416666666667,384,13.15163837,-6.12679999999999,8,-0.702921012,1.12
pdb2iy7.ent,-8.85,12,335.83,20,643.532,15.5136689,40.1650806451613,-0.44,-6.028466456,0.0564516129032258,42.95238095,646192646.4,0.0430107526881721,24.25488771,0.0510752688172043,0.0564516129032258,0.0,0.0672043010752688,0.126344086021505,0.0456989247311828,0.110215053763441,-0.422849462365592,0.0,0.0430107526881721,43174.1857,0.0591397849462366,0.0672043010752688,15.53348694,0.0698924731182796,10.63357721,0.0591397849462366,5.50777797698975,0.0295698924731183,0.010752688172043,0.0672043010752688,13.34455882,0.0833333333333333,0.0510752688172043,0.0295698924731183,372,19.75852033,-8.79980000000001,14,-0.861552265,1.166666667
pdb2iv3.ent,-7.24,6,230.69,14,412.225,11.41150846,46.6593471810089,0.3,-5.557601927,0.0237388724035608,39.56,181258.6831,0.109792284866469,14.52368616,0.0504451038575668,0.0445103857566766,0.0148367952522255,0.0178041543026706,0.0712166172106825,0.121661721068249,0.0801186943620178,0.040059347181009,0.0089020771513353,0.0830860534124629,35503.8591,0.0474777448071217,0.0118694362017804,10.21669833,0.0652818991097923,14.15116714,0.0237388724035608,5.48225727081299,0.0682492581602374,0.0237388724035608,0.0118694362017804,6.420821623,0.0385756676557863,0.124629080118694,0.029673590504451,337,13.15163837,-6.12679999999999,8,-0.702921012,1.12
pdb2iv3.ent,-7.3,6,230.69,14,412.225,11.41150846,47.5925149700599,0.3,-5.557601927,0.0239520958083832,39.56,181258.6831,0.110778443113772,14.52368616,0.0508982035928144,0.0449101796407186,0.0149700598802395,0.0179640718562874,0.0688622754491018,0.116766467065868,0.0808383233532934,0.0266467065868264,0.0089820359281437,0.0838323353293413,35288.6544,0.0479041916167665,0.0119760479041916,10.21669833,0.0658682634730539,14.15116714,0.0239520958083832,5.59189968109131,0.0718562874251497,0.0209580838323353,0.0119760479041916,6.420821623,0.0389221556886228,0.122754491017964,0.029940119760479,334,13.15163837,-6.12679999999999,8,-0.702921012,1.12
pdb2iv3.ent,-7.22,6,230.69,14,412.225,11.41150846,46.9023529411765,0.3,-5.557601927,0.0235294117647059,39.56,181258.6831,0.108823529411765,14.52368616,0.05,0.0441176470588235,0.0147058823529412,0.0176470588235294,0.0705882352941176,0.123529411764706,0.0794117647058823,0.0205882352941177,0.0088235294117647,0.0852941176470588,35814.2113,0.0470588235294118,0.0117647058823529,10.21669833,0.0647058823529412,14.15116714,0.0235294117647059,5.59189968109131,0.0705882352941176,0.0235294117647059,0.0117647058823529,6.420821623,0.0382352941176471,0.123529411764706,0.0294117647058823,340,13.15163837,-6.12679999999999,8,-0.702921012,1.12
pdb2iv3.ent,-7.24,6,230.69,14,412.225,11.41150846,46.1857988165681,0.3,-5.557601927,0.0236686390532544,39.56,181258.6831,0.109467455621302,14.52368616,0.0502958579881657,0.0443786982248521,0.014792899408284,0.0177514792899408,0.0710059171597633,0.121301775147929,0.0798816568047337,0.0165680473372782,0.0088757396449704,0.0857988165680473,35686.0821,0.0473372781065089,0.0118343195266272,10.21669833,0.0650887573964497,14.15116714,0.0236686390532544,5.59189968109131,0.0710059171597633,0.0236686390532544,0.0118343195266272,6.420821623,0.0384615384615385,0.121301775147929,0.029585798816568,338,13.15163837,-6.12679999999999,8,-0.702921012,1.12
pdb2iiq.ent,-6.31,4,183.96,11,330.254,10.67352235,40.4825,-0.01,-4.975130222,0.0541237113402062,43.19047619,36879.82654,0.0438144329896907,20.25735364,0.0489690721649485,0.0592783505154639,0.0,0.0695876288659794,0.121134020618557,0.0412371134020619,0.108247422680412,-0.411082474226804,0.0180412371134021,0.0412371134020619,45174.8116,0.0567010309278351,0.0721649484536082,10.21669833,0.0644329896907216,9.840535766,0.0567010309278351,5.70057582855225,0.0283505154639175,0.0103092783505155,0.0670103092783505,6.420821623,0.0798969072164948,0.0515463917525773,0.0283505154639175,388,13.15163837,-4.93949999999999,7,-0.258009141,1.333333333
pdb2iiq.ent,-6.32,4,183.96,11,330.254,10.67352235,40.4825,-0.01,-4.975130222,0.0541237113402062,43.19047619,36879.82654,0.0438144329896907,20.25735364,0.0489690721649485,0.0592783505154639,0.0,0.0695876288659794,0.121134020618557,0.0412371134020619,0.108247422680412,-0.411082474226804,0.0180412371134021,0.0412371134020619,45174.8116,0.0567010309278351,0.0721649484536082,10.21669833,0.0644329896907216,9.840535766,0.0567010309278351,5.70057582855225,0.0283505154639175,0.0103092783505155,0.0670103092783505,6.420821623,0.0798969072164948,0.0515463917525773,0.0283505154639175,388,13.15163837,-4.93949999999999,7,-0.258009141,1.333333333
pdb2ihj.ent,-8.73,12,335.83,20,643.532,15.5136689,39.803201058201,-0.44,-6.028466456,0.0555555555555556,42.95238095,646192646.4,0.0423280423280423,24.25488771,0.0476190476190476,0.0582010582010582,0.0,0.0687830687830688,0.124338624338624,0.044973544973545,0.108465608465608,-0.378835978835979,0.0185185185185185,0.0423280423280423,43990.469,0.0582010582010582,0.0661375661375661,15.53348694,0.0634920634920635,10.63357721,0.0582010582010582,5.59229755401611,0.0291005291005291,0.0105820105820106,0.0661375661375661,13.34455882,0.082010582010582,0.0502645502645503,0.0291005291005291,378,19.75852033,-8.79980000000001,14,-0.861552265,1.166666667
pdb2h1f.ent,-6.29,4,175.34,11,332.246,9.943468443,33.26253125,-0.01,-4.741659148,0.025,43.19047619,36879.82654,0.075,19.41709776,0.040625,0.04375,0.003125,0.04375,0.084375,0.06875,0.090625,-0.241875,0.015625,0.05,35577.3075,0.05,0.059375,10.21669833,0.065625,9.840535766,0.034375,9.00831241607666,0.0625,0.025,0.025,6.420821623,0.05,0.13125,0.040625,320,13.15163837,-4.2739,8,-0.33285482,1.142857143
pdb2h1f.ent,-6.68,4,175.34,11,332.246,9.943468443,34.589801980198,-0.01,-4.741659148,0.0231023102310231,43.19047619,36879.82654,0.0792079207920792,19.41709776,0.0396039603960396,0.0429042904290429,0.0033003300330033,0.0462046204620462,0.0792079207920792,0.0594059405940594,0.0891089108910891,-0.257755775577558,0.0198019801980198,0.0462046204620462,33876.4415,0.0495049504950495,0.0594059405940594,10.21669833,0.0693069306930693,9.840535766,0.033003300330033,9.04099788665771,0.066006600660066,0.0231023102310231,0.0264026402640264,6.420821623,0.0495049504950495,0.132013201320132,0.0429042904290429,303,13.15163837,-4.2739,8,-0.33285482,1.142857143
pdb2gej.ent,-7.25,9,339.69,21,615.423,12.35448675,32.5587257617728,0.02,-5.89063094,0.0249307479224377,46.82051282,253378350.3,0.113573407202216,15.20739338,0.0609418282548476,0.0775623268698061,0.0055401662049861,0.0277008310249307,0.0637119113573407,0.0914127423822715,0.0969529085872576,0.113850415512465,0.0249307479224377,0.0498614958448754,38636.7362000001,0.0277008310249307,0.0304709141274238,20.85027554,0.0526315789473684,29.30849151,0.0304709141274238,5.38278903961182,0.0664819944598338,0.0083102493074792,0.0055401662049861,0.0,0.0443213296398892,0.130193905817175,0.0304709141274238,361,19.88245512,-9.88130000000001,13,-1.693562908,0.897435897
pdb2fyb.ent,-6.53,6,230.69,14,412.225,11.41150846,41.1643382352941,0.3,-5.557601927,0.0551470588235294,39.56,181258.6831,0.0735294117647059,14.52368616,0.0588235294117647,0.0625,0.0147058823529412,0.0551470588235294,0.121323529411765,0.0698529411764706,0.0882352941176471,-0.286764705882353,0.0257352941176471,0.0698529411764706,31073.0729,0.0404411764705882,0.0330882352941176,10.21669833,0.0294117647058823,14.15116714,0.0551470588235294,7.8422082901001,0.0625,0.0110294117647059,0.0588235294117647,6.420821623,0.0588235294117647,0.0477941176470588,0.0294117647058823,272,13.15163837,-6.12679999999999,8,-0.702921012,1.12
pdb2ffv.ent,-7.07,6,230.69,14,412.225,11.41150846,45.1039263803681,0.3,-5.557601927,0.0306748466257669,39.56,181258.6831,0.0838445807770961,14.52368616,0.0552147239263804,0.065439672801636,0.0245398773006135,0.0449897750511247,0.0940695296523517,0.0715746421267894,0.0879345603271984,-0.48241308793456,0.0224948875255624,0.0470347648261759,55831.986,0.0347648261758691,0.0593047034764826,10.21669833,0.0613496932515337,14.15116714,0.0388548057259714,8.35195980072022,0.0756646216768916,0.0245398773006135,0.049079754601227,6.420821623,0.0368098159509202,0.0613496932515337,0.0245398773006135,489,13.15163837,-6.12679999999999,8,-0.702921012,1.12
pdb2ffv.ent,-6.82,6,230.69,14,412.225,11.41150846,44.4466112266112,0.3,-5.557601927,0.0291060291060291,39.56,181258.6831,0.0852390852390852,14.52368616,0.0561330561330561,0.0644490644490645,0.0249480249480249,0.0457380457380457,0.0935550935550936,0.0727650727650728,0.0893970893970894,-0.45987525987526,0.0228690228690229,0.0457380457380457,54915.9938,0.0353430353430353,0.0582120582120582,10.21669833,0.0623700623700624,14.15116714,0.0395010395010395,8.18911266326904,0.0748440748440749,0.0249480249480249,0.0478170478170478,6.420821623,0.0374220374220374,0.0582120582120582,0.0249480249480249,481,13.15163837,-6.12679999999999,8,-0.702921012,1.12
pdb2d7i.ent,-7.1,6,230.69,14,412.225,11.41150846,39.8722201492537,0.3,-5.557601927,0.0391791044776119,39.56,181258.6831,0.0597014925373134,14.52368616,0.0615671641791045,0.0671641791044776,0.0242537313432836,0.0261194029850746,0.108208955223881,0.0634328358208955,0.0746268656716418,-0.564179104477612,0.0279850746268657,0.0652985074626866,61867.7878000001,0.042910447761194,0.0578358208955224,10.21669833,0.0615671641791045,14.15116714,0.0391791044776119,8.30457553863526,0.0783582089552239,0.0298507462686567,0.042910447761194,6.420821623,0.0503731343283582,0.0578358208955224,0.0298507462686567,536,13.15163837,-6.12679999999999,8,-0.702921012,1.12
pdb2c1x.ent,-6.79,6,230.69,14,412.225,11.41150846,39.9684331797235,0.3,-5.557601927,0.0138248847926267,39.56,181258.6831,0.0921658986175115,14.52368616,0.0737327188940092,0.0414746543778802,0.0138248847926267,0.0276497695852535,0.0967741935483871,0.076036866359447,0.0921658986175115,0.0548387096774192,0.0230414746543779,0.0576036866359447,47742.3385000001,0.0460829493087558,0.0414746543778802,10.21669833,0.0668202764976959,14.15116714,0.0645161290322581,6.13135852813721,0.0576036866359447,0.0184331797235023,0.0345622119815668,6.420821623,0.0483870967741936,0.0921658986175115,0.0184331797235023,434,13.15163837,-6.12679999999999,8,-0.702921012,1.12
pdb2bo8.ent,-8.1,9,339.69,21,615.423,12.35448675,38.1215485564304,0.02,-5.89063094,0.05249343832021,46.82051282,253378350.3,0.073490813648294,15.20739338,0.0236220472440945,0.0446194225721785,0.010498687664042,0.0446194225721785,0.118110236220472,0.0603674540682415,0.102362204724409,-0.3498687664042,0.0288713910761155,0.0498687664041995,44525.1579000001,0.0708661417322835,0.0131233595800525,20.85027554,0.089238845144357,29.30849151,0.0393700787401575,5.91048221588135,0.0918635170603675,0.026246719160105,0.0131233595800525,0.0,0.036745406824147,0.0813648293963255,0.047244094488189,381,19.88245512,-9.88130000000001,13,-1.693562908,0.897435897
pdb2bo8.ent,-8.14,9,339.69,21,615.423,12.35448675,38.1215485564304,0.02,-5.89063094,0.05249343832021,46.82051282,253378350.3,0.073490813648294,15.20739338,0.0236220472440945,0.0446194225721785,0.010498687664042,0.0446194225721785,0.118110236220472,0.0603674540682415,0.102362204724409,-0.3498687664042,0.0288713910761155,0.0498687664041995,44525.1579000001,0.0708661417322835,0.0131233595800525,20.85027554,0.089238845144357,29.30849151,0.0393700787401575,5.91048221588135,0.0918635170603675,0.026246719160105,0.0131233595800525,0.0,0.036745406824147,0.0813648293963255,0.047244094488189,381,19.88245512,-9.88130000000001,13,-1.693562908,0.897435897
pdb2bo8.ent,-8.0,9,339.69,21,615.423,12.35448675,38.1215485564304,0.02,-5.89063094,0.05249343832021,46.82051282,253378350.3,0.073490813648294,15.20739338,0.0236220472440945,0.0446194225721785,0.010498687664042,0.0446194225721785,0.118110236220472,0.0603674540682415,0.102362204724409,-0.3498687664042,0.0288713910761155,0.0498687664041995,44525.1579000001,0.0708661417322835,0.0131233595800525,20.85027554,0.089238845144357,29.30849151,0.0393700787401575,5.91048221588135,0.0918635170603675,0.026246719160105,0.0131233595800525,0.0,0.036745406824147,0.0813648293963255,0.047244094488189,381,19.88245512,-9.88130000000001,13,-1.693562908,0.897435897
pdb2bo8.ent,-8.01,9,339.69,21,615.423,12.35448675,38.1215485564304,0.02,-5.89063094,0.05249343832021,46.82051282,253378350.3,0.073490813648294,15.20739338,0.0236220472440945,0.0446194225721785,0.010498687664042,0.0446194225721785,0.118110236220472,0.0603674540682415,0.102362204724409,-0.3498687664042,0.0288713910761155,0.0498687664041995,44525.1579000001,0.0708661417322835,0.0131233595800525,20.85027554,0.089238845144357,29.30849151,0.0393700787401575,5.91048221588135,0.0918635170603675,0.026246719160105,0.0131233595800525,0.0,0.036745406824147,0.0813648293963255,0.047244094488189,381,19.88245512,-9.88130000000001,13,-1.693562908,0.897435897
pdb2bo8.ent,-8.17,9,339.69,21,615.423,12.35448675,38.1215485564304,0.02,-5.89063094,0.05249343832021,46.82051282,253378350.3,0.073490813648294,15.20739338,0.0236220472440945,0.0446194225721785,0.010498687664042,0.0446194225721785,0.118110236220472,0.0603674540682415,0.102362204724409,-0.3498687664042,0.0288713910761155,0.0498687664041995,44525.1579000001,0.0708661417322835,0.0131233595800525,20.85027554,0.089238845144357,29.30849151,0.0393700787401575,5.91048221588135,0.0918635170603675,0.026246719160105,0.0131233595800525,0.0,0.036745406824147,0.0813648293963255,0.047244094488189,381,19.88245512,-9.88130000000001,13,-1.693562908,0.897435897
pdb2bo8.ent,-8.04,9,339.69,21,615.423,12.35448675,38.1215485564304,0.02,-5.89063094,0.05249343832021,46.82051282,253378350.3,0.073490813648294,15.20739338,0.0236220472440945,0.0446194225721785,0.010498687664042,0.0446194225721785,0.118110236220472,0.0603674540682415,0.102362204724409,-0.3498687664042,0.0288713910761155,0.0498687664041995,44525.1579000001,0.0708661417322835,0.0131233595800525,20.85027554,0.089238845144357,29.30849151,0.0393700787401575,5.91048221588135,0.0918635170603675,0.026246719160105,0.0131233595800525,0.0,0.036745406824147,0.0813648293963255,0.047244094488189,381,19.88245512,-9.88130000000001,13,-1.693562908,0.897435897
pdb2bo8.ent,-8.11,9,339.69,21,615.423,12.35448675,38.1215485564304,0.02,-5.89063094,0.05249343832021,46.82051282,253378350.3,0.073490813648294,15.20739338,0.0236220472440945,0.0446194225721785,0.010498687664042,0.0446194225721785,0.118110236220472,0.0603674540682415,0.102362204724409,-0.3498687664042,0.0288713910761155,0.0498687664041995,44525.1579000001,0.0708661417322835,0.0131233595800525,20.85027554,0.089238845144357,29.30849151,0.0393700787401575,5.91048221588135,0.0918635170603675,0.026246719160105,0.0131233595800525,0.0,0.036745406824147,0.0813648293963255,0.047244094488189,381,19.88245512,-9.88130000000001,13,-1.693562908,0.897435897
pdb2bo8.ent,-8.11,9,339.69,21,615.423,12.35448675,38.1215485564304,0.02,-5.89063094,0.05249343832021,46.82051282,253378350.3,0.073490813648294,15.20739338,0.0236220472440945,0.0446194225721785,0.010498687664042,0.0446194225721785,0.118110236220472,0.0603674540682415,0.102362204724409,-0.3498687664042,0.0288713910761155,0.0498687664041995,44525.1579000001,0.0708661417322835,0.0131233595800525,20.85027554,0.089238845144357,29.30849151,0.0393700787401575,5.91048221588135,0.0918635170603675,0.026246719160105,0.0131233595800525,0.0,0.036745406824147,0.0813648293963255,0.047244094488189,381,19.88245512,-9.88130000000001,13,-1.693562908,0.897435897
pdb2bo8.ent,-8.16,9,339.69,21,615.423,12.35448675,38.1215485564304,0.02,-5.89063094,0.05249343832021,46.82051282,253378350.3,0.073490813648294,15.20739338,0.0236220472440945,0.0446194225721785,0.010498687664042,0.0446194225721785,0.118110236220472,0.0603674540682415,0.102362204724409,-0.3498687664042,0.0288713910761155,0.0498687664041995,44525.1579000001,0.0708661417322835,0.0131233595800525,20.85027554,0.089238845144357,29.30849151,0.0393700787401575,5.91048221588135,0.0918635170603675,0.026246719160105,0.0131233595800525,0.0,0.036745406824147,0.0813648293963255,0.047244094488189,381,19.88245512,-9.88130000000001,13,-1.693562908,0.897435897
pdb2bo8.ent,-8.07,9,339.69,21,615.423,12.35448675,38.1215485564304,0.02,-5.89063094,0.05249343832021,46.82051282,253378350.3,0.073490813648294,15.20739338,0.0236220472440945,0.0446194225721785,0.010498687664042,0.0446194225721785,0.118110236220472,0.0603674540682415,0.102362204724409,-0.3498687664042,0.0288713910761155,0.0498687664041995,44525.1579000001,0.0708661417322835,0.0131233595800525,20.85027554,0.089238845144357,29.30849151,0.0393700787401575,5.91048221588135,0.0918635170603675,0.026246719160105,0.0131233595800525,0.0,0.036745406824147,0.0813648293963255,0.047244094488189,381,19.88245512,-9.88130000000001,13,-1.693562908,0.897435897
pdb2bo7.ent,-6.61,6,260.54,16,453.282,11.54709042,38.3931117021276,0.22,-5.561978886,0.050531914893617,43.89285714,1122914.608,0.074468085106383,20.25735364,0.023936170212766,0.0425531914893617,0.0106382978723404,0.0452127659574468,0.117021276595745,0.0558510638297872,0.101063829787234,-0.349734042553192,0.0292553191489362,0.050531914893617,44019.6371000001,0.0718085106382979,0.0132978723404255,20.85027554,0.0904255319148936,24.78474434,0.0398936170212766,5.98431606292725,0.0930851063829787,0.0265957446808511,0.0132978723404255,0.0,0.0372340425531915,0.0824468085106383,0.0478723404255319,376,13.27557315,-7.70549999999999,10,-0.628557901,1.142857143
pdb2bo7.ent,-6.6,6,260.54,16,453.282,11.54709042,38.3931117021276,0.22,-5.561978886,0.050531914893617,43.89285714,1122914.608,0.074468085106383,20.25735364,0.023936170212766,0.0425531914893617,0.0106382978723404,0.0452127659574468,0.117021276595745,0.0558510638297872,0.101063829787234,-0.349734042553192,0.0292553191489362,0.050531914893617,44019.6371000001,0.0718085106382979,0.0132978723404255,20.85027554,0.0904255319148936,24.78474434,0.0398936170212766,5.98431606292725,0.0930851063829787,0.0265957446808511,0.0132978723404255,0.0,0.0372340425531915,0.0824468085106383,0.0478723404255319,376,13.27557315,-7.70549999999999,10,-0.628557901,1.142857143
pdb2bo7.ent,-6.58,6,260.54,16,453.282,11.54709042,38.3931117021276,0.22,-5.561978886,0.050531914893617,43.89285714,1122914.608,0.074468085106383,20.25735364,0.023936170212766,0.0425531914893617,0.0106382978723404,0.0452127659574468,0.117021276595745,0.0558510638297872,0.101063829787234,-0.349734042553192,0.0292553191489362,0.050531914893617,44019.6371000001,0.0718085106382979,0.0132978723404255,20.85027554,0.0904255319148936,24.78474434,0.0398936170212766,5.98431606292725,0.0930851063829787,0.0265957446808511,0.0132978723404255,0.0,0.0372340425531915,0.0824468085106383,0.0478723404255319,376,13.27557315,-7.70549999999999,10,-0.628557901,1.142857143
pdb2bo7.ent,-6.55,6,260.54,16,453.282,11.54709042,38.3931117021276,0.22,-5.561978886,0.050531914893617,43.89285714,1122914.608,0.074468085106383,20.25735364,0.023936170212766,0.0425531914893617,0.0106382978723404,0.0452127659574468,0.117021276595745,0.0558510638297872,0.101063829787234,-0.349734042553192,0.0292553191489362,0.050531914893617,44019.6371000001,0.0718085106382979,0.0132978723404255,20.85027554,0.0904255319148936,24.78474434,0.0398936170212766,5.98431606292725,0.0930851063829787,0.0265957446808511,0.0132978723404255,0.0,0.0372340425531915,0.0824468085106383,0.0478723404255319,376,13.27557315,-7.70549999999999,10,-0.628557901,1.142857143
pdb2bo7.ent,-6.61,6,260.54,16,453.282,11.54709042,38.3931117021276,0.22,-5.561978886,0.050531914893617,43.89285714,1122914.608,0.074468085106383,20.25735364,0.023936170212766,0.0425531914893617,0.0106382978723404,0.0452127659574468,0.117021276595745,0.0558510638297872,0.101063829787234,-0.349734042553192,0.0292553191489362,0.050531914893617,44019.6371000001,0.0718085106382979,0.0132978723404255,20.85027554,0.0904255319148936,24.78474434,0.0398936170212766,5.98431606292725,0.0930851063829787,0.0265957446808511,0.0132978723404255,0.0,0.0372340425531915,0.0824468085106383,0.0478723404255319,376,13.27557315,-7.70549999999999,10,-0.628557901,1.142857143
pdb2bo7.ent,-6.55,6,260.54,16,453.282,11.54709042,38.3931117021276,0.22,-5.561978886,0.050531914893617,43.89285714,1122914.608,0.074468085106383,20.25735364,0.023936170212766,0.0425531914893617,0.0106382978723404,0.0452127659574468,0.117021276595745,0.0558510638297872,0.101063829787234,-0.349734042553192,0.0292553191489362,0.050531914893617,44019.6371000001,0.0718085106382979,0.0132978723404255,20.85027554,0.0904255319148936,24.78474434,0.0398936170212766,5.98431606292725,0.0930851063829787,0.0265957446808511,0.0132978723404255,0.0,0.0372340425531915,0.0824468085106383,0.0478723404255319,376,13.27557315,-7.70549999999999,10,-0.628557901,1.142857143
pdb2bo7.ent,-6.55,6,260.54,16,453.282,11.54709042,38.3931117021276,0.22,-5.561978886,0.050531914893617,43.89285714,1122914.608,0.074468085106383,20.25735364,0.023936170212766,0.0425531914893617,0.0106382978723404,0.0452127659574468,0.117021276595745,0.0558510638297872,0.101063829787234,-0.349734042553192,0.0292553191489362,0.050531914893617,44019.6371000001,0.0718085106382979,0.0132978723404255,20.85027554,0.0904255319148936,24.78474434,0.0398936170212766,5.98431606292725,0.0930851063829787,0.0265957446808511,0.0132978723404255,0.0,0.0372340425531915,0.0824468085106383,0.0478723404255319,376,13.27557315,-7.70549999999999,10,-0.628557901,1.142857143
pdb2bo7.ent,-6.56,6,260.54,16,453.282,11.54709042,38.3931117021276,0.22,-5.561978886,0.050531914893617,43.89285714,1122914.608,0.074468085106383,20.25735364,0.023936170212766,0.0425531914893617,0.0106382978723404,0.0452127659574468,0.117021276595745,0.0558510638297872,0.101063829787234,-0.349734042553192,0.0292553191489362,0.050531914893617,44019.6371000001,0.0718085106382979,0.0132978723404255,20.85027554,0.0904255319148936,24.78474434,0.0398936170212766,5.98431606292725,0.0930851063829787,0.0265957446808511,0.0132978723404255,0.0,0.0372340425531915,0.0824468085106383,0.0478723404255319,376,13.27557315,-7.70549999999999,10,-0.628557901,1.142857143
pdb2bo7.ent,-6.55,6,260.54,16,453.282,11.54709042,38.3931117021276,0.22,-5.561978886,0.050531914893617,43.89285714,1122914.608,0.074468085106383,20.25735364,0.023936170212766,0.0425531914893617,0.0106382978723404,0.0452127659574468,0.117021276595745,0.0558510638297872,0.101063829787234,-0.349734042553192,0.0292553191489362,0.050531914893617,44019.6371000001,0.0718085106382979,0.0132978723404255,20.85027554,0.0904255319148936,24.78474434,0.0398936170212766,5.98431606292725,0.0930851063829787,0.0265957446808511,0.0132978723404255,0.0,0.0372340425531915,0.0824468085106383,0.0478723404255319,376,13.27557315,-7.70549999999999,10,-0.628557901,1.142857143
pdb2bo7.ent,-6.61,6,260.54,16,453.282,11.54709042,38.3931117021276,0.22,-5.561978886,0.050531914893617,43.89285714,1122914.608,0.074468085106383,20.25735364,0.023936170212766,0.0425531914893617,0.0106382978723404,0.0452127659574468,0.117021276595745,0.0558510638297872,0.101063829787234,-0.349734042553192,0.0292553191489362,0.050531914893617,44019.6371000001,0.0718085106382979,0.0132978723404255,20.85027554,0.0904255319148936,24.78474434,0.0398936170212766,5.98431606292725,0.0930851063829787,0.0265957446808511,0.0132978723404255,0.0,0.0372340425531915,0.0824468085106383,0.0478723404255319,376,13.27557315,-7.70549999999999,10,-0.628557901,1.142857143
pdb2bis.ent,-5.26,6,230.69,14,412.225,11.41150846,25.0786590909091,0.3,-5.557601927,0.0318181818181818,39.56,181258.6831,0.0704545454545455,14.52368616,0.0659090909090909,0.05,0.0068181818181818,0.009090909090909,0.115909090909091,0.1,0.104545454545455,-0.0143181818181818,0.0159090909090909,0.0340909090909091,49265.0578000001,0.0340909090909091,0.0636363636363636,10.21669833,0.0886363636363636,14.15116714,0.0704545454545455,5.80544376373291,0.0568181818181818,0.0136363636363636,0.0227272727272727,6.420821623,0.0727272727272727,0.0659090909090909,0.0227272727272727,440,13.15163837,-6.12679999999999,8,-0.702921012,1.12
pdb2am5.ent,-6.88,6,230.69,14,412.225,11.41150846,40.9865497076023,0.3,-5.557601927,0.043859649122807,39.56,181258.6831,0.0730994152046784,14.52368616,0.0467836257309942,0.0701754385964912,0.0146198830409357,0.0584795321637427,0.134502923976608,0.0584795321637427,0.0906432748538012,-0.402923976608188,0.0116959064327485,0.0614035087719298,39671.7405000001,0.0380116959064327,0.0497076023391813,10.21669833,0.0497076023391813,14.15116714,0.0614035087719298,8.48869724273682,0.0789473684210526,0.0292397660818713,0.0204678362573099,6.420821623,0.0380116959064327,0.0789473684210526,0.0263157894736842,342,13.15163837,-6.12679999999999,8,-0.702921012,1.12
pdb2am3.ent,-8.19,9,309.84,19,574.366,12.21890479,40.9865497076023,0.1,-5.886253981,0.043859649122807,44.05555556,41785932.71,0.0730994152046784,14.5802533,0.0467836257309942,0.0701754385964912,0.0146198830409357,0.0584795321637427,0.134502923976608,0.0584795321637427,0.0906432748538012,-0.402923976608188,0.0116959064327485,0.0614035087719298,39671.7405000001,0.0380116959064327,0.0497076023391813,10.21669833,0.0497076023391813,18.6749143,0.0614035087719298,8.48869724273682,0.0789473684210526,0.0292397660818713,0.0204678362573099,6.420821623,0.0380116959064327,0.0789473684210526,0.0263157894736842,342,19.75852033,-8.30259999999999,11,-1.772023168,0.861111111
pdb1zdg.ent,-7.83,9,309.84,19,574.366,12.21890479,29.0786821705426,0.1,-5.886253981,0.0348837209302326,44.05555556,41785932.71,0.0775193798449612,14.5802533,0.0852713178294574,0.0658914728682171,0.0116279069767442,0.0465116279069768,0.12015503875969,0.0465116279069768,0.112403100775194,-0.0666666666666667,0.0193798449612403,0.0426356589147287,29026.6395,0.0968992248062016,0.0465116279069768,10.21669833,0.0310077519379845,18.6749143,0.062015503875969,5.76281452178955,0.0310077519379845,0.0232558139534884,0.0387596899224806,6.420821623,0.0348837209302326,0.0658914728682171,0.0271317829457364,258,19.75852033,-8.30259999999999,11,-1.772023168,0.861111111
pdb1z8d.ent,-5.1,4,187.79,12,356.296,10.78689356,37.0279975579977,-0.05,-4.952840235,0.0415140415140415,46.08695652,165343.2902,0.072039072039072,20.25735364,0.0341880341880342,0.0598290598290598,0.0097680097680097,0.0366300366300366,0.103785103785104,0.0561660561660562,0.0927960927960928,-0.370085470085469,0.0268620268620269,0.0415140415140415,94626.1830000005,0.043956043956044,0.0537240537240537,20.85027554,0.0744810744810745,20.47411297,0.0476190476190476,6.81587047576904,0.0769230769230769,0.0146520146520147,0.0525030525030525,0.0,0.0598290598290598,0.0769230769230769,0.0280830280830281,819,19.94426434,-5.80299999999999,8,0.346269196,1.260869565
pdb1y8z.ent,-7.53,6,230.69,14,412.225,11.41150846,35.2532390745501,0.3,-5.557601927,0.0462724935732648,39.56,181258.6831,0.0539845758354756,14.52368616,0.0796915167095116,0.0616966580976864,0.0102827763496144,0.0334190231362468,0.120822622107969,0.0488431876606684,0.077120822622108,-0.50745501285347,0.0282776349614396,0.0359897172236504,45363.1112000001,0.051413881748072,0.0796915167095116,10.21669833,0.0719794344473008,14.15116714,0.0565552699228792,7.27456111907959,0.0539845758354756,0.0179948586118252,0.0539845758354756,6.420821623,0.0719794344473008,0.0411311053984576,0.025706940874036,389,13.15163837,-6.12679999999999,8,-0.702921012,1.12
pdb1y8z.ent,-7.38,6,230.69,14,412.225,11.41150846,35.7116172506739,0.3,-5.557601927,0.045822102425876,39.56,181258.6831,0.0539083557951482,14.52368616,0.0835579514824798,0.0592991913746631,0.0107816711590297,0.0350404312668464,0.118598382749326,0.0485175202156334,0.078167115902965,-0.48544474393531,0.0269541778975741,0.0323450134770889,43255.7676000001,0.0512129380053908,0.078167115902965,10.21669833,0.0727762803234501,14.15116714,0.0566037735849057,7.78631420135498,0.0566037735849057,0.0161725067385445,0.0512129380053908,6.420821623,0.0754716981132075,0.0404312668463612,0.0269541778975741,371,13.15163837,-6.12679999999999,8,-0.702921012,1.12
pdb1v84.ent,-6.83,6,230.69,14,412.225,11.41150846,47.3477551020408,0.3,-5.557601927,0.0326530612244898,39.56,181258.6831,0.0979591836734694,14.52368616,0.0408163265306122,0.036734693877551,0.0040816326530612,0.0244897959183673,0.0897959183673469,0.0530612244897959,0.118367346938776,-0.368571428571429,0.0163265306122449,0.0693877551020408,28154.1482,0.0816326530612245,0.0448979591836735,10.21669833,0.0571428571428571,14.15116714,0.036734693877551,10.1151700973511,0.102040816326531,0.0204081632653061,0.0489795918367347,6.420821623,0.0244897959183673,0.0612244897959184,0.0285714285714286,245,13.15163837,-6.12679999999999,8,-0.702921012,1.12
pdb1v84.ent,-6.67,6,230.69,14,412.225,11.41150846,47.2119341563786,0.3,-5.557601927,0.0329218106995885,39.56,181258.6831,0.0987654320987654,14.52368616,0.0411522633744856,0.037037037037037,0.0041152263374485,0.0246913580246914,0.0905349794238683,0.0534979423868313,0.11522633744856,-0.345267489711934,0.0164609053497942,0.0699588477366255,27827.7105,0.0823045267489712,0.0411522633744856,10.21669833,0.0576131687242798,14.15116714,0.037037037037037,9.98720035552979,0.0987654320987654,0.0205761316872428,0.0493827160493827,6.420821623,0.0246913580246914,0.065843621399177,0.0288065843621399,243,13.15163837,-6.12679999999999,8,-0.702921012,1.12
pdb1uqu.ent,-8.43,9,309.84,19,574.366,12.21890479,32.9882743362832,0.1,-5.886253981,0.0420353982300885,44.05555556,41785932.71,0.0553097345132743,14.5802533,0.0420353982300885,0.0641592920353982,0.0066371681415929,0.0486725663716814,0.103982300884956,0.0619469026548673,0.130530973451327,-0.261283185840708,0.0088495575221238,0.0553097345132743,51212.8246000001,0.0376106194690266,0.0508849557522124,10.21669833,0.0530973451327434,18.6749143,0.0420353982300885,6.32381534576416,0.0575221238938053,0.0199115044247788,0.0508849557522124,6.420821623,0.0530973451327434,0.0929203539823009,0.0265486725663717,452,19.75852033,-8.30259999999999,11,-1.772023168,0.861111111
pdb1sxq.ent,-7.18,6,230.69,14,412.225,11.41150846,27.7607122507123,0.3,-5.557601927,0.0398860398860399,39.56,181258.6831,0.0626780626780627,14.52368616,0.0626780626780627,0.0626780626780627,0.0,0.0284900284900285,0.116809116809117,0.037037037037037,0.0712250712250712,-0.306837606837607,0.0313390313390313,0.0341880341880342,40665.4426000001,0.0398860398860399,0.102564102564103,10.21669833,0.0598290598290598,14.15116714,0.0626780626780627,9.04570407867432,0.037037037037037,0.0142450142450142,0.0797720797720798,6.420821623,0.0997150997150997,0.0598290598290598,0.0142450142450142,351,13.15163837,-6.12679999999999,8,-0.702921012,1.12
pdb1sxq.ent,-7.14,6,230.69,14,412.225,11.41150846,27.7607122507123,0.3,-5.557601927,0.0398860398860399,39.56,181258.6831,0.0626780626780627,14.52368616,0.0626780626780627,0.0626780626780627,0.0,0.0284900284900285,0.116809116809117,0.037037037037037,0.0712250712250712,-0.306837606837607,0.0313390313390313,0.0341880341880342,40665.4426000001,0.0398860398860399,0.102564102564103,10.21669833,0.0598290598290598,14.15116714,0.0626780626780627,9.04570407867432,0.037037037037037,0.0142450142450142,0.0797720797720798,6.420821623,0.0997150997150997,0.0598290598290598,0.0142450142450142,351,13.15163837,-6.12679999999999,8,-0.702921012,1.12
pdb1s4o.ent,-6.86,6,260.54,16,453.282,11.54709042,37.8582388059701,0.22,-5.561978886,0.0805970149253731,43.89285714,1122914.608,0.0447761194029851,20.25735364,0.0567164179104478,0.0597014925373134,0.0238805970149254,0.0238805970149254,0.182089552238806,0.0477611940298507,0.0626865671641791,-0.702686567164179,0.0149253731343284,0.0507462686567164,39954.4059,0.0447761194029851,0.0865671641791045,20.85027554,0.0835820895522388,24.78474434,0.0656716417910448,5.65572986602783,0.0298507462686567,0.0358208955223881,0.0656716417910448,0.0,0.0477611940298507,0.0447761194029851,0.0298507462686567,335,13.27557315,-7.70549999999999,10,-0.628557901,1.142857143
pdb1s4o.ent,-6.84,6,260.54,16,453.282,11.54709042,37.6630149253731,0.22,-5.561978886,0.0805970149253731,43.89285714,1122914.608,0.0447761194029851,20.25735364,0.0567164179104478,0.0597014925373134,0.0238805970149254,0.0238805970149254,0.182089552238806,0.0447761194029851,0.0626865671641791,-0.703582089552239,0.0149253731343284,0.0507462686567164,39998.4585,0.0477611940298507,0.0865671641791045,20.85027554,0.0835820895522388,24.78474434,0.0656716417910448,5.65072803497314,0.0298507462686567,0.0358208955223881,0.0656716417910448,0.0,0.0477611940298507,0.0447761194029851,0.0298507462686567,335,13.27557315,-7.70549999999999,10,-0.628557901,1.142857143
pdb1rzu.ent,-6.18,4,175.34,11,332.246,9.943468443,29.9505241090147,-0.01,-4.741659148,0.039832285115304,43.19047619,36879.82654,0.0712788259958071,19.41709776,0.0545073375262055,0.0566037735849057,0.010482180293501,0.0293501048218029,0.0817610062893082,0.0922431865828092,0.113207547169811,0.10104821802935,0.0209643605870021,0.0482180293501048,51386.2811000001,0.0461215932914046,0.0377358490566038,10.21669833,0.0461215932914046,9.840535766,0.0272536687631027,5.88217639923096,0.0440251572327044,0.0146750524109015,0.0272536687631027,6.420821623,0.0587002096436059,0.127882599580713,0.0335429769392034,477,13.15163837,-4.2739,8,-0.33285482,1.142857143
pdb1rzu.ent,-6.3,4,175.34,11,332.246,9.943468443,29.9087866108787,-0.01,-4.741659148,0.0397489539748954,43.19047619,36879.82654,0.0711297071129707,19.41709776,0.0543933054393305,0.0564853556485356,0.0104602510460251,0.0292887029288703,0.0815899581589958,0.0920502092050209,0.112970711297071,0.0926778242677823,0.0209205020920502,0.0481171548117155,51514.4534000001,0.0460251046025105,0.0397489539748954,10.21669833,0.0460251046025105,9.840535766,0.0271966527196653,5.9672643661499,0.0439330543933054,0.0146443514644351,0.0271966527196653,6.420821623,0.0585774058577406,0.127615062761506,0.0334728033472803,478,13.15163837,-4.2739,8,-0.33285482,1.142857143
pdb1rrv.ent,-6.98,6,210.46,13,410.253,11.43547108,46.1239650872818,0.34,-5.502394355,0.0149625935162095,39.56,184442.8721,0.107231920199501,14.52368616,0.0349127182044888,0.0548628428927681,0.0099750623441396,0.027431421446384,0.0523690773067332,0.0897755610972569,0.0947630922693267,0.105486284289277,0.0199501246882793,0.0947630922693267,42098.6025000001,0.0473815461346633,0.0074812967581047,10.21669833,0.0673316708229426,14.15116714,0.0299251870324189,5.01924686431885,0.0748129675810474,0.0074812967581047,0.0074812967581047,13.34455882,0.027431421446384,0.159600997506234,0.0224438902743142,401,13.15163837,-4.85159999999999,7,1.35986321,1.24
pdb1rrv.ent,-7.03,6,210.46,13,410.253,11.43547108,46.214275,0.34,-5.502394355,0.015,39.56,184442.8721,0.1075,14.52368616,0.035,0.055,0.01,0.0275,0.0525,0.09,0.095,0.117,0.02,0.095,41942.4168000001,0.0475,0.0075,10.21669833,0.0675,14.15116714,0.03,4.96155529022217,0.0725,0.0075,0.0075,13.34455882,0.0275,0.16,0.0225,400,13.15163837,-4.85159999999999,7,1.35986321,1.24
pdb1r81.ent,-6.31,11,321.87,20,617.435,12.52019331,44.6136090225564,0.06,-5.898921529,0.0488721804511278,42.43589744,154682644.9,0.109022556390977,13.99747307,0.0338345864661654,0.0451127819548872,0.0150375939849624,0.0488721804511278,0.12781954887218,0.0601503759398496,0.109022556390977,-0.0913533834586466,0.0225563909774436,0.0601503759398496,30759.2226,0.0601503759398496,0.0413533834586466,15.53348694,0.0601503759398496,19.46795574,0.0601503759398496,7.72449855804443,0.0676691729323308,0.018796992481203,0.018796992481203,13.34455882,0.0300751879699248,0.056390977443609,0.0338345864661654,266,19.75852033,-8.367,12,-0.542919531,1.0
pdb1qgs.ent,-6.89,6,230.69,14,412.225,11.41150846,46.5405042016807,0.3,-5.557601927,0.0630252100840336,39.56,181258.6831,0.0672268907563025,14.52368616,0.0756302521008403,0.0672268907563025,0.0126050420168067,0.0210084033613445,0.126050420168067,0.0252100840336134,0.0714285714285714,-0.494537815126051,0.0294117647058823,0.046218487394958,27923.299,0.0504201680672269,0.0588235294117647,10.21669833,0.0798319327731092,14.15116714,0.0504201680672269,5.63805294036865,0.0672268907563025,0.0126050420168067,0.0588235294117647,6.420821623,0.0630252100840336,0.0588235294117647,0.0210084033613445,238,13.15163837,-6.12679999999999,8,-0.702921012,1.12
pdb1qgq.ent,-6.93,6,230.69,14,412.225,11.41150846,46.5405042016807,0.3,-5.557601927,0.0630252100840336,39.56,181258.6831,0.0672268907563025,14.52368616,0.0756302521008403,0.0672268907563025,0.0126050420168067,0.0210084033613445,0.126050420168067,0.0252100840336134,0.0714285714285714,-0.494537815126051,0.0294117647058823,0.046218487394958,27923.299,0.0504201680672269,0.0588235294117647,10.21669833,0.0798319327731092,14.15116714,0.0504201680672269,5.63805294036865,0.0672268907563025,0.0126050420168067,0.0588235294117647,6.420821623,0.0630252100840336,0.0588235294117647,0.0210084033613445,238,13.15163837,-6.12679999999999,8,-0.702921012,1.12
pdb1pnv.ent,-7.02,6,210.46,13,410.253,11.43547108,34.3971204188482,0.34,-5.502394355,0.0235602094240838,39.56,184442.8721,0.109947643979058,14.52368616,0.049738219895288,0.0706806282722513,0.0130890052356021,0.0209424083769633,0.0523560209424084,0.0837696335078534,0.0968586387434555,0.1282722513089,0.0183246073298429,0.0732984293193717,40213.3322000001,0.0549738219895288,0.0104712041884817,10.21669833,0.0575916230366492,14.15116714,0.0183246073298429,4.84890041351318,0.0759162303664921,0.0104712041884817,0.0078534031413612,13.34455882,0.0340314136125654,0.154450261780105,0.0157068062827225,382,13.15163837,-4.85159999999999,7,1.35986321,1.24
pdb1oqm.ent,-8.68,11,321.87,20,617.435,12.52019331,35.3926470588235,0.06,-5.898921529,0.0588235294117647,42.43589744,154682644.9,0.0625,13.99747307,0.0588235294117647,0.0588235294117647,0.0183823529411765,0.0477941176470588,0.121323529411765,0.0625,0.0919117647058824,-0.354411764705882,0.0330882352941176,0.0661764705882353,31475.8353,0.0330882352941176,0.0551470588235294,15.53348694,0.0404411764705882,19.46795574,0.0514705882352941,8.68597049713135,0.0588235294117647,0.0110294117647059,0.0625,13.34455882,0.0661764705882353,0.0367647058823529,0.0257352941176471,272,19.75852033,-8.367,12,-0.542919531,1.0
pdb1oqm.ent,-8.61,11,321.87,20,617.435,12.52019331,35.3926470588235,0.06,-5.898921529,0.0588235294117647,42.43589744,154682644.9,0.0625,13.99747307,0.0588235294117647,0.0588235294117647,0.0183823529411765,0.0477941176470588,0.121323529411765,0.0625,0.0919117647058824,-0.354411764705882,0.0330882352941176,0.0661764705882353,31475.8353,0.0330882352941176,0.0551470588235294,15.53348694,0.0404411764705882,19.46795574,0.0514705882352941,8.68597049713135,0.0588235294117647,0.0110294117647059,0.0625,13.34455882,0.0661764705882353,0.0367647058823529,0.0257352941176471,272,19.75852033,-8.367,12,-0.542919531,1.0
pdb1on8.ent,-7.22,6,230.69,14,412.225,11.41150846,34.9909433962264,0.3,-5.557601927,0.0415094339622642,39.56,181258.6831,0.0716981132075472,14.52368616,0.0641509433962264,0.0452830188679245,0.0075471698113207,0.0566037735849057,0.116981132075472,0.0641509433962264,0.0905660377358491,-0.169811320754717,0.0339622641509434,0.060377358490566,30118.1572,0.0452830188679245,0.0490566037735849,10.21669833,0.0415094339622642,14.15116714,0.060377358490566,6.53377857208252,0.030188679245283,0.0150943396226415,0.0716981132075472,6.420821623,0.0679245283018868,0.0490566037735849,0.0339622641509434,265,13.15163837,-6.12679999999999,8,-0.702921012,1.12
pdb1on8.ent,-7.14,6,230.69,14,412.225,11.41150846,36.7484732824427,0.3,-5.557601927,0.0381679389312977,39.56,181258.6831,0.0725190839694657,14.52368616,0.0648854961832061,0.0458015267175573,0.0076335877862595,0.0572519083969466,0.114503816793893,0.0610687022900763,0.0916030534351145,-0.151908396946565,0.0343511450381679,0.0610687022900763,29783.8301,0.0458015267175573,0.049618320610687,10.21669833,0.0419847328244275,14.15116714,0.0610687022900763,6.53383541107178,0.0305343511450382,0.0152671755725191,0.0687022900763359,6.420821623,0.0687022900763359,0.049618320610687,0.0343511450381679,262,13.15163837,-6.12679999999999,8,-0.702921012,1.12
pdb1on6.ent,-8.06,11,321.87,20,617.435,12.52019331,36.6586614173228,0.06,-5.898921529,0.0393700787401575,42.43589744,154682644.9,0.0748031496062992,13.99747307,0.062992125984252,0.047244094488189,0.0078740157480315,0.0590551181102362,0.114173228346457,0.0590551181102362,0.0944881889763779,-0.111417322834646,0.031496062992126,0.062992125984252,28826.7661,0.0433070866141732,0.047244094488189,15.53348694,0.0393700787401575,19.46795574,0.062992125984252,6.47364292144775,0.031496062992126,0.0118110236220472,0.0708661417322835,13.34455882,0.0708661417322835,0.0511811023622047,0.031496062992126,254,19.75852033,-8.367,12,-0.542919531,1.0
pdb1on6.ent,-8.26,11,321.87,20,617.435,12.52019331,36.3474708171206,0.06,-5.898921529,0.0389105058365759,42.43589744,154682644.9,0.0739299610894942,13.99747307,0.066147859922179,0.0466926070038911,0.0077821011673151,0.0583657587548638,0.11284046692607,0.0583657587548638,0.0933852140077821,-0.142023346303502,0.0311284046692607,0.0622568093385214,29171.1297,0.0428015564202335,0.0505836575875486,15.53348694,0.0428015564202335,19.46795574,0.0622568093385214,6.43192310333252,0.0311284046692607,0.0116731517509728,0.0700389105058366,13.34455882,0.0700389105058366,0.0505836575875486,0.0311284046692607,257,19.75852033,-8.367,12,-0.542919531,1.0
pdb1omz.ent,-8.11,11,321.87,20,617.435,12.52019331,36.7640316205534,0.06,-5.898921529,0.0395256916996047,42.43589744,154682644.9,0.075098814229249,13.99747307,0.0632411067193676,0.0474308300395257,0.0079051383399209,0.0592885375494071,0.114624505928854,0.0592885375494071,0.0948616600790514,-0.0940711462450592,0.0316205533596838,0.0632411067193676,28670.5804,0.0434782608695652,0.0474308300395257,15.53348694,0.0395256916996047,19.46795574,0.0632411067193676,6.24532070159912,0.0276679841897233,0.0118577075098814,0.0711462450592885,13.34455882,0.0711462450592885,0.0513833992094862,0.0316205533596838,253,19.75852033,-8.367,12,-0.542919531,1.0
pdb1omz.ent,-8.22,11,321.87,20,617.435,12.52019331,36.5541176470588,0.06,-5.898921529,0.0392156862745098,42.43589744,154682644.9,0.0745098039215686,13.99747307,0.0666666666666667,0.0470588235294118,0.0078431372549019,0.0588235294117647,0.113725490196078,0.0588235294117647,0.0941176470588235,-0.114117647058824,0.0313725490196078,0.0627450980392157,28913.8434,0.0431372549019608,0.0470588235294118,15.53348694,0.0392156862745098,19.46795574,0.0627450980392157,6.42959270477295,0.0313725490196078,0.0117647058823529,0.0705882352941176,13.34455882,0.0705882352941176,0.0509803921568627,0.0313725490196078,255,19.75852033,-8.367,12,-0.542919531,1.0
pdb1nlm.ent,-8.33,11,321.87,20,617.435,12.52019331,39.2477142857143,0.06,-5.898921529,0.0142857142857143,42.43589744,154682644.9,0.0942857142857143,13.99747307,0.04,0.0342857142857143,0.0028571428571428,0.06,0.0628571428571429,0.1,0.0857142857142857,0.0494285714285714,0.0285714285714286,0.0542857142857143,37353.7693,0.0371428571428571,0.0428571428571429,15.53348694,0.0428571428571429,19.46795574,0.0228571428571429,9.73583812713623,0.06,0.0257142857142857,0.0257142857142857,13.34455882,0.0514285714285714,0.154285714285714,0.0228571428571429,350,19.75852033,-8.367,12,-0.542919531,1.0
pdb1nlm.ent,-7.87,11,321.87,20,617.435,12.52019331,39.2477142857143,0.06,-5.898921529,0.0142857142857143,42.43589744,154682644.9,0.0942857142857143,13.99747307,0.04,0.0342857142857143,0.0028571428571428,0.06,0.0628571428571429,0.1,0.0857142857142857,0.0494285714285714,0.0285714285714286,0.0542857142857143,37353.7693,0.0371428571428571,0.0428571428571429,15.53348694,0.0428571428571429,19.46795574,0.0228571428571429,9.73583812713623,0.06,0.0257142857142857,0.0257142857142857,13.34455882,0.0514285714285714,0.154285714285714,0.0228571428571429,350,19.75852033,-8.367,12,-0.542919531,1.0
pdb1nhe.ent,-6.48,6,230.69,14,412.225,11.41150846,33.1707224334601,0.3,-5.557601927,0.0608365019011407,39.56,181258.6831,0.064638783269962,14.52368616,0.0608365019011407,0.0608365019011407,0.0190114068441065,0.0494296577946768,0.125475285171103,0.064638783269962,0.0950570342205323,-0.431558935361217,0.0,0.0684410646387833,30295.0713,0.0342205323193916,0.0570342205323194,10.21669833,0.0418250950570342,14.15116714,0.0532319391634981,8.68597049713135,0.0608365019011407,0.0114068441064639,0.064638783269962,6.420821623,0.0684410646387833,0.0380228136882129,0.026615969581749,263,13.15163837,-6.12679999999999,8,-0.702921012,1.12
pdb1nhe.ent,-6.54,6,230.69,14,412.225,11.41150846,33.1707224334601,0.3,-5.557601927,0.0608365019011407,39.56,181258.6831,0.064638783269962,14.52368616,0.0608365019011407,0.0608365019011407,0.0190114068441065,0.0494296577946768,0.125475285171103,0.064638783269962,0.0950570342205323,-0.431558935361217,0.0,0.0684410646387833,30295.0713,0.0342205323193916,0.0570342205323194,10.21669833,0.0418250950570342,14.15116714,0.0532319391634981,8.68597049713135,0.0608365019011407,0.0114068441064639,0.064638783269962,6.420821623,0.0684410646387833,0.0380228136882129,0.026615969581749,263,13.15163837,-6.12679999999999,8,-0.702921012,1.12
pdb1m5r.ent,-7.07,6,230.69,14,412.225,11.41150846,27.7607122507123,0.3,-5.557601927,0.0398860398860399,39.56,181258.6831,0.0626780626780627,14.52368616,0.0626780626780627,0.0626780626780627,0.0,0.0284900284900285,0.116809116809117,0.037037037037037,0.0712250712250712,-0.306837606837607,0.0313390313390313,0.0341880341880342,40665.4426000001,0.0398860398860399,0.102564102564103,10.21669833,0.0598290598290598,14.15116714,0.0626780626780627,9.04570407867432,0.037037037037037,0.0142450142450142,0.0797720797720798,6.420821623,0.0997150997150997,0.0598290598290598,0.0142450142450142,351,13.15163837,-6.12679999999999,8,-0.702921012,1.12
pdb1m5r.ent,-7.08,6,230.69,14,412.225,11.41150846,27.7607122507123,0.3,-5.557601927,0.0398860398860399,39.56,181258.6831,0.0626780626780627,14.52368616,0.0626780626780627,0.0626780626780627,0.0,0.0284900284900285,0.116809116809117,0.037037037037037,0.0712250712250712,-0.306837606837607,0.0313390313390313,0.0341880341880342,40665.4426000001,0.0398860398860399,0.102564102564103,10.21669833,0.0598290598290598,14.15116714,0.0626780626780627,9.04570407867432,0.037037037037037,0.0142450142450142,0.0797720797720798,6.420821623,0.0997150997150997,0.0598290598290598,0.0142450142450142,351,13.15163837,-6.12679999999999,8,-0.702921012,1.12
pdb1lzi.ent,-6.5,6,230.69,14,412.225,11.41150846,44.8758333333333,0.3,-5.557601927,0.0454545454545455,39.56,181258.6831,0.109848484848485,14.52368616,0.0340909090909091,0.0454545454545455,0.0151515151515152,0.0492424242424242,0.125,0.0606060606060606,0.109848484848485,-0.0939393939393939,0.0227272727272727,0.0606060606060606,30524.9715,0.0606060606060606,0.0416666666666667,10.21669833,0.0606060606060606,14.15116714,0.0606060606060606,7.72824993133545,0.0681818181818182,0.0189393939393939,0.0189393939393939,6.420821623,0.0303030303030303,0.053030303030303,0.0340909090909091,264,13.15163837,-6.12679999999999,8,-0.702921012,1.12
pdb1ll2.ent,-7.77,9,309.84,19,574.366,12.21890479,28.4725490196078,0.1,-5.886253981,0.0352941176470588,44.05555556,41785932.71,0.0784313725490196,14.5802533,0.0784313725490196,0.0705882352941176,0.0117647058823529,0.0470588235294118,0.117647058823529,0.0470588235294118,0.113725490196078,-0.0933333333333334,0.0156862745098039,0.0431372549019608,28689.2025,0.0980392156862745,0.0470588235294118,10.21669833,0.0313725490196078,18.6749143,0.0588235294117647,5.58797779083252,0.0313725490196078,0.0235294117647059,0.0392156862745098,6.420821623,0.0352941176470588,0.0666666666666667,0.0274509803921569,255,19.75852033,-8.30259999999999,11,-1.772023168,0.861111111
pdb1jiv.ent,-7.2,6,230.69,14,412.225,11.41150846,27.7607122507123,0.3,-5.557601927,0.0398860398860399,39.56,181258.6831,0.0626780626780627,14.52368616,0.0626780626780627,0.0626780626780627,0.0,0.0284900284900285,0.116809116809117,0.037037037037037,0.0712250712250712,-0.306837606837607,0.0313390313390313,0.0341880341880342,40665.4426000001,0.0398860398860399,0.102564102564103,10.21669833,0.0598290598290598,14.15116714,0.0626780626780627,9.04570407867432,0.037037037037037,0.0142450142450142,0.0797720797720798,6.420821623,0.0997150997150997,0.0598290598290598,0.0142450142450142,351,13.15163837,-6.12679999999999,8,-0.702921012,1.12
pdb1jg7.ent,-7.12,6,230.69,14,412.225,11.41150846,27.7607122507123,0.3,-5.557601927,0.0398860398860399,39.56,181258.6831,0.0626780626780627,14.52368616,0.0626780626780627,0.0626780626780627,0.0,0.0284900284900285,0.116809116809117,0.037037037037037,0.0712250712250712,-0.306837606837607,0.0313390313390313,0.0341880341880342,40665.4426000001,0.0398860398860399,0.102564102564103,10.21669833,0.0598290598290598,14.15116714,0.0626780626780627,9.04570407867432,0.037037037037037,0.0142450142450142,0.0797720797720798,6.420821623,0.0997150997150997,0.0598290598290598,0.0142450142450142,351,13.15163837,-6.12679999999999,8,-0.702921012,1.12
pdb1j39.ent,-8.55,9,309.84,19,574.366,12.21890479,29.2192151162791,0.1,-5.886253981,0.0406976744186047,44.05555556,41785932.71,0.061046511627907,14.5802533,0.063953488372093,0.063953488372093,0.0,0.0290697674418605,0.113372093023256,0.0319767441860465,0.0726744186046512,-0.317732558139535,0.0319767441860465,0.0348837209302326,39915.5865,0.0406976744186047,0.101744186046512,10.21669833,0.061046511627907,18.6749143,0.0581395348837209,8.94951725006104,0.0377906976744186,0.0145348837209302,0.0784883720930233,6.420821623,0.101744186046512,0.061046511627907,0.0145348837209302,344,19.75852033,-8.30259999999999,11,-1.772023168,0.861111111
pdb1ixy.ent,-7.02,6,230.69,14,412.225,11.41150846,27.7607122507123,0.3,-5.557601927,0.0398860398860399,39.56,181258.6831,0.0626780626780627,14.52368616,0.0626780626780627,0.0626780626780627,0.0,0.0284900284900285,0.116809116809117,0.037037037037037,0.0712250712250712,-0.306837606837607,0.0313390313390313,0.0341880341880342,40665.4426000001,0.0398860398860399,0.102564102564103,10.21669833,0.0598290598290598,14.15116714,0.0626780626780627,9.04570407867432,0.037037037037037,0.0142450142450142,0.0797720797720798,6.420821623,0.0997150997150997,0.0598290598290598,0.0142450142450142,351,13.15163837,-6.12679999999999,8,-0.702921012,1.12
pdb1ixy.ent,-7.08,6,230.69,14,412.225,11.41150846,27.7607122507123,0.3,-5.557601927,0.0398860398860399,39.56,181258.6831,0.0626780626780627,14.52368616,0.0626780626780627,0.0626780626780627,0.0,0.0284900284900285,0.116809116809117,0.037037037037037,0.0712250712250712,-0.306837606837607,0.0313390313390313,0.0341880341880342,40665.4426000001,0.0398860398860399,0.102564102564103,10.21669833,0.0598290598290598,14.15116714,0.0626780626780627,9.04570407867432,0.037037037037037,0.0142450142450142,0.0797720797720798,6.420821623,0.0997150997150997,0.0598290598290598,0.0142450142450142,351,13.15163837,-6.12679999999999,8,-0.702921012,1.12
pdb1h7q.ent,-7.06,6,210.46,13,410.253,11.43547108,45.4335,0.34,-5.502394355,0.0625,39.56,184442.8721,0.0666666666666667,14.52368616,0.075,0.0708333333333333,0.0125,0.0208333333333333,0.125,0.025,0.0708333333333333,-0.519583333333333,0.0291666666666667,0.0458333333333333,28152.489,0.05,0.0583333333333333,10.21669833,0.0791666666666667,14.15116714,0.05,5.48555393218994,0.0666666666666667,0.0125,0.0625,13.34455882,0.0625,0.0583333333333333,0.0208333333333333,240,13.15163837,-4.85159999999999,7,1.35986321,1.24
pdb1h7l.ent,-7.08,6,210.46,13,410.253,11.43547108,44.9528870292887,0.34,-5.502394355,0.0627615062761506,39.56,184442.8721,0.0669456066945607,14.52368616,0.0753138075313808,0.0669456066945607,0.0125523012552301,0.0209205020920502,0.125523012552301,0.0251046025104602,0.0711297071129707,-0.507112970711297,0.0292887029288703,0.0460251046025105,28037.4016,0.0502092050209205,0.0585774058577406,10.21669833,0.0794979079497908,14.15116714,0.0502092050209205,5.63805294036865,0.0669456066945607,0.0125523012552301,0.0627615062761506,13.34455882,0.0627615062761506,0.0585774058577406,0.0209205020920502,239,13.15163837,-4.85159999999999,7,1.35986321,1.24
8j30.pdb,-8.13,9,309.84,19,574.366,12.21890479,46.1613815789475,0.1,-5.886253981,0.0394736842105263,44.05555556,41785932.71,0.0674342105263158,14.5802533,0.0657894736842105,0.0476973684210526,0.0164473684210526,0.0279605263157895,0.100328947368421,0.0460526315789474,0.103618421052632,-0.132236842105263,0.0230263157894737,0.0476973684210526,68941.8682000003,0.0444078947368421,0.0411184210526316,10.21669833,0.0723684210526316,18.6749143,0.0526315789473684,5.78344707489014,0.0476973684210526,0.0082236842105263,0.0592105263157895,6.420821623,0.0657894736842105,0.0789473684210526,0.0444078947368421,608,19.75852033,-8.30259999999999,11,-1.772023168,0.861111111
8j30.pdb,-6.95,6,230.69,14,412.225,11.41150846,45.6283892617451,0.3,-5.557601927,0.0402684563758389,39.56,181258.6831,0.0687919463087248,14.52368616,0.0654362416107383,0.0503355704697987,0.0167785234899329,0.0285234899328859,0.102348993288591,0.0469798657718121,0.104026845637584,-0.112751677852349,0.0218120805369128,0.0453020134228188,67602.3942000003,0.0453020134228188,0.0419463087248322,10.21669833,0.0671140939597315,14.15116714,0.0536912751677852,5.87757244110107,0.0469798657718121,0.0083892617449664,0.0587248322147651,6.420821623,0.0671140939597315,0.0771812080536913,0.0453020134228188,596,13.15163837,-6.12679999999999,8,-0.702921012,1.12
8csb.pdb,-8.33,9,303.57,18,552.447,12.64894602,40.3695674300254,-0.29,-5.651802046,0.0508905852417303,44.19444444,45609557.3,0.0483460559796438,29.3614151,0.0763358778625954,0.0585241730279898,0.0152671755725191,0.0203562340966921,0.11704834605598,0.0483460559796438,0.11704834605598,-0.0615776081424937,0.0127226463104326,0.0407124681933842,44167.3283000001,0.0483460559796438,0.0330788804071247,10.21669833,0.0763358778625954,5.316788604,0.0610687022900763,4.97172946929932,0.0407124681933842,0.005089058524173,0.0458015267175573,12.84164325,0.0610687022900763,0.0992366412213741,0.0407124681933842,393,19.75852033,-8.04429999999999,12,-1.650307177,1.138888889
8csb.pdb,-8.19,9,303.57,18,552.447,12.64894602,40.7965128205128,-0.29,-5.651802046,0.0512820512820513,44.19444444,45609557.3,0.0487179487179487,29.3614151,0.0769230769230769,0.058974358974359,0.0153846153846154,0.0205128205128205,0.117948717948718,0.0487179487179487,0.115384615384615,-0.0546153846153847,0.0128205128205128,0.041025641025641,43787.9174000001,0.0487179487179487,0.0333333333333333,10.21669833,0.0743589743589744,5.316788604,0.0615384615384615,4.96456775665283,0.041025641025641,0.0051282051282051,0.0461538461538462,12.84164325,0.0615384615384615,0.1,0.0384615384615385,390,19.75852033,-8.04429999999999,12,-1.650307177,1.138888889
8csb.pdb,-6.32,4,183.96,11,330.254,10.67352235,40.3695674300254,-0.01,-4.975130222,0.0508905852417303,43.19047619,36879.82654,0.0483460559796438,20.25735364,0.0763358778625954,0.0585241730279898,0.0152671755725191,0.0203562340966921,0.11704834605598,0.0483460559796438,0.11704834605598,-0.0615776081424937,0.0127226463104326,0.0407124681933842,44167.3283000001,0.0483460559796438,0.0330788804071247,10.21669833,0.0763358778625954,9.840535766,0.0610687022900763,4.97172946929932,0.0407124681933842,0.005089058524173,0.0458015267175573,6.420821623,0.0610687022900763,0.0992366412213741,0.0407124681933842,393,13.15163837,-4.93949999999999,7,-0.258009141,1.333333333
8csb.pdb,-6.2,4,183.96,11,330.254,10.67352235,40.7965128205128,-0.01,-4.975130222,0.0512820512820513,43.19047619,36879.82654,0.0487179487179487,20.25735364,0.0769230769230769,0.058974358974359,0.0153846153846154,0.0205128205128205,0.117948717948718,0.0487179487179487,0.115384615384615,-0.0546153846153847,0.0128205128205128,0.041025641025641,43787.9174000001,0.0487179487179487,0.0333333333333333,10.21669833,0.0743589743589744,9.840535766,0.0615384615384615,4.96456775665283,0.041025641025641,0.0051282051282051,0.0461538461538462,6.420821623,0.0615384615384615,0.1,0.0384615384615385,390,13.15163837,-4.93949999999999,7,-0.258009141,1.333333333
8b63.pdb,-8.47,6,230.69,14,412.225,11.41150846,54.4030136986301,0.3,-5.557601927,0.0356164383561644,39.56,181258.6831,0.0575342465753425,14.52368616,0.0356164383561644,0.0712328767123288,0.0082191780821917,0.0438356164383562,0.0986301369863014,0.0684931506849315,0.123287671232877,-0.182465753424658,0.0164383561643836,0.0547945205479452,41182.7381,0.0301369863013699,0.0328767123287671,10.21669833,0.0547945205479452,14.15116714,0.052054794520548,7.10273685455322,0.0931506849315069,0.010958904109589,0.0246575342465753,6.420821623,0.0493150684931507,0.115068493150685,0.0219178082191781,365,13.15163837,-6.12679999999999,8,-0.702921012,1.12
8b63.pdb,-7.19,6,230.69,14,412.225,11.41150846,54.185989010989,0.3,-5.557601927,0.0357142857142857,39.56,181258.6831,0.0576923076923077,14.52368616,0.0357142857142857,0.0714285714285714,0.0082417582417582,0.043956043956044,0.0989010989010989,0.0686813186813187,0.123626373626374,-0.188186813186814,0.0137362637362637,0.0549450549450549,41051.5421,0.0302197802197802,0.032967032967033,10.21669833,0.0549450549450549,14.15116714,0.0521978021978022,7.27632312774658,0.0934065934065934,0.010989010989011,0.0247252747252747,6.420821623,0.0494505494505494,0.115384615384615,0.021978021978022,364,13.15163837,-6.12679999999999,8,-0.702921012,1.12
7sp8.pdb,-7.8,11,321.87,20,617.435,12.52019331,30.36524,0.06,-5.898921529,0.064,42.43589744,154682644.9,0.092,13.99747307,0.066,0.048,0.024,0.028,0.154,0.052,0.082,0.1934,0.028,0.026,57775.5011000001,0.054,0.052,15.53348694,0.044,19.46795574,0.052,8.10749568939209,0.046,0.038,0.042,13.34455882,0.086,0.068,0.008,500,19.75852033,-8.367,12,-0.542919531,1.0
7sp7.pdb,-6.62,6,230.69,14,412.225,11.41150846,30.0881690140845,0.3,-5.557601927,0.0643863179074447,39.56,181258.6831,0.0925553319919517,14.52368616,0.0663983903420523,0.0482897384305835,0.0241448692152917,0.028169014084507,0.154929577464789,0.0523138832997988,0.0824949698189135,0.207042253521127,0.028169014084507,0.0261569416498994,57434.1349,0.0543259557344064,0.0523138832997988,10.21669833,0.0442655935613682,14.15116714,0.0523138832997988,7.84014530181885,0.0442655935613682,0.0382293762575453,0.0402414486921529,6.420821623,0.0865191146881288,0.0663983903420523,0.0080482897384305,497,13.15163837,-6.12679999999999,8,-0.702921012,1.12
7e9j.pdb,-6.55,6,230.69,14,412.225,11.41150846,37.6785220729366,0.3,-5.557601927,0.036468330134357,39.56,181258.6831,0.0767754318618042,14.52368616,0.0441458733205374,0.0345489443378119,0.017274472168906,0.053742802303263,0.117082533589251,0.0479846449136276,0.124760076775432,-0.108829174664108,0.0230326295585413,0.0614203454894434,59880.5578000001,0.0575815738963532,0.0403071017274472,10.21669833,0.0575815738963532,14.15116714,0.0595009596928983,8.60125904083252,0.0614203454894434,0.0211132437619962,0.0403071017274472,6.420821623,0.0345489443378119,0.0748560460652591,0.0326295585412668,521,13.15163837,-6.12679999999999,8,-0.702921012,1.12
7e9j.pdb,-6.55,6,230.69,14,412.225,11.41150846,37.6785220729366,0.3,-5.557601927,0.036468330134357,39.56,181258.6831,0.0767754318618042,14.52368616,0.0441458733205374,0.0345489443378119,0.017274472168906,0.053742802303263,0.117082533589251,0.0479846449136276,0.124760076775432,-0.108829174664108,0.0230326295585413,0.0614203454894434,59880.5578000001,0.0575815738963532,0.0403071017274472,10.21669833,0.0575815738963532,14.15116714,0.0595009596928983,8.60125904083252,0.0614203454894434,0.0211132437619962,0.0403071017274472,6.420821623,0.0345489443378119,0.0748560460652591,0.0326295585412668,521,13.15163837,-6.12679999999999,8,-0.702921012,1.12
7ck2.pdb,-6.42,9,309.84,19,574.366,12.21890479,33.1857954545455,0.1,-5.886253981,0.0397727272727273,44.05555556,41785932.71,0.0823863636363636,14.5802533,0.0568181818181818,0.0568181818181818,0.0227272727272727,0.0227272727272727,0.107954545454545,0.0767045454545455,0.0795454545454545,-0.200284090909091,0.03125,0.0539772727272727,39467.7804,0.0426136363636364,0.0596590909090909,10.21669833,0.0653409090909091,18.6749143,0.0482954545454545,5.95413455963135,0.0511363636363636,0.0198863636363636,0.0482954545454545,6.420821623,0.0482954545454545,0.0767045454545455,0.0170454545454545,352,19.75852033,-8.30259999999999,11,-1.772023168,0.861111111
7ck2.pdb,-6.38,9,309.84,19,574.366,12.21890479,33.2518518518519,0.1,-5.886253981,0.0398860398860399,44.05555556,41785932.71,0.0826210826210826,14.5802533,0.0598290598290598,0.056980056980057,0.0227920227920228,0.0227920227920228,0.108262108262108,0.0769230769230769,0.0797720797720798,-0.183190883190883,0.0313390313390313,0.0541310541310541,39311.6411,0.0427350427350427,0.0598290598290598,10.21669833,0.0626780626780627,18.6749143,0.0484330484330484,6.13994121551514,0.0512820512820513,0.0199430199430199,0.0455840455840456,6.420821623,0.0484330484330484,0.0769230769230769,0.0170940170940171,351,19.75852033,-8.30259999999999,11,-1.772023168,0.861111111
6yv8.pdb,-5.64,6,260.54,16,453.282,11.54709042,29.6711271676301,0.22,-5.561978886,0.0375722543352601,43.89285714,1122914.608,0.0722543352601156,20.25735364,0.0202312138728324,0.0549132947976879,0.0057803468208092,0.0115606936416185,0.0895953757225434,0.0404624277456647,0.101156069364162,-0.0719653179190755,0.0115606936416185,0.0751445086705202,38110.4457000001,0.069364161849711,0.0520231213872832,20.85027554,0.0520231213872832,24.78474434,0.0202312138728324,8.87350902557373,0.0664739884393064,0.0317919075144509,0.0202312138728324,0.0,0.0404624277456647,0.184971098265896,0.0317919075144509,346,13.27557315,-7.70549999999999,10,-0.628557901,1.142857143
6yv8.pdb,-5.63,6,260.54,16,453.282,11.54709042,29.7281449275362,0.22,-5.561978886,0.0376811594202899,43.89285714,1122914.608,0.072463768115942,20.25735364,0.0202898550724638,0.0550724637681159,0.0057971014492753,0.0115942028985507,0.0898550724637681,0.0405797101449275,0.101449275362319,-0.0776811594202903,0.008695652173913,0.0753623188405797,37979.2497000001,0.0695652173913043,0.0521739130434783,20.85027554,0.0521739130434783,24.78474434,0.0202898550724638,8.87815074920654,0.0666666666666667,0.0318840579710145,0.0202898550724638,0.0,0.0405797101449275,0.185507246376812,0.0318840579710145,345,13.27557315,-7.70549999999999,10,-0.628557901,1.142857143
6xfi.pdb,-6.56,6,230.69,14,412.225,11.41150846,36.9841682974559,0.3,-5.557601927,0.0371819960861057,39.56,181258.6831,0.0802348336594912,14.52368616,0.0371819960861057,0.0352250489236791,0.0176125244618395,0.0489236790606654,0.117416829745597,0.0489236790606654,0.123287671232877,-0.0806262230919765,0.0273972602739726,0.0587084148727984,58963.5789000001,0.0645792563600783,0.0352250489236791,10.21669833,0.0587084148727984,14.15116714,0.0606653620352251,8.06404399871826,0.0626223091976517,0.0195694716242661,0.0469667318982387,6.420821623,0.0391389432485323,0.0645792563600783,0.0332681017612524,511,13.15163837,-6.12679999999999,8,-0.702921012,1.12
6wmm.pdb,-6.44,6,230.69,14,412.225,11.41150846,42.1553797468355,0.3,-5.557601927,0.0537974683544304,39.56,181258.6831,0.060126582278481,14.52368616,0.060126582278481,0.0727848101265823,0.0189873417721519,0.0411392405063291,0.123417721518987,0.0506329113924051,0.123417721518987,-0.487974683544305,0.0,0.0537974683544304,36808.3373,0.0411392405063291,0.069620253164557,10.21669833,0.0474683544303798,14.15116714,0.0537974683544304,7.35811443328857,0.0506329113924051,0.0158227848101266,0.060126582278481,6.420821623,0.0474683544303798,0.0348101265822785,0.0443037974683544,316,13.15163837,-6.12679999999999,8,-0.702921012,1.12
6wmm.pdb,-6.45,6,230.69,14,412.225,11.41150846,42.5198757763975,0.3,-5.557601927,0.0527950310559006,39.56,181258.6831,0.0590062111801242,14.52368616,0.062111801242236,0.0714285714285714,0.0217391304347826,0.0403726708074534,0.12111801242236,0.0496894409937888,0.124223602484472,-0.505900621118013,0.0,0.0559006211180124,37454.0629,0.0434782608695652,0.0714285714285714,10.21669833,0.0496894409937888,14.15116714,0.0527950310559006,7.20629749298096,0.0496894409937888,0.015527950310559,0.0590062111801242,6.420821623,0.0434782608695652,0.0341614906832298,0.0434782608695652,322,13.15163837,-6.12679999999999,8,-0.702921012,1.12
6qvt.pdb,-8.24,12,335.83,20,625.542,12.91409777,41.0183208955224,-0.37,-5.7466609,0.0522388059701493,41.87804878,413705821.0,0.0522388059701493,24.25488771,0.0671641791044776,0.0634328358208955,0.0223880597014925,0.0447761194029851,0.123134328358209,0.0522388059701493,0.0932835820895522,-0.415671641791045,0.0223880597014925,0.0634328358208955,31008.9805,0.0559701492537313,0.0634328358208955,15.53348694,0.0559701492537313,10.63357721,0.0485074626865672,5.99687747955322,0.041044776119403,0.0223880597014925,0.0522388059701493,19.76538045,0.0634328358208955,0.0373134328358209,0.0261194029850746,268,19.75852033,-8.74780000000001,14,-0.473786866,1.170731707
6qvt.pdb,-8.22,12,335.83,20,625.542,12.91409777,42.5136226415094,-0.37,-5.7466609,0.0528301886792453,41.87804878,413705821.0,0.0528301886792453,24.25488771,0.0679245283018868,0.0641509433962264,0.0226415094339623,0.0452830188679245,0.120754716981132,0.0490566037735849,0.0943396226415094,-0.43433962264151,0.0226415094339623,0.0641509433962264,30664.5294,0.060377358490566,0.060377358490566,15.53348694,0.0566037735849057,10.63357721,0.0452830188679245,5.81379909515381,0.0415094339622642,0.0226415094339623,0.0528301886792453,19.76538045,0.060377358490566,0.0377358490566038,0.0264150943396226,265,19.75852033,-8.74780000000001,14,-0.473786866,1.170731707
6ija.pdb,-8.56,8,281.91,18,556.351,12.28287934,38.6771325301205,0.14,-5.763908341,0.0144578313253012,47.97142857,40310597.91,0.0795180722891566,18.73433602,0.0891566265060241,0.0530120481927711,0.0072289156626506,0.0265060240963855,0.0795180722891566,0.0530120481927711,0.118072289156626,-0.0337349397590361,0.0240963855421687,0.0674698795180723,46071.4897000001,0.0481927710843374,0.0481927710843374,10.21669833,0.0626506024096386,14.15116714,0.0457831325301205,6.10663356781006,0.0506024096385542,0.0192771084337349,0.0240963855421687,13.34455882,0.0506024096385542,0.0819277108433735,0.036144578313253,415,13.15163837,-6.90939999999999,9,0.585316126,1.0
6ija.pdb,-8.52,8,281.91,18,556.351,12.28287934,38.816004842615,0.14,-5.763908341,0.0145278450363196,47.97142857,40310597.91,0.0799031476997579,18.73433602,0.0895883777239709,0.0532687651331719,0.0072639225181598,0.026634382566586,0.0799031476997579,0.0532687651331719,0.11864406779661,-0.0227602905569007,0.0242130750605327,0.0677966101694915,45842.2135000001,0.0460048426150121,0.0460048426150121,10.21669833,0.062953995157385,14.15116714,0.0460048426150121,6.01364498138428,0.0508474576271187,0.0193704600484262,0.0242130750605327,13.34455882,0.0508474576271187,0.0823244552058111,0.036319612590799,413,13.15163837,-6.90939999999999,9,0.585316126,1.0
6eji.pdb,-8.56,11,321.87,20,617.435,12.52019331,27.707893258427,0.06,-5.898921529,0.0337078651685393,42.43589744,154682644.9,0.0758426966292135,13.99747307,0.0674157303370787,0.050561797752809,0.0252808988764045,0.0112359550561798,0.106741573033708,0.0393258426966292,0.129213483146067,-0.098876404494382,0.0,0.0196629213483146,40842.8983,0.0280898876404494,0.106741573033708,15.53348694,0.0870786516853933,19.46795574,0.0674157303370787,8.41707286834717,0.0421348314606742,0.0056179775280898,0.0589887640449438,13.34455882,0.0674157303370787,0.0617977528089888,0.0224719101123595,356,19.75852033,-8.367,12,-0.542919531,1.0
6eji.pdb,-8.39,11,321.87,20,617.435,12.52019331,27.707893258427,0.06,-5.898921529,0.0337078651685393,42.43589744,154682644.9,0.0758426966292135,13.99747307,0.0674157303370787,0.050561797752809,0.0252808988764045,0.0112359550561798,0.106741573033708,0.0393258426966292,0.129213483146067,-0.098876404494382,0.0,0.0196629213483146,40842.8983,0.0280898876404494,0.106741573033708,15.53348694,0.0870786516853933,19.46795574,0.0674157303370787,8.41707286834717,0.0421348314606742,0.0056179775280898,0.0589887640449438,13.34455882,0.0674157303370787,0.0617977528089888,0.0224719101123595,356,19.75852033,-8.367,12,-0.542919531,1.0
6bsw.pdb,-7.09,6,230.69,14,412.225,11.41150846,36.3718397626113,0.3,-5.557601927,0.0445103857566766,39.56,181258.6831,0.0445103857566766,14.52368616,0.0415430267062315,0.0712166172106825,0.0148367952522255,0.0267062314540059,0.13353115727003,0.0741839762611276,0.106824925816024,-0.536498516320475,0.0356083086053412,0.0682492581602374,39416.7598,0.0267062314540059,0.0712166172106825,10.21669833,0.0623145400593472,14.15116714,0.0504451038575668,6.92954845428467,0.0593471810089021,0.0385756676557863,0.0445103857566766,6.420821623,0.0385756676557863,0.0504451038575668,0.029673590504451,337,13.15163837,-6.12679999999999,8,-0.702921012,1.12
6bsw.pdb,-7.33,6,230.69,14,412.225,11.41150846,36.3718397626113,0.3,-5.557601927,0.0445103857566766,39.56,181258.6831,0.0445103857566766,14.52368616,0.0415430267062315,0.0712166172106825,0.0148367952522255,0.0267062314540059,0.13353115727003,0.0741839762611276,0.106824925816024,-0.536498516320475,0.0356083086053412,0.0682492581602374,39416.7598,0.0267062314540059,0.0712166172106825,10.21669833,0.0623145400593472,14.15116714,0.0504451038575668,6.92954845428467,0.0593471810089021,0.0385756676557863,0.0445103857566766,6.420821623,0.0385756676557863,0.0504451038575668,0.029673590504451,337,13.15163837,-6.12679999999999,8,-0.702921012,1.12
5wfg.pdb,-6.27,6,230.69,14,412.225,11.41150846,29.4,0.3,-5.557601927,0.0268817204301075,39.56,181258.6831,0.0967741935483871,14.52368616,0.0268817204301075,0.0483870967741936,0.0053763440860215,0.032258064516129,0.0806451612903226,0.0860215053763441,0.0860215053763441,-0.0612903225806451,0.0,0.0376344086021505,20489.3591,0.0268817204301075,0.0967741935483871,10.21669833,0.0860215053763441,14.15116714,0.0483870967741936,5.9912504196167,0.0268817204301075,0.0053763440860215,0.0645161290322581,6.420821623,0.0967741935483871,0.0860215053763441,0.0161290322580645,186,13.15163837,-6.12679999999999,8,-0.702921012,1.12
5wfg.pdb,-6.2,6,230.69,14,412.225,11.41150846,29.296256684492,0.3,-5.557601927,0.0267379679144385,39.56,181258.6831,0.0962566844919786,14.52368616,0.0267379679144385,0.0481283422459893,0.0053475935828877,0.0320855614973262,0.0802139037433155,0.0802139037433155,0.0855614973262032,-0.0983957219251336,0.0,0.0374331550802139,20689.5941,0.0267379679144385,0.101604278074866,10.21669833,0.0909090909090909,14.15116714,0.0481283422459893,6.00386867523193,0.0267379679144385,0.0053475935828877,0.0641711229946524,6.420821623,0.0962566844919786,0.0855614973262032,0.0160427807486631,187,13.15163837,-6.12679999999999,8,-0.702921012,1.12
5wfg.pdb,-6.15,6,230.69,14,412.225,11.41150846,29.8564516129032,0.3,-5.557601927,0.0268817204301075,39.56,181258.6831,0.0967741935483871,14.52368616,0.0268817204301075,0.0483870967741936,0.0053763440860215,0.032258064516129,0.0806451612903226,0.0860215053763441,0.0860215053763441,-0.0612903225806451,0.0,0.0376344086021505,20489.3591,0.0268817204301075,0.0967741935483871,10.21669833,0.0860215053763441,14.15116714,0.0483870967741936,5.9912504196167,0.0268817204301075,0.0053763440860215,0.0645161290322581,6.420821623,0.0967741935483871,0.0860215053763441,0.0161290322580645,186,13.15163837,-6.12679999999999,8,-0.702921012,1.12
5wfg.pdb,-6.21,6,230.69,14,412.225,11.41150846,29.4,0.3,-5.557601927,0.0268817204301075,39.56,181258.6831,0.0967741935483871,14.52368616,0.0268817204301075,0.0483870967741936,0.0053763440860215,0.032258064516129,0.0806451612903226,0.0860215053763441,0.0860215053763441,-0.0612903225806451,0.0,0.0376344086021505,20489.3591,0.0268817204301075,0.0967741935483871,10.21669833,0.0860215053763441,14.15116714,0.0483870967741936,5.9912504196167,0.0268817204301075,0.0053763440860215,0.0645161290322581,6.420821623,0.0967741935483871,0.0860215053763441,0.0161290322580645,186,13.15163837,-6.12679999999999,8,-0.702921012,1.12
5wfg.pdb,-6.15,6,230.69,14,412.225,11.41150846,29.1936170212766,0.3,-5.557601927,0.0265957446808511,39.56,181258.6831,0.0957446808510638,14.52368616,0.0265957446808511,0.0478723404255319,0.0053191489361702,0.0319148936170213,0.0797872340425532,0.0851063829787234,0.0851063829787234,-0.0999999999999999,0.0,0.0372340425531915,20746.6454,0.0265957446808511,0.101063829787234,10.21669833,0.0904255319148936,14.15116714,0.0478723404255319,6.00386867523193,0.0265957446808511,0.0053191489361702,0.0638297872340425,6.420821623,0.0957446808510638,0.0851063829787234,0.0159574468085106,188,13.15163837,-6.12679999999999,8,-0.702921012,1.12
5wfg.pdb,-6.19,6,230.69,14,412.225,11.41150846,29.9637837837838,0.3,-5.557601927,0.027027027027027,39.56,181258.6831,0.0972972972972973,14.52368616,0.027027027027027,0.0486486486486487,0.0054054054054054,0.0324324324324324,0.0756756756756757,0.0864864864864865,0.0864864864864865,-0.0767567567567567,0.0,0.0378378378378378,20342.1853,0.027027027027027,0.0972972972972973,10.21669833,0.0864864864864865,14.15116714,0.0432432432432432,5.9912504196167,0.027027027027027,0.0054054054054054,0.0648648648648649,6.420821623,0.0972972972972973,0.0864864864864865,0.0162162162162162,185,13.15163837,-6.12679999999999,8,-0.702921012,1.12
5wcn.pdb,-6.81,6,236.48,14,411.241,11.42539735,37.5759162303665,0.3,-5.545767608,0.0654450261780105,39.56,181258.6831,0.0366492146596859,20.25735364,0.0837696335078534,0.031413612565445,0.0157068062827225,0.0261780104712042,0.12565445026178,0.0209424083769633,0.102094240837696,-0.35130890052356,0.0261780104712042,0.031413612565445,45292.6282,0.0340314136125654,0.133507853403141,10.21669833,0.0785340314136126,14.15116714,0.0602094240837696,9.50407428741455,0.0392670157068063,0.0,0.0628272251308901,6.420821623,0.104712041884817,0.031413612565445,0.0157068062827225,382,13.15163837,-6.16039999999999,8,-0.553229654,1.2
5wcn.pdb,-6.72,6,236.48,14,411.241,11.42539735,37.5759162303665,0.3,-5.545767608,0.0654450261780105,39.56,181258.6831,0.0366492146596859,20.25735364,0.0837696335078534,0.031413612565445,0.0157068062827225,0.0261780104712042,0.12565445026178,0.0209424083769633,0.102094240837696,-0.35130890052356,0.0261780104712042,0.031413612565445,45292.6282,0.0340314136125654,0.133507853403141,10.21669833,0.0785340314136126,14.15116714,0.0602094240837696,9.50407428741455,0.0392670157068063,0.0,0.0628272251308901,6.420821623,0.104712041884817,0.031413612565445,0.0157068062827225,382,13.15163837,-6.16039999999999,8,-0.553229654,1.2
5tme.pdb,-6.72,6,230.69,14,412.225,11.41150846,47.6809425287356,0.3,-5.557601927,0.0275862068965517,39.56,181258.6831,0.0827586206896552,14.52368616,0.0620689655172414,0.0574712643678161,0.0229885057471264,0.0275862068965517,0.0781609195402299,0.071264367816092,0.110344827586207,-0.197471264367816,0.0206896551724138,0.0758620689655172,47915.3281,0.0482758620689655,0.0413793103448276,10.21669833,0.0689655172413793,14.15116714,0.0344827586206897,5.92355518341064,0.0735632183908046,0.0160919540229885,0.0206896551724138,6.420821623,0.0229885057471264,0.0988505747126437,0.0160919540229885,435,13.15163837,-6.12679999999999,8,-0.702921012,1.12
5l0t.pdb,-7.04,6,230.69,14,412.225,11.41150846,40.5053651685393,0.3,-5.557601927,0.050561797752809,39.56,181258.6831,0.0674157303370787,14.52368616,0.0674157303370787,0.0561797752808989,0.0224719101123595,0.0365168539325843,0.140449438202247,0.047752808988764,0.0786516853932584,-0.479775280898876,0.0252808988764045,0.0589887640449438,41961.6183000001,0.0365168539325843,0.0702247191011236,10.21669833,0.0617977528089888,14.15116714,0.0561797752808989,8.73393497467041,0.0646067415730337,0.0337078651685393,0.0421348314606742,6.420821623,0.050561797752809,0.0449438202247191,0.0280898876404494,356,13.15163837,-6.12679999999999,8,-0.702921012,1.12
5kxh.pdb,-6.63,6,260.54,16,453.282,11.54709042,40.0802857142857,0.22,-5.561978886,0.04,43.89285714,1122914.608,0.0685714285714286,20.25735364,0.0771428571428571,0.04,0.0228571428571429,0.0485714285714286,0.125714285714286,0.0485714285714286,0.0914285714285714,-0.247142857142857,0.0285714285714286,0.0685714285714286,40004.4906000001,0.0371428571428571,0.0542857142857143,20.85027554,0.0571428571428571,24.78474434,0.0628571428571429,8.4204252243042,0.0514285714285714,0.0228571428571429,0.0257142857142857,0.0,0.0314285714285714,0.0828571428571429,0.04,350,13.27557315,-7.70549999999999,10,-0.628557901,1.142857143
5kwk.pdb,-5.83,6,260.54,16,453.282,11.54709042,38.8482045454546,0.22,-5.561978886,0.0545454545454545,43.89285714,1122914.608,0.0613636363636364,20.25735364,0.075,0.0659090909090909,0.025,0.0363636363636364,0.120454545454545,0.0727272727272727,0.122727272727273,-0.282954545454546,0.025,0.0590909090909091,50147.8079000001,0.0522727272727273,0.0636363636363636,20.85027554,0.0477272727272727,24.78474434,0.0454545454545455,6.18006954193115,0.0340909090909091,0.0204545454545455,0.0295454545454545,0.0,0.0340909090909091,0.0363636363636364,0.0386363636363636,440,13.27557315,-7.70549999999999,10,-0.628557901,1.142857143
5kwk.pdb,-5.86,6,260.54,16,453.282,11.54709042,39.683829321663,0.22,-5.561978886,0.0547045951859956,43.89285714,1122914.608,0.0612691466083151,20.25735364,0.0700218818380744,0.0700218818380744,0.0240700218818381,0.0393873085339168,0.118161925601751,0.0765864332603939,0.118161925601751,-0.337855579868709,0.0240700218818381,0.0568927789934355,52077.798,0.0547045951859956,0.0656455142231947,20.85027554,0.0525164113785558,24.78474434,0.0437636761487965,5.90468463897705,0.0328227571115974,0.0196936542669584,0.0262582056892779,0.0,0.0350109409190372,0.0350109409190372,0.0393873085339168,457,13.27557315,-7.70549999999999,10,-0.628557901,1.142857143
5h18.pdb,-8.32,9,309.84,19,574.366,12.21890479,32.2156488549618,0.1,-5.886253981,0.0458015267175573,44.05555556,41785932.71,0.0572519083969466,14.5802533,0.049618320610687,0.0687022900763359,0.0152671755725191,0.0419847328244275,0.137404580152672,0.0419847328244275,0.110687022900763,-0.465648854961832,0.0,0.049618320610687,30880.7952,0.0381679389312977,0.0648854961832061,10.21669833,0.0648854961832061,18.6749143,0.0534351145038168,7.85058917999268,0.0725190839694657,0.0381679389312977,0.0343511450381679,6.420821623,0.049618320610687,0.0725190839694657,0.0305343511450382,262,19.75852033,-8.30259999999999,11,-1.772023168,0.861111111
5gvv.pdb,-6.8,6,230.69,14,412.225,11.41150846,30.2659685863874,0.3,-5.557601927,0.0602094240837696,39.56,181258.6831,0.0549738219895288,14.52368616,0.0706806282722513,0.0654450261780105,0.0157068062827225,0.0471204188481675,0.136125654450262,0.0418848167539267,0.117801047120419,-0.227748691099476,0.0,0.0366492146596859,44348.7414,0.0366492146596859,0.0602094240837696,10.21669833,0.0706806282722513,14.15116714,0.0549738219895288,5.03658275604248,0.0340314136125654,0.0209424083769633,0.0549738219895288,6.420821623,0.0785340314136126,0.0549738219895288,0.0235602094240838,382,13.15163837,-6.12679999999999,8,-0.702921012,1.12
5gvv.pdb,-6.71,6,230.69,14,412.225,11.41150846,30.0445333333333,0.3,-5.557601927,0.0613333333333333,39.56,181258.6831,0.056,14.52368616,0.0666666666666667,0.0666666666666667,0.016,0.048,0.138666666666667,0.0426666666666667,0.12,-0.210666666666667,0.0,0.0373333333333333,43579.9694,0.0346666666666667,0.0613333333333333,10.21669833,0.0693333333333333,14.15116714,0.056,5.03027362823486,0.0346666666666667,0.0213333333333333,0.0533333333333333,6.420821623,0.0773333333333333,0.056,0.0213333333333333,375,13.15163837,-6.12679999999999,8,-0.702921012,1.12
5f85.pdb,-6.94,6,230.69,14,412.225,11.41150846,40.0512602739726,0.3,-5.557601927,0.0575342465753425,39.56,181258.6831,0.0356164383561644,14.52368616,0.063013698630137,0.0657534246575342,0.0219178082191781,0.0438356164383562,0.13972602739726,0.0493150684931507,0.0876712328767123,-0.642191780821918,0.0164383561643836,0.0547945205479452,42884.4152,0.0301369863013699,0.0821917808219178,10.21669833,0.0602739726027397,14.15116714,0.0547945205479452,9.02578334808349,0.0712328767123288,0.0273972602739726,0.0301369863013699,6.420821623,0.0465753424657534,0.073972602739726,0.0273972602739726,365,13.15163837,-6.12679999999999,8,-0.702921012,1.12
5bo7.pdb,-7.5,8,289.0,17,492.228,11.741368,39.9565517241379,0.61,-5.978059274,0.0448275862068966,36.93103448,889963.4886,0.0482758620689655,25.15076524,0.0655172413793104,0.0413793103448276,0.0172413793103448,0.0448275862068966,0.137931034482759,0.0517241379310345,0.103448275862069,-0.35344827586207,0.0172413793103448,0.0379310344827586,33831.3641,0.0689655172413793,0.0689655172413793,10.21669833,0.0379310344827586,18.4617985,0.0758620689655172,9.38500118255615,0.0482758620689655,0.0172413793103448,0.0655172413793104,6.420821623,0.0551724137931034,0.0413793103448276,0.0482758620689655,290,13.15163837,-7.38129999999999,9,-0.753451324,1.034482759
5bo7.pdb,-7.61,8,289.0,17,492.228,11.741368,41.3602150537635,0.61,-5.978059274,0.046594982078853,36.93103448,889963.4886,0.0501792114695341,25.15076524,0.0681003584229391,0.0430107526881721,0.017921146953405,0.046594982078853,0.139784946236559,0.0501792114695341,0.10752688172043,-0.288530465949821,0.017921146953405,0.039426523297491,32544.8848,0.0609318996415771,0.0573476702508961,10.21669833,0.03584229390681,18.4617985,0.0752688172043011,9.1961088180542,0.0501792114695341,0.017921146953405,0.0681003584229391,6.420821623,0.0573476702508961,0.0430107526881721,0.046594982078853,279,13.15163837,-7.38129999999999,9,-0.753451324,1.034482759
5bo6.pdb,-7.45,6,236.48,14,411.241,11.42539735,40.5154639175258,0.3,-5.545767608,0.0446735395189003,39.56,181258.6831,0.0481099656357388,20.25735364,0.0652920962199313,0.0412371134020619,0.0171821305841924,0.0481099656357388,0.140893470790378,0.0515463917525773,0.103092783505155,-0.353951890034365,0.0171821305841924,0.0378006872852234,34017.5309,0.0687285223367698,0.0652920962199313,10.21669833,0.0378006872852234,14.15116714,0.0756013745704467,9.32607707977295,0.0481099656357388,0.0206185567010309,0.0652920962199313,6.420821623,0.0549828178694158,0.0412371134020619,0.0481099656357388,291,13.15163837,-6.16039999999999,8,-0.553229654,1.2
5bo6.pdb,-7.11,6,236.48,14,411.241,11.42539735,41.586642599278,0.3,-5.545767608,0.0469314079422383,39.56,181258.6831,0.0505415162454874,20.25735364,0.0649819494584837,0.0433212996389892,0.0180505415162455,0.0469314079422383,0.140794223826715,0.0505415162454874,0.108303249097473,-0.273646209386282,0.0180505415162455,0.0397111913357401,32329.6352,0.0613718411552347,0.0541516245487365,10.21669833,0.036101083032491,14.15116714,0.075812274368231,9.11055927276611,0.0505415162454874,0.0180505415162455,0.0685920577617329,6.420821623,0.0577617328519856,0.0433212996389892,0.0469314079422383,277,13.15163837,-6.16039999999999,8,-0.553229654,1.2
4mix.pdb,-7.7,11,321.87,20,617.435,12.52019331,33.2161172161172,0.06,-5.898921529,0.0586080586080586,42.43589744,154682644.9,0.043956043956044,13.99747307,0.0695970695970696,0.0549450549450549,0.0,0.0549450549450549,0.102564102564103,0.0586080586080586,0.0805860805860806,-0.495604395604396,0.0,0.0476190476190476,30933.8551,0.0402930402930403,0.106227106227106,15.53348694,0.0586080586080586,19.46795574,0.0366300366300366,9.18772792816162,0.032967032967033,0.0073260073260073,0.0695970695970696,13.34455882,0.106227106227106,0.0659340659340659,0.0073260073260073,273,19.75852033,-8.367,12,-0.542919531,1.0
4mix.pdb,-7.73,11,321.87,20,617.435,12.52019331,35.4361313868613,0.06,-5.898921529,0.0583941605839416,42.43589744,154682644.9,0.0437956204379562,13.99747307,0.0693430656934307,0.0547445255474453,0.0,0.0547445255474453,0.102189781021898,0.0583941605839416,0.0766423357664234,-0.487591240875913,0.0,0.0510948905109489,30945.8659,0.0401459854014599,0.105839416058394,15.53348694,0.0583941605839416,19.46795574,0.0364963503649635,9.18772792816162,0.0328467153284672,0.0072992700729927,0.0656934306569343,13.34455882,0.105839416058394,0.072992700729927,0.0072992700729927,274,19.75852033,-8.367,12,-0.542919531,1.0
4amb.pdb,-6.85,6,210.46,13,396.226,11.3924821,45.3505405405405,0.34,-5.494705408,0.0162162162162162,37.58333333,122927.3561,0.0810810810810811,14.52368616,0.0513513513513514,0.0486486486486487,0.0135135135135135,0.0162162162162162,0.0486486486486487,0.110810810810811,0.12972972972973,0.186216216216216,0.0189189189189189,0.0837837837837838,38490.7419,0.0540540540540541,0.0108108108108108,10.21669833,0.0594594594594595,14.15116714,0.0216216216216216,5.2335298538208,0.0675675675675676,0.0108108108108108,0.0108108108108108,12.84164325,0.0324324324324324,0.140540540540541,0.0216216216216216,370,13.15163837,-5.09759999999999,7,-0.363754346,1.208333333
3zy2.pdb,-6.02,6,260.54,16,453.282,11.54709042,42.0362573099415,0.22,-5.561978886,0.0233918128654971,43.89285714,1122914.608,0.0701754385964912,20.25735364,0.0614035087719298,0.0526315789473684,0.0233918128654971,0.0409356725146199,0.119883040935673,0.064327485380117,0.0584795321637427,-0.293859649122807,0.0204678362573099,0.0730994152046784,38748.8972000001,0.0497076023391813,0.0701754385964912,20.85027554,0.0701754385964912,24.78474434,0.0760233918128655,6.40242366790771,0.043859649122807,0.0204678362573099,0.0263157894736842,0.0,0.0584795321637427,0.0672514619883041,0.0292397660818713,342,13.27557315,-7.70549999999999,10,-0.628557901,1.142857143
3kia.pdb,-5.69,4,208.02,13,372.295,10.79521542,44.4128115015974,-0.09,-4.995021135,0.0383386581469649,47.79166667,229769.226,0.0926517571884984,20.25735364,0.0415335463258786,0.0638977635782748,0.0031948881789137,0.0415335463258786,0.0830670926517572,0.0894568690095847,0.115015974440895,-0.229073482428115,0.0159744408945687,0.0543130990415335,34779.9869,0.0319488817891374,0.0223642172523962,20.85027554,0.0862619808306709,20.47411297,0.0383386581469649,5.09302387237549,0.0894568690095847,0.0063897763578274,0.0191693290734824,0.0,0.0319488817891374,0.0990415335463259,0.0191693290734824,313,13.27557315,-6.48459999999999,9,-0.333337388,1.25
3kia.pdb,-5.69,4,208.02,13,372.295,10.79521542,41.4727597402597,-0.09,-4.995021135,0.038961038961039,47.79166667,229769.226,0.0941558441558442,20.25735364,0.0454545454545455,0.0649350649350649,0.0032467532467532,0.038961038961039,0.0844155844155844,0.0909090909090909,0.116883116883117,-0.153896103896104,0.0162337662337662,0.051948051948052,34032.2307,0.0324675324675325,0.0227272727272727,20.85027554,0.0779220779220779,20.47411297,0.038961038961039,5.13690357208252,0.0876623376623377,0.0064935064935064,0.0194805194805195,0.0,0.0324675324675325,0.103896103896104,0.0162337662337662,308,13.27557315,-6.48459999999999,9,-0.333337388,1.25
3jsz.pdb,-8.39,9,309.84,19,574.366,12.21890479,43.5126377952756,0.1,-5.886253981,0.0334645669291339,44.05555556,41785932.71,0.0492125984251969,14.5802533,0.0688976377952756,0.0570866141732284,0.0098425196850393,0.0354330708661417,0.0944881889763779,0.0590551181102362,0.102362204724409,-0.38011811023622,0.0,0.0551181102362205,57196.0662000001,0.0492125984251969,0.0708661417322835,10.21669833,0.0728346456692913,18.6749143,0.0511811023622047,6.08548946380615,0.0433070866141732,0.0098425196850393,0.0570866141732284,6.420821623,0.0748031496062992,0.0688976377952756,0.031496062992126,508,19.75852033,-8.30259999999999,11,-1.772023168,0.861111111
2yk6.pdb,-6.25,6,236.48,14,411.241,11.42539735,38.1575692307692,0.3,-5.545767608,0.0646153846153846,39.56,181258.6831,0.0492307692307692,20.25735364,0.0584615384615385,0.0553846153846154,0.003076923076923,0.0215384615384615,0.132307692307692,0.0492307692307692,0.0892307692307692,-0.256307692307692,0.0338461538461538,0.0553846153846154,37361.6482,0.0584615384615385,0.0830769230769231,10.21669833,0.0584615384615385,14.15116714,0.0584615384615385,8.64754734039307,0.04,0.0092307692307692,0.0492307692307692,6.420821623,0.0738461538461539,0.0707692307692308,0.0184615384615385,325,13.15163837,-6.16039999999999,8,-0.553229654,1.2
2j0b.pdb,-6.18,6,230.69,14,412.225,11.41150846,46.4584362139918,0.3,-5.557601927,0.0205761316872428,39.56,181258.6831,0.0617283950617284,14.52368616,0.0617283950617284,0.065843621399177,0.0329218106995885,0.0493827160493827,0.111111111111111,0.0617283950617284,0.152263374485597,0.0292181069958848,0.0082304526748971,0.065843621399177,27518.4632,0.0534979423868313,0.037037037037037,10.21669833,0.0411522633744856,14.15116714,0.065843621399177,6.05945720672607,0.0534979423868313,0.0246913580246914,0.0164609053497942,6.420821623,0.037037037037037,0.0576131687242798,0.0329218106995885,243,13.15163837,-6.12679999999999,8,-0.702921012,1.12
2iv7.pdb,-7.18,6,230.69,14,412.225,11.41150846,39.3326923076923,0.3,-5.557601927,0.0521978021978022,39.56,181258.6831,0.0659340659340659,14.52368616,0.0467032967032967,0.0467032967032967,0.0137362637362637,0.0576923076923077,0.10989010989011,0.0631868131868132,0.0934065934065934,-0.386813186813186,0.0,0.0467032967032967,41079.9443000001,0.043956043956044,0.0549450549450549,10.21669833,0.0686813186813187,14.15116714,0.0494505494505494,7.79965915679932,0.0631868131868132,0.0082417582417582,0.0357142857142857,6.420821623,0.043956043956044,0.10989010989011,0.0357142857142857,364,13.15163837,-6.12679999999999,8,-0.702921012,1.12
2h1h.pdb,-7.94,10,319.46,20,631.441,14.37874057,33.1180434782609,-0.01,-6.035104112,0.0248447204968944,44.9,443836628.4,0.0745341614906832,20.31392078,0.0403726708074534,0.0434782608695652,0.0031055900621118,0.0434782608695652,0.0838509316770186,0.0683229813664596,0.0900621118012422,-0.263354037267081,0.015527950310559,0.0496894409937888,35834.5938,0.0496894409937888,0.062111801242236,20.85027554,0.0683229813664596,29.30849151,0.0341614906832298,8.99290447235108,0.062111801242236,0.0248447204968944,0.0248447204968944,0.0,0.0496894409937888,0.130434782608696,0.0403726708074534,322,26.55114631,-8.86160000000001,12,-1.352519138,1.025
2h1h.pdb,-7.85,10,319.46,20,631.441,14.37874057,33.5095555555556,-0.01,-6.035104112,0.0253968253968254,44.9,443836628.4,0.0761904761904762,20.31392078,0.0412698412698413,0.0444444444444444,0.0031746031746031,0.0444444444444444,0.0857142857142857,0.0603174603174603,0.0888888888888889,-0.268253968253969,0.0158730158730159,0.0507936507936508,35179.8384,0.0507936507936508,0.0603174603174603,20.85027554,0.0666666666666667,29.30849151,0.0349206349206349,9.00831241607666,0.0634920634920635,0.0253968253968254,0.0253968253968254,0.0,0.0476190476190476,0.133333333333333,0.0412698412698413,315,26.55114631,-8.86160000000001,12,-1.352519138,1.025
2fyc.pdb,-8.38,6,230.69,14,412.225,11.41150846,37.7161764705882,0.3,-5.557601927,0.0588235294117647,39.56,181258.6831,0.0625,14.52368616,0.0588235294117647,0.0588235294117647,0.0147058823529412,0.0477941176470588,0.121323529411765,0.0625,0.0919117647058824,-0.384926470588235,0.0294117647058823,0.0661764705882353,31479.7396,0.0367647058823529,0.0551470588235294,10.21669833,0.0404411764705882,14.15116714,0.0514705882352941,8.74463672637939,0.0588235294117647,0.0110294117647059,0.0625,6.420821623,0.0661764705882353,0.0367647058823529,0.0294117647058823,272,13.15163837,-6.12679999999999,8,-0.702921012,1.12
2fyc.pdb,-8.49,6,230.69,14,412.225,11.41150846,37.7161764705882,0.3,-5.557601927,0.0588235294117647,39.56,181258.6831,0.0625,14.52368616,0.0588235294117647,0.0588235294117647,0.0147058823529412,0.0477941176470588,0.121323529411765,0.0625,0.0919117647058824,-0.384926470588235,0.0294117647058823,0.0661764705882353,31479.7396,0.0367647058823529,0.0551470588235294,10.21669833,0.0404411764705882,14.15116714,0.0514705882352941,8.74463672637939,0.0588235294117647,0.0110294117647059,0.0625,6.420821623,0.0661764705882353,0.0367647058823529,0.0294117647058823,272,13.15163837,-6.12679999999999,8,-0.702921012,1.12
2fyc.pdb,-6.31,6,230.69,14,412.225,11.41150846,37.7161764705882,0.3,-5.557601927,0.0588235294117647,39.56,181258.6831,0.0625,14.52368616,0.0588235294117647,0.0588235294117647,0.0147058823529412,0.0477941176470588,0.121323529411765,0.0625,0.0919117647058824,-0.384926470588235,0.0294117647058823,0.0661764705882353,31479.7396,0.0367647058823529,0.0551470588235294,10.21669833,0.0404411764705882,14.15116714,0.0514705882352941,8.74463672637939,0.0588235294117647,0.0110294117647059,0.0625,6.420821623,0.0661764705882353,0.0367647058823529,0.0294117647058823,272,13.15163837,-6.12679999999999,8,-0.702921012,1.12
2fyc.pdb,-6.32,6,230.69,14,412.225,11.41150846,37.7161764705882,0.3,-5.557601927,0.0588235294117647,39.56,181258.6831,0.0625,14.52368616,0.0588235294117647,0.0588235294117647,0.0147058823529412,0.0477941176470588,0.121323529411765,0.0625,0.0919117647058824,-0.384926470588235,0.0294117647058823,0.0661764705882353,31479.7396,0.0367647058823529,0.0551470588235294,10.21669833,0.0404411764705882,14.15116714,0.0514705882352941,8.74463672637939,0.0588235294117647,0.0110294117647059,0.0625,6.420821623,0.0661764705882353,0.0367647058823529,0.0294117647058823,272,13.15163837,-6.12679999999999,8,-0.702921012,1.12
1y6f.pdb,-8.75,9,309.84,19,574.366,12.21890479,35.0606852791878,0.1,-5.886253981,0.0456852791878173,44.05555556,41785932.71,0.0532994923857868,14.5802533,0.0786802030456853,0.0609137055837564,0.0152284263959391,0.032994923857868,0.119289340101523,0.0482233502538071,0.0761421319796954,-0.507868020304569,0.0279187817258883,0.0355329949238579,45928.7289,0.0532994923857868,0.0786802030456853,10.21669833,0.0761421319796954,18.6749143,0.0558375634517767,6.61301212310791,0.0532994923857868,0.0177664974619289,0.0532994923857868,6.420821623,0.0710659898477157,0.0406091370558376,0.0253807106598985,394,19.75852033,-8.30259999999999,11,-1.772023168,0.861111111
1y6f.pdb,-7.0,6,230.69,14,412.225,11.41150846,35.3992639593909,0.3,-5.557601927,0.0456852791878173,39.56,181258.6831,0.0532994923857868,14.52368616,0.0786802030456853,0.0609137055837564,0.0152284263959391,0.032994923857868,0.119289340101523,0.0482233502538071,0.0761421319796954,-0.501269035532995,0.0304568527918782,0.0355329949238579,45958.821,0.050761421319797,0.0786802030456853,10.21669833,0.0761421319796954,14.15116714,0.0558375634517767,6.57657833099365,0.0532994923857868,0.0177664974619289,0.0532994923857868,6.420821623,0.0710659898477157,0.0406091370558376,0.0253807106598985,394,13.15163837,-6.12679999999999,8,-0.702921012,1.12
1xv5.pdb,-7.4,6,230.69,14,412.225,11.41150846,36.8007769423559,0.3,-5.557601927,0.0451127819548872,39.56,181258.6831,0.0551378446115288,14.52368616,0.0802005012531328,0.0651629072681704,0.0100250626566416,0.0325814536340852,0.120300751879699,0.0451127819548872,0.0776942355889724,-0.503007518796992,0.0275689223057644,0.0350877192982456,46584.3779,0.0526315789473684,0.0776942355889724,10.21669833,0.0776942355889724,14.15116714,0.0576441102756892,6.11066913604736,0.0526315789473684,0.0175438596491228,0.0526315789473684,6.420821623,0.0726817042606516,0.0401002506265664,0.025062656641604,399,13.15163837,-6.12679999999999,8,-0.702921012,1.12
1o0r.pdb,-8.55,6,230.69,14,412.225,11.41150846,35.4863468634686,0.3,-5.557601927,0.0590405904059041,39.56,181258.6831,0.0627306273062731,14.52368616,0.0590405904059041,0.0590405904059041,0.014760147601476,0.047970479704797,0.121771217712177,0.0627306273062731,0.0885608856088561,-0.381549815498155,0.033210332103321,0.0664206642066421,31360.6387,0.03690036900369,0.0553505535055351,10.21669833,0.040590405904059,14.15116714,0.0516605166051661,8.73696498870849,0.0590405904059041,0.011070110701107,0.0627306273062731,6.420821623,0.0664206642066421,0.03690036900369,0.025830258302583,271,13.15163837,-6.12679999999999,8,-0.702921012,1.12
1o0r.pdb,-8.42,6,230.69,14,412.225,11.41150846,35.2996336996337,0.3,-5.557601927,0.0586080586080586,39.56,181258.6831,0.0622710622710623,14.52368616,0.0622710622710623,0.0586080586080586,0.0146520146520147,0.0476190476190476,0.120879120879121,0.0622710622710623,0.0915750915750916,-0.367765567765568,0.032967032967033,0.0659340659340659,31560.8736,0.0366300366300366,0.0549450549450549,10.21669833,0.0402930402930403,14.15116714,0.0512820512820513,8.7375452041626,0.0586080586080586,0.010989010989011,0.0622710622710623,6.420821623,0.0659340659340659,0.0366300366300366,0.0256410256410256,273,13.15163837,-6.12679999999999,8,-0.702921012,1.12
1kws.pdb,-8.53,9,330.07,20,590.365,12.23260119,39.772,0.06,-5.989900995,0.016,43.35135135,58697135.65,0.108,9.473725908,0.048,0.052,0.004,0.044,0.076,0.088,0.124,-0.2616,0.016,0.088,27732.3795,0.06,0.032,10.21669833,0.064,18.6749143,0.032,6.39003276824951,0.076,0.028,0.016,6.420821623,0.008,0.068,0.028,250,13.15163837,-8.9842,12,-0.944939243,0.891891892
1kws.pdb,-8.38,9,330.07,20,590.365,12.23260119,39.1395918367347,0.06,-5.989900995,0.0163265306122449,43.35135135,58697135.65,0.106122448979592,9.473725908,0.0448979591836735,0.0530612244897959,0.0040816326530612,0.0448979591836735,0.073469387755102,0.0897959183673469,0.126530612244898,-0.252244897959184,0.0163265306122449,0.0857142857142857,27106.6604,0.0612244897959184,0.0326530612244898,10.21669833,0.0653061224489796,18.6749143,0.0326530612244898,6.17273731231689,0.073469387755102,0.0244897959183673,0.0163265306122449,6.420821623,0.0081632653061224,0.0693877551020408,0.0285714285714286,245,13.15163837,-8.9842,12,-0.944939243,0.891891892
1fr8.pdb,-6.53,6,230.69,14,412.225,11.41150846,35.4863468634686,0.3,-5.557601927,0.0590405904059041,39.56,181258.6831,0.0627306273062731,14.52368616,0.0590405904059041,0.0590405904059041,0.018450184501845,0.047970479704797,0.121771217712177,0.0627306273062731,0.0885608856088561,-0.369741697416974,0.033210332103321,0.0664206642066421,31362.6777,0.033210332103321,0.0553505535055351,10.21669833,0.040590405904059,14.15116714,0.0516605166051661,8.67765407562256,0.0590405904059041,0.011070110701107,0.0627306273062731,6.420821623,0.0664206642066421,0.03690036900369,0.025830258302583,271,13.15163837,-6.12679999999999,8,-0.702921012,1.12
1fr8.pdb,-6.74,6,230.69,14,412.225,11.41150846,35.4863468634686,0.3,-5.557601927,0.0590405904059041,39.56,181258.6831,0.0627306273062731,14.52368616,0.0590405904059041,0.0590405904059041,0.018450184501845,0.047970479704797,0.121771217712177,0.0627306273062731,0.0885608856088561,-0.369741697416974,0.033210332103321,0.0664206642066421,31362.6777,0.033210332103321,0.0553505535055351,10.21669833,0.040590405904059,14.15116714,0.0516605166051661,8.67765407562256,0.0590405904059041,0.011070110701107,0.0627306273062731,6.420821623,0.0664206642066421,0.03690036900369,0.025830258302583,271,13.15163837,-6.12679999999999,8,-0.702921012,1.12
1foa.pdb,-8.52,11,321.87,20,617.435,12.52019331,40.9865497076023,0.06,-5.898921529,0.043859649122807,42.43589744,154682644.9,0.0730994152046784,13.99747307,0.0467836257309942,0.0701754385964912,0.0146198830409357,0.0584795321637427,0.134502923976608,0.0584795321637427,0.0906432748538012,-0.402923976608188,0.0116959064327485,0.0614035087719298,39671.7405000001,0.0380116959064327,0.0497076023391813,15.53348694,0.0497076023391813,19.46795574,0.0614035087719298,8.48869724273682,0.0789473684210526,0.0292397660818713,0.0204678362573099,13.34455882,0.0380116959064327,0.0789473684210526,0.0263157894736842,342,19.75852033,-8.367,12,-0.542919531,1.0
1fgx.pdb,-6.17,4,178.17,11,331.238,10.65963346,42.2809523809524,-0.01,-4.991659148,0.0654761904761905,43.19047619,36879.82654,0.0654761904761905,14.52368616,0.0595238095238095,0.0535714285714286,0.0238095238095238,0.0535714285714286,0.130952380952381,0.0535714285714286,0.107142857142857,-0.125,0.0297619047619048,0.0714285714285714,19427.281,0.0178571428571429,0.0535714285714286,10.21669833,0.0416666666666667,9.840535766,0.0595238095238095,6.92392139434814,0.0416666666666667,0.0059523809523809,0.0535714285714286,6.420821623,0.0714285714285714,0.0416666666666667,0.0297619047619048,168,13.15163837,-4.90589999999999,7,-0.407700499,1.238095238
